original_folder,event,sensor,file,rows,columns,malformed_rows,missing_values,bad_timestamps,timestamp_format,median_interval_ms,error
S3_closeotherlid_1_extracted,Event_0,JinsAccelerometer,JinsAccelerometer_Event_0.data,100,4,0,0,0,epoch milliseconds (2018-03-07 10:09:01.802000),38.0,
S3_closeotherlid_1_extracted,Event_0,JinsBlinkSpeed,JinsBlinkSpeed_Event_0.data,100,2,0,0,0,epoch milliseconds (2018-03-07 10:09:01.802000),38.0,
S3_closeotherlid_1_extracted,Event_0,JinsBlinkStrength,JinsBlinkStrength_Event_0.data,100,2,0,0,0,epoch milliseconds (2018-03-07 10:09:01.802000),38.0,
S3_closeotherlid_1_extracted,Event_0,JinsEyeMovement,JinsEyeMovement_Event_0.data,100,5,0,0,0,epoch milliseconds (2018-03-07 10:09:01.802000),38.0,
S3_closeotherlid_1_extracted,Event_0,JinsGyroscope,JinsGyroscope_Event_0.data,100,4,0,0,0,epoch milliseconds (2018-03-07 10:09:01.802000),38.0,
S3_closeotherlid_1_extracted,Event_0,PhoneAccelerometer,PhoneAccelerometer_Event_0.data,1003,4,0,0,0,epoch milliseconds (2018-03-07 10:09:01.740000),5.0,
S3_closeotherlid_1_extracted,Event_0,PhoneGravity,PhoneGravity_Event_0.data,1002,4,0,0,0,epoch milliseconds (2018-03-07 10:09:01.741000),5.0,
S3_closeotherlid_1_extracted,Event_0,PhoneGyroscope,PhoneGyroscope_Event_0.data,1005,4,0,0,0,epoch milliseconds (2018-03-07 10:09:01.739000),5.0,
S3_closeotherlid_1_extracted,Event_0,PhoneLinearAccelerometer,PhoneLinearAccelerometer_Event_0.data,1002,4,0,0,0,epoch milliseconds (2018-03-07 10:09:01.742000),5.0,
S3_closeotherlid_1_extracted,Event_0,PhoneMagnetometer,PhoneMagnetometer_Event_0.data,501,4,0,0,0,epoch milliseconds (2018-03-07 10:09:01.738000),10.0,
S3_closeotherlid_1_extracted,Event_0,android.sensor.accelerometer,android.sensor.accelerometer_Event_0.data,510,4,0,0,0,epoch milliseconds (2018-03-07 10:09:01.745000),10.0,
S3_closeotherlid_1_extracted,Event_0,android.sensor.gyroscope,android.sensor.gyroscope_Event_0.data,511,4,0,0,0,epoch milliseconds (2018-03-07 10:09:01.738000),10.0,
S3_closeotherlid_1_extracted,Event_1,JinsAccelerometer,JinsAccelerometer_Event_1.data,102,4,0,0,0,epoch milliseconds (2018-03-07 10:09:17.419000),38.0,
S3_closeotherlid_1_extracted,Event_1,JinsBlinkSpeed,JinsBlinkSpeed_Event_1.data,102,2,0,0,0,epoch milliseconds (2018-03-07 10:09:17.419000),38.0,
S3_closeotherlid_1_extracted,Event_1,JinsBlinkStrength,JinsBlinkStrength_Event_1.data,102,2,0,0,0,epoch milliseconds (2018-03-07 10:09:17.419000),38.0,
S3_closeotherlid_1_extracted,Event_1,JinsEyeMovement,JinsEyeMovement_Event_1.data,102,5,0,0,0,epoch milliseconds (2018-03-07 10:09:17.419000),38.0,
S3_closeotherlid_1_extracted,Event_1,JinsGyroscope,JinsGyroscope_Event_1.data,102,4,0,0,0,epoch milliseconds (2018-03-07 10:09:17.419000),38.0,
S3_closeotherlid_1_extracted,Event_1,PhoneAccelerometer,PhoneAccelerometer_Event_1.data,1004,4,0,0,0,epoch milliseconds (2018-03-07 10:09:17.417000),5.0,
S3_closeotherlid_1_extracted,Event_1,PhoneGravity,PhoneGravity_Event_1.data,1006,4,0,0,0,epoch milliseconds (2018-03-07 10:09:17.418000),5.0,
S3_closeotherlid_1_extracted,Event_1,PhoneGyroscope,PhoneGyroscope_Event_1.data,1003,4,0,0,0,epoch milliseconds (2018-03-07 10:09:17.419000),5.0,
S3_closeotherlid_1_extracted,Event_1,PhoneLinearAccelerometer,PhoneLinearAccelerometer_Event_1.data,1007,4,0,0,0,epoch milliseconds (2018-03-07 10:09:17.415000),5.0,
S3_closeotherlid_1_extracted,Event_1,PhoneMagnetometer,PhoneMagnetometer_Event_1.data,500,4,0,0,0,epoch milliseconds (2018-03-07 10:09:17.423000),10.0,
S3_closeotherlid_1_extracted,Event_1,android.sensor.accelerometer,android.sensor.accelerometer_Event_1.data,501,4,0,0,0,epoch milliseconds (2018-03-07 10:09:17.423000),10.0,
S3_closeotherlid_1_extracted,Event_1,android.sensor.gyroscope,android.sensor.gyroscope_Event_1.data,502,4,0,0,0,epoch milliseconds (2018-03-07 10:09:17.424000),10.0,
S3_closeotherlid_1_extracted,Event_2,JinsAccelerometer,JinsAccelerometer_Event_2.data,99,4,0,0,0,epoch milliseconds (2018-03-07 10:09:30.359000),38.0,
S3_closeotherlid_1_extracted,Event_2,JinsBlinkSpeed,JinsBlinkSpeed_Event_2.data,99,2,0,0,0,epoch milliseconds (2018-03-07 10:09:30.359000),38.0,
S3_closeotherlid_1_extracted,Event_2,JinsBlinkStrength,JinsBlinkStrength_Event_2.data,99,2,0,0,0,epoch milliseconds (2018-03-07 10:09:30.359000),38.0,
S3_closeotherlid_1_extracted,Event_2,JinsEyeMovement,JinsEyeMovement_Event_2.data,99,5,0,0,0,epoch milliseconds (2018-03-07 10:09:30.359000),38.0,
S3_closeotherlid_1_extracted,Event_2,JinsGyroscope,JinsGyroscope_Event_2.data,99,4,0,0,0,epoch milliseconds (2018-03-07 10:09:30.359000),38.0,
S3_closeotherlid_1_extracted,Event_2,PhoneAccelerometer,PhoneAccelerometer_Event_2.data,1004,4,0,0,0,epoch milliseconds (2018-03-07 10:09:30.221000),5.0,
S3_closeotherlid_1_extracted,Event_2,PhoneGravity,PhoneGravity_Event_2.data,1001,4,0,0,0,epoch milliseconds (2018-03-07 10:09:30.222000),5.0,
S3_closeotherlid_1_extracted,Event_2,PhoneGyroscope,PhoneGyroscope_Event_2.data,1003,4,0,0,0,epoch milliseconds (2018-03-07 10:09:30.220000),5.0,
S3_closeotherlid_1_extracted,Event_2,PhoneLinearAccelerometer,PhoneLinearAccelerometer_Event_2.data,1003,4,0,0,0,epoch milliseconds (2018-03-07 10:09:30.218000),5.0,
S3_closeotherlid_1_extracted,Event_2,PhoneMagnetometer,PhoneMagnetometer_Event_2.data,501,4,0,0,0,epoch milliseconds (2018-03-07 10:09:30.221000),10.0,
S3_closeotherlid_1_extracted,Event_2,android.sensor.accelerometer,android.sensor.accelerometer_Event_2.data,497,4,0,0,0,epoch milliseconds (2018-03-07 10:09:30.219000),10.0,
S3_closeotherlid_1_extracted,Event_2,android.sensor.gyroscope,android.sensor.gyroscope_Event_2.data,497,4,0,0,0,epoch milliseconds (2018-03-07 10:09:30.226000),10.0,
S3_closeotherlid_1_extracted,Event_3,JinsAccelerometer,JinsAccelerometer_Event_3.data,100,4,0,0,0,epoch milliseconds (2018-03-07 10:09:51.920000),38.0,
S3_closeotherlid_1_extracted,Event_3,JinsBlinkSpeed,JinsBlinkSpeed_Event_3.data,100,2,0,0,0,epoch milliseconds (2018-03-07 10:09:51.920000),38.0,
S3_closeotherlid_1_extracted,Event_3,JinsBlinkStrength,JinsBlinkStrength_Event_3.data,100,2,0,0,0,epoch milliseconds (2018-03-07 10:09:51.920000),38.0,
S3_closeotherlid_1_extracted,Event_3,JinsEyeMovement,JinsEyeMovement_Event_3.data,100,5,0,0,0,epoch milliseconds (2018-03-07 10:09:51.920000),38.0,
S3_closeotherlid_1_extracted,Event_3,JinsGyroscope,JinsGyroscope_Event_3.data,100,4,0,0,0,epoch milliseconds (2018-03-07 10:09:51.920000),38.0,
S3_closeotherlid_1_extracted,Event_3,PhoneAccelerometer,PhoneAccelerometer_Event_3.data,1004,4,0,0,0,epoch milliseconds (2018-03-07 10:09:51.888000),5.0,
S3_closeotherlid_1_extracted,Event_3,PhoneGravity,PhoneGravity_Event_3.data,1005,4,0,0,0,epoch milliseconds (2018-03-07 10:09:51.890000),5.0,
S3_closeotherlid_1_extracted,Event_3,PhoneGyroscope,PhoneGyroscope_Event_3.data,1003,4,0,0,0,epoch milliseconds (2018-03-07 10:09:51.889000),5.0,
S3_closeotherlid_1_extracted,Event_3,PhoneLinearAccelerometer,PhoneLinearAccelerometer_Event_3.data,1004,4,0,0,0,epoch milliseconds (2018-03-07 10:09:51.892000),5.0,
S3_closeotherlid_1_extracted,Event_3,PhoneMagnetometer,PhoneMagnetometer_Event_3.data,500,4,0,0,0,epoch milliseconds (2018-03-07 10:09:51.896000),10.0,
S3_closeotherlid_1_extracted,Event_3,android.sensor.accelerometer,android.sensor.accelerometer_Event_3.data,486,4,0,0,0,epoch milliseconds (2018-03-07 10:09:51.892000),10.0,
S3_closeotherlid_1_extracted,Event_3,android.sensor.gyroscope,android.sensor.gyroscope_Event_3.data,486,4,0,0,0,epoch milliseconds (2018-03-07 10:09:51.895000),10.0,
S3_closeotherlid_1_extracted,Event_4,JinsAccelerometer,JinsAccelerometer_Event_4.data,100,4,0,0,0,epoch milliseconds (2018-03-07 10:10:05.125000),38.0,
S3_closeotherlid_1_extracted,Event_4,JinsBlinkSpeed,JinsBlinkSpeed_Event_4.data,100,2,0,0,0,epoch milliseconds (2018-03-07 10:10:05.125000),38.0,
S3_closeotherlid_1_extracted,Event_4,JinsBlinkStrength,JinsBlinkStrength_Event_4.data,100,2,0,0,0,epoch milliseconds (2018-03-07 10:10:05.125000),38.0,
S3_closeotherlid_1_extracted,Event_4,JinsEyeMovement,JinsEyeMovement_Event_4.data,100,5,0,0,0,epoch milliseconds (2018-03-07 10:10:05.125000),38.0,
S3_closeotherlid_1_extracted,Event_4,JinsGyroscope,JinsGyroscope_Event_4.data,100,4,0,0,0,epoch milliseconds (2018-03-07 10:10:05.125000),38.0,
S3_closeotherlid_1_extracted,Event_4,PhoneAccelerometer,PhoneAccelerometer_Event_4.data,1004,4,0,0,0,epoch milliseconds (2018-03-07 10:10:05.092000),5.0,
S3_closeotherlid_1_extracted,Event_4,PhoneGravity,PhoneGravity_Event_4.data,1005,4,0,0,0,epoch milliseconds (2018-03-07 10:10:05.090000),5.0,
S3_closeotherlid_1_extracted,Event_4,PhoneGyroscope,PhoneGyroscope_Event_4.data,1004,4,0,0,0,epoch milliseconds (2018-03-07 10:10:05.090000),5.0,
S3_closeotherlid_1_extracted,Event_4,PhoneLinearAccelerometer,PhoneLinearAccelerometer_Event_4.data,1003,4,0,0,0,epoch milliseconds (2018-03-07 10:10:05.091000),5.0,
S3_closeotherlid_1_extracted,Event_4,PhoneMagnetometer,PhoneMagnetometer_Event_4.data,501,4,0,0,0,epoch milliseconds (2018-03-07 10:10:05.096000),10.0,
S3_closeotherlid_1_extracted,Event_4,android.sensor.accelerometer,android.sensor.accelerometer_Event_4.data,493,4,0,0,0,epoch milliseconds (2018-03-07 10:10:05.098000),10.0,
S3_closeotherlid_1_extracted,Event_4,android.sensor.gyroscope,android.sensor.gyroscope_Event_4.data,493,4,0,0,0,epoch milliseconds (2018-03-07 10:10:05.096000),10.0,
S3_closeotherlid_1_extracted,Event_5,JinsAccelerometer,JinsAccelerometer_Event_5.data,101,4,0,0,0,epoch milliseconds (2018-03-07 10:10:20.875000),38.0,
S3_closeotherlid_1_extracted,Event_5,JinsBlinkSpeed,JinsBlinkSpeed_Event_5.data,101,2,0,0,0,epoch milliseconds (2018-03-07 10:10:20.875000),38.0,
S3_closeotherlid_1_extracted,Event_5,JinsBlinkStrength,JinsBlinkStrength_Event_5.data,101,2,0,0,0,epoch milliseconds (2018-03-07 10:10:20.875000),38.0,
S3_closeotherlid_1_extracted,Event_5,JinsEyeMovement,JinsEyeMovement_Event_5.data,101,5,0,0,0,epoch milliseconds (2018-03-07 10:10:20.875000),38.0,
S3_closeotherlid_1_extracted,Event_5,JinsGyroscope,JinsGyroscope_Event_5.data,101,4,0,0,0,epoch milliseconds (2018-03-07 10:10:20.875000),38.0,
S3_closeotherlid_1_extracted,Event_5,PhoneAccelerometer,PhoneAccelerometer_Event_5.data,1015,4,0,0,0,epoch milliseconds (2018-03-07 10:10:20.866000),5.0,
S3_closeotherlid_1_extracted,Event_5,PhoneGravity,PhoneGravity_Event_5.data,1010,4,0,0,0,epoch milliseconds (2018-03-07 10:10:20.874000),5.0,
S3_closeotherlid_1_extracted,Event_5,PhoneGyroscope,PhoneGyroscope_Event_5.data,1009,4,0,0,0,epoch milliseconds (2018-03-07 10:10:20.867000),5.0,
S3_closeotherlid_1_extracted,Event_5,PhoneLinearAccelerometer,PhoneLinearAccelerometer_Event_5.data,1010,4,0,0,0,epoch milliseconds (2018-03-07 10:10:20.874000),5.0,
S3_closeotherlid_1_extracted,Event_5,PhoneMagnetometer,PhoneMagnetometer_Event_5.data,500,4,0,0,0,epoch milliseconds (2018-03-07 10:10:20.867000),10.0,
S3_closeotherlid_1_extracted,Event_5,android.sensor.accelerometer,android.sensor.accelerometer_Event_5.data,490,4,0,0,0,epoch milliseconds (2018-03-07 10:10:20.869000),10.0,
S3_closeotherlid_1_extracted,Event_5,android.sensor.gyroscope,android.sensor.gyroscope_Event_5.data,490,4,0,0,0,epoch milliseconds (2018-03-07 10:10:20.865000),10.0,
S3_closeotherlid_1_extracted,Event_6,JinsAccelerometer,JinsAccelerometer_Event_6.data,102,4,0,0,0,epoch milliseconds (2018-03-07 10:10:32.308000),38.0,
S3_closeotherlid_1_extracted,Event_6,JinsBlinkSpeed,JinsBlinkSpeed_Event_6.data,102,2,0,0,0,epoch milliseconds (2018-03-07 10:10:32.308000),38.0,
S3_closeotherlid_1_extracted,Event_6,JinsBlinkStrength,JinsBlinkStrength_Event_6.data,102,2,0,0,0,epoch milliseconds (2018-03-07 10:10:32.308000),38.0,
S3_closeotherlid_1_extracted,Event_6,JinsEyeMovement,JinsEyeMovement_Event_6.data,102,5,0,0,0,epoch milliseconds (2018-03-07 10:10:32.308000),38.0,
S3_closeotherlid_1_extracted,Event_6,JinsGyroscope,JinsGyroscope_Event_6.data,102,4,0,0,0,epoch milliseconds (2018-03-07 10:10:32.308000),38.0,
S3_closeotherlid_1_extracted,Event_6,PhoneAccelerometer,PhoneAccelerometer_Event_6.data,1003,4,0,0,0,epoch milliseconds (2018-03-07 10:10:32.268000),5.0,
S3_closeotherlid_1_extracted,Event_6,PhoneGravity,PhoneGravity_Event_6.data,1003,4,0,0,0,epoch milliseconds (2018-03-07 10:10:32.266000),5.0,
S3_closeotherlid_1_extracted,Event_6,PhoneGyroscope,PhoneGyroscope_Event_6.data,1004,4,0,0,0,epoch milliseconds (2018-03-07 10:10:32.267000),5.0,
S3_closeotherlid_1_extracted,Event_6,PhoneLinearAccelerometer,PhoneLinearAccelerometer_Event_6.data,1003,4,0,0,0,epoch milliseconds (2018-03-07 10:10:32.268000),5.0,
S3_closeotherlid_1_extracted,Event_6,PhoneMagnetometer,PhoneMagnetometer_Event_6.data,503,4,0,0,0,epoch milliseconds (2018-03-07 10:10:32.269000),10.0,
S3_closeotherlid_1_extracted,Event_6,android.sensor.accelerometer,android.sensor.accelerometer_Event_6.data,505,4,0,0,0,epoch milliseconds (2018-03-07 10:10:32.272000),10.0,
S3_closeotherlid_1_extracted,Event_6,android.sensor.gyroscope,android.sensor.gyroscope_Event_6.data,506,4,0,0,0,epoch milliseconds (2018-03-07 10:10:32.266000),10.0,
S3_closeotherlid_2_extracted,Event_0,JinsAccelerometer,JinsAccelerometer_Event_0.data,109,4,0,0,0,epoch milliseconds (2018-03-07 10:05:33.716000),38.0,
S3_closeotherlid_2_extracted,Event_0,JinsBlinkSpeed,JinsBlinkSpeed_Event_0.data,109,2,0,0,0,epoch milliseconds (2018-03-07 10:05:33.716000),38.0,
S3_closeotherlid_2_extracted,Event_0,JinsBlinkStrength,JinsBlinkStrength_Event_0.data,109,2,0,0,0,epoch milliseconds (2018-03-07 10:05:33.716000),38.0,
S3_closeotherlid_2_extracted,Event_0,JinsEyeMovement,JinsEyeMovement_Event_0.data,109,5,0,0,0,epoch milliseconds (2018-03-07 10:05:33.716000),38.0,
S3_closeotherlid_2_extracted,Event_0,JinsGyroscope,JinsGyroscope_Event_0.data,109,4,0,0,0,epoch milliseconds (2018-03-07 10:05:33.716000),38.0,
S3_closeotherlid_2_extracted,Event_0,PhoneAccelerometer,PhoneAccelerometer_Event_0.data,1004,4,0,0,0,epoch milliseconds (2018-03-07 10:05:33.687000),5.0,
S3_closeotherlid_2_extracted,Event_0,PhoneGravity,PhoneGravity_Event_0.data,1000,4,0,0,0,epoch milliseconds (2018-03-07 10:05:33.685000),5.0,
S3_closeotherlid_2_extracted,Event_0,PhoneGyroscope,PhoneGyroscope_Event_0.data,1005,4,0,0,0,epoch milliseconds (2018-03-07 10:05:33.685000),5.0,
S3_closeotherlid_2_extracted,Event_0,PhoneLinearAccelerometer,PhoneLinearAccelerometer_Event_0.data,1002,4,0,0,0,epoch milliseconds (2018-03-07 10:05:33.689000),5.0,
S3_closeotherlid_2_extracted,Event_0,PhoneMagnetometer,PhoneMagnetometer_Event_0.data,507,4,0,0,0,epoch milliseconds (2018-03-07 10:05:33.685000),10.0,
S3_closeotherlid_2_extracted,Event_0,android.sensor.accelerometer,android.sensor.accelerometer_Event_0.data,542,4,0,0,0,epoch milliseconds (2018-03-07 10:05:33.684000),10.0,
S3_closeotherlid_2_extracted,Event_0,android.sensor.gyroscope,android.sensor.gyroscope_Event_0.data,542,4,0,0,0,epoch milliseconds (2018-03-07 10:05:33.689000),10.0,
S3_closeotherlid_2_extracted,Event_1,JinsAccelerometer,JinsAccelerometer_Event_1.data,100,4,0,0,0,epoch milliseconds (2018-03-07 10:05:46.415000),38.0,
S3_closeotherlid_2_extracted,Event_1,JinsBlinkSpeed,JinsBlinkSpeed_Event_1.data,100,2,0,0,0,epoch milliseconds (2018-03-07 10:05:46.415000),38.0,
S3_closeotherlid_2_extracted,Event_1,JinsBlinkStrength,JinsBlinkStrength_Event_1.data,100,2,0,0,0,epoch milliseconds (2018-03-07 10:05:46.415000),38.0,
S3_closeotherlid_2_extracted,Event_1,JinsEyeMovement,JinsEyeMovement_Event_1.data,100,5,0,0,0,epoch milliseconds (2018-03-07 10:05:46.415000),38.0,
S3_closeotherlid_2_extracted,Event_1,JinsGyroscope,JinsGyroscope_Event_1.data,100,4,0,0,0,epoch milliseconds (2018-03-07 10:05:46.415000),38.0,
S3_closeotherlid_2_extracted,Event_1,PhoneAccelerometer,PhoneAccelerometer_Event_1.data,1004,4,0,0,0,epoch milliseconds (2018-03-07 10:05:46.387000),5.0,
S3_closeotherlid_2_extracted,Event_1,PhoneGravity,PhoneGravity_Event_1.data,1004,4,0,0,0,epoch milliseconds (2018-03-07 10:05:46.385000),5.0,
S3_closeotherlid_2_extracted,Event_1,PhoneGyroscope,PhoneGyroscope_Event_1.data,1005,4,0,0,0,epoch milliseconds (2018-03-07 10:05:46.388000),5.0,
S3_closeotherlid_2_extracted,Event_1,PhoneLinearAccelerometer,PhoneLinearAccelerometer_Event_1.data,1003,4,0,0,0,epoch milliseconds (2018-03-07 10:05:46.388000),5.0,
S3_closeotherlid_2_extracted,Event_1,PhoneMagnetometer,PhoneMagnetometer_Event_1.data,501,4,0,0,0,epoch milliseconds (2018-03-07 10:05:46.388000),10.0,
S3_closeotherlid_2_extracted,Event_1,android.sensor.accelerometer,android.sensor.accelerometer_Event_1.data,505,4,0,0,0,epoch milliseconds (2018-03-07 10:05:46.387000),10.0,
S3_closeotherlid_2_extracted,Event_1,android.sensor.gyroscope,android.sensor.gyroscope_Event_1.data,505,4,0,0,0,epoch milliseconds (2018-03-07 10:05:46.386000),10.0,
S3_closeotherlid_2_extracted,Event_2,JinsAccelerometer,JinsAccelerometer_Event_2.data,101,4,0,0,0,epoch milliseconds (2018-03-07 10:06:01.823000),38.0,
S3_closeotherlid_2_extracted,Event_2,JinsBlinkSpeed,JinsBlinkSpeed_Event_2.data,101,2,0,0,0,epoch milliseconds (2018-03-07 10:06:01.823000),38.0,
S3_closeotherlid_2_extracted,Event_2,JinsBlinkStrength,JinsBlinkStrength_Event_2.data,101,2,0,0,0,epoch milliseconds (2018-03-07 10:06:01.823000),38.0,
S3_closeotherlid_2_extracted,Event_2,JinsEyeMovement,JinsEyeMovement_Event_2.data,101,5,0,0,0,epoch milliseconds (2018-03-07 10:06:01.823000),38.0,
S3_closeotherlid_2_extracted,Event_2,JinsGyroscope,JinsGyroscope_Event_2.data,101,4,0,0,0,epoch milliseconds (2018-03-07 10:06:01.823000),38.0,
S3_closeotherlid_2_extracted,Event_2,PhoneAccelerometer,PhoneAccelerometer_Event_2.data,1003,4,0,0,0,epoch milliseconds (2018-03-07 10:06:01.813000),5.0,
S3_closeotherlid_2_extracted,Event_2,PhoneGravity,PhoneGravity_Event_2.data,1001,4,0,0,0,epoch milliseconds (2018-03-07 10:06:01.811000),5.0,
S3_closeotherlid_2_extracted,Event_2,PhoneGyroscope,PhoneGyroscope_Event_2.data,1003,4,0,0,0,epoch milliseconds (2018-03-07 10:06:01.810000),5.0,
S3_closeotherlid_2_extracted,Event_2,PhoneLinearAccelerometer,PhoneLinearAccelerometer_Event_2.data,1002,4,0,0,0,epoch milliseconds (2018-03-07 10:06:01.813000),5.0,
S3_closeotherlid_2_extracted,Event_2,PhoneMagnetometer,PhoneMagnetometer_Event_2.data,501,4,0,0,0,epoch milliseconds (2018-03-07 10:06:01.814000),10.0,
S3_closeotherlid_2_extracted,Event_2,android.sensor.accelerometer,android.sensor.accelerometer_Event_2.data,501,4,0,0,0,epoch milliseconds (2018-03-07 10:06:01.815000),10.0,
S3_closeotherlid_2_extracted,Event_2,android.sensor.gyroscope,android.sensor.gyroscope_Event_2.data,500,4,0,0,0,epoch milliseconds (2018-03-07 10:06:01.818000),10.0,
S3_closeotherlid_2_extracted,Event_3,JinsAccelerometer,JinsAccelerometer_Event_3.data,100,4,0,0,0,epoch milliseconds (2018-03-07 10:06:13.225000),38.0,
S3_closeotherlid_2_extracted,Event_3,JinsBlinkSpeed,JinsBlinkSpeed_Event_3.data,100,2,0,0,0,epoch milliseconds (2018-03-07 10:06:13.225000),38.0,
S3_closeotherlid_2_extracted,Event_3,JinsBlinkStrength,JinsBlinkStrength_Event_3.data,100,2,0,0,0,epoch milliseconds (2018-03-07 10:06:13.225000),38.0,
S3_closeotherlid_2_extracted,Event_3,JinsEyeMovement,JinsEyeMovement_Event_3.data,100,5,0,0,0,epoch milliseconds (2018-03-07 10:06:13.225000),38.0,
S3_closeotherlid_2_extracted,Event_3,JinsGyroscope,JinsGyroscope_Event_3.data,100,4,0,0,0,epoch milliseconds (2018-03-07 10:06:13.225000),38.0,
S3_closeotherlid_2_extracted,Event_3,PhoneAccelerometer,PhoneAccelerometer_Event_3.data,1004,4,0,0,0,epoch milliseconds (2018-03-07 10:06:13.201000),5.0,
S3_closeotherlid_2_extracted,Event_3,PhoneGravity,PhoneGravity_Event_3.data,1002,4,0,0,0,epoch milliseconds (2018-03-07 10:06:13.201000),5.0,
S3_closeotherlid_2_extracted,Event_3,PhoneGyroscope,PhoneGyroscope_Event_3.data,1003,4,0,0,0,epoch milliseconds (2018-03-07 10:06:13.201000),5.0,
S3_closeotherlid_2_extracted,Event_3,PhoneLinearAccelerometer,PhoneLinearAccelerometer_Event_3.data,1002,4,0,0,0,epoch milliseconds (2018-03-07 10:06:13.205000),5.0,
S3_closeotherlid_2_extracted,Event_3,PhoneMagnetometer,PhoneMagnetometer_Event_3.data,501,4,0,0,0,epoch milliseconds (2018-03-07 10:06:13.204000),10.0,
S3_closeotherlid_2_extracted,Event_3,android.sensor.accelerometer,android.sensor.accelerometer_Event_3.data,502,4,0,0,0,epoch milliseconds (2018-03-07 10:06:13.210000),10.0,
S3_closeotherlid_2_extracted,Event_3,android.sensor.gyroscope,android.sensor.gyroscope_Event_3.data,503,4,0,0,0,epoch milliseconds (2018-03-07 10:06:13.207000),10.0,
S3_closeotherlid_2_extracted,Event_4,JinsAccelerometer,JinsAccelerometer_Event_4.data,100,4,0,0,0,epoch milliseconds (2018-03-07 10:06:33.392000),38.0,
S3_closeotherlid_2_extracted,Event_4,JinsBlinkSpeed,JinsBlinkSpeed_Event_4.data,100,2,0,0,0,epoch milliseconds (2018-03-07 10:06:33.392000),38.0,
S3_closeotherlid_2_extracted,Event_4,JinsBlinkStrength,JinsBlinkStrength_Event_4.data,100,2,0,0,0,epoch milliseconds (2018-03-07 10:06:33.392000),38.0,
S3_closeotherlid_2_extracted,Event_4,JinsEyeMovement,JinsEyeMovement_Event_4.data,100,5,0,0,0,epoch milliseconds (2018-03-07 10:06:33.392000),38.0,
S3_closeotherlid_2_extracted,Event_4,JinsGyroscope,JinsGyroscope_Event_4.data,100,4,0,0,0,epoch milliseconds (2018-03-07 10:06:33.392000),38.0,
S3_closeotherlid_2_extracted,Event_4,PhoneAccelerometer,PhoneAccelerometer_Event_4.data,1005,4,0,0,0,epoch milliseconds (2018-03-07 10:06:33.360000),5.0,
S3_closeotherlid_2_extracted,Event_4,PhoneGravity,PhoneGravity_Event_4.data,1003,4,0,0,0,epoch milliseconds (2018-03-07 10:06:33.361000),5.0,
S3_closeotherlid_2_extracted,Event_4,PhoneGyroscope,PhoneGyroscope_Event_4.data,1004,4,0,0,0,epoch milliseconds (2018-03-07 10:06:33.361000),5.0,
S3_closeotherlid_2_extracted,Event_4,PhoneLinearAccelerometer,PhoneLinearAccelerometer_Event_4.data,1003,4,0,0,0,epoch milliseconds (2018-03-07 10:06:33.365000),5.0,
S3_closeotherlid_2_extracted,Event_4,PhoneMagnetometer,PhoneMagnetometer_Event_4.data,501,4,0,0,0,epoch milliseconds (2018-03-07 10:06:33.360000),10.0,
S3_closeotherlid_2_extracted,Event_4,android.sensor.accelerometer,android.sensor.accelerometer_Event_4.data,502,4,0,0,0,epoch milliseconds (2018-03-07 10:06:33.367000),10.0,
S3_closeotherlid_2_extracted,Event_4,android.sensor.gyroscope,android.sensor.gyroscope_Event_4.data,502,4,0,0,0,epoch milliseconds (2018-03-07 10:06:33.363000),10.0,
S3_closeotherlid_2_extracted,Event_5,JinsAccelerometer,JinsAccelerometer_Event_5.data,100,4,0,0,0,epoch milliseconds (2018-03-07 10:06:48.168000),38.0,
S3_closeotherlid_2_extracted,Event_5,JinsBlinkSpeed,JinsBlinkSpeed_Event_5.data,100,2,0,0,0,epoch milliseconds (2018-03-07 10:06:48.168000),38.0,
S3_closeotherlid_2_extracted,Event_5,JinsBlinkStrength,JinsBlinkStrength_Event_5.data,100,2,0,0,0,epoch milliseconds (2018-03-07 10:06:48.168000),38.0,
S3_closeotherlid_2_extracted,Event_5,JinsEyeMovement,JinsEyeMovement_Event_5.data,100,5,0,0,0,epoch milliseconds (2018-03-07 10:06:48.168000),38.0,
S3_closeotherlid_2_extracted,Event_5,JinsGyroscope,JinsGyroscope_Event_5.data,100,4,0,0,0,epoch milliseconds (2018-03-07 10:06:48.168000),38.0,
S3_closeotherlid_2_extracted,Event_5,PhoneAccelerometer,PhoneAccelerometer_Event_5.data,1004,4,0,0,0,epoch milliseconds (2018-03-07 10:06:48.145000),5.0,
S3_closeotherlid_2_extracted,Event_5,PhoneGravity,PhoneGravity_Event_5.data,1004,4,0,0,0,epoch milliseconds (2018-03-07 10:06:48.148000),5.0,
S3_closeotherlid_2_extracted,Event_5,PhoneGyroscope,PhoneGyroscope_Event_5.data,1003,4,0,0,0,epoch milliseconds (2018-03-07 10:06:48.148000),5.0,
S3_closeotherlid_2_extracted,Event_5,PhoneLinearAccelerometer,PhoneLinearAccelerometer_Event_5.data,1003,4,0,0,0,epoch milliseconds (2018-03-07 10:06:48.147000),5.0,
S3_closeotherlid_2_extracted,Event_5,PhoneMagnetometer,PhoneMagnetometer_Event_5.data,501,4,0,0,0,epoch milliseconds (2018-03-07 10:06:48.150000),10.0,
S3_closeotherlid_2_extracted,Event_5,android.sensor.accelerometer,android.sensor.accelerometer_Event_5.data,497,4,0,0,0,epoch milliseconds (2018-03-07 10:06:48.149000),10.0,
S3_closeotherlid_2_extracted,Event_5,android.sensor.gyroscope,android.sensor.gyroscope_Event_5.data,497,4,0,0,0,epoch milliseconds (2018-03-07 10:06:48.145000),10.0,
S3_closeotherlid_2_extracted,Event_6,JinsAccelerometer,JinsAccelerometer_Event_6.data,99,4,0,0,0,epoch milliseconds (2018-03-07 10:07:03.170000),38.0,
S3_closeotherlid_2_extracted,Event_6,JinsBlinkSpeed,JinsBlinkSpeed_Event_6.data,99,2,0,0,0,epoch milliseconds (2018-03-07 10:07:03.170000),38.0,
S3_closeotherlid_2_extracted,Event_6,JinsBlinkStrength,JinsBlinkStrength_Event_6.data,99,2,0,0,0,epoch milliseconds (2018-03-07 10:07:03.170000),38.0,
S3_closeotherlid_2_extracted,Event_6,JinsEyeMovement,JinsEyeMovement_Event_6.data,99,5,0,0,0,epoch milliseconds (2018-03-07 10:07:03.170000),38.0,
S3_closeotherlid_2_extracted,Event_6,JinsGyroscope,JinsGyroscope_Event_6.data,99,4,0,0,0,epoch milliseconds (2018-03-07 10:07:03.170000),38.0,
S3_closeotherlid_2_extracted,Event_6,PhoneAccelerometer,PhoneAccelerometer_Event_6.data,1003,4,0,0,0,epoch milliseconds (2018-03-07 10:07:03.109000),5.0,
S3_closeotherlid_2_extracted,Event_6,PhoneGravity,PhoneGravity_Event_6.data,1002,4,0,0,0,epoch milliseconds (2018-03-07 10:07:03.107000),5.0,
S3_closeotherlid_2_extracted,Event_6,PhoneGyroscope,PhoneGyroscope_Event_6.data,1003,4,0,0,0,epoch milliseconds (2018-03-07 10:07:03.106000),5.0,
S3_closeotherlid_2_extracted,Event_6,PhoneLinearAccelerometer,PhoneLinearAccelerometer_Event_6.data,1002,4,0,0,0,epoch milliseconds (2018-03-07 10:07:03.108000),5.0,
S3_closeotherlid_2_extracted,Event_6,PhoneMagnetometer,PhoneMagnetometer_Event_6.data,501,4,0,0,0,epoch milliseconds (2018-03-07 10:07:03.107000),10.0,
S3_closeotherlid_2_extracted,Event_6,android.sensor.accelerometer,android.sensor.accelerometer_Event_6.data,506,4,0,0,0,epoch milliseconds (2018-03-07 10:07:03.113000),10.0,
S3_closeotherlid_2_extracted,Event_6,android.sensor.gyroscope,android.sensor.gyroscope_Event_6.data,506,4,0,0,0,epoch milliseconds (2018-03-07 10:07:03.110000),10.0,
S3_closesmallbox_1_extracted,Event_0,JinsAccelerometer,JinsAccelerometer_Event_0.data,100,4,0,0,0,epoch milliseconds (2018-03-06 12:46:47.542000),50.0,
S3_closesmallbox_1_extracted,Event_0,JinsBlinkSpeed,JinsBlinkSpeed_Event_0.data,100,2,0,0,0,epoch milliseconds (2018-03-06 12:46:47.542000),50.0,
S3_closesmallbox_1_extracted,Event_0,JinsBlinkStrength,JinsBlinkStrength_Event_0.data,100,2,0,0,0,epoch milliseconds (2018-03-06 12:46:47.542000),50.0,
S3_closesmallbox_1_extracted,Event_0,JinsEyeMovement,JinsEyeMovement_Event_0.data,100,5,0,0,0,epoch milliseconds (2018-03-06 12:46:47.542000),50.0,
S3_closesmallbox_1_extracted,Event_0,JinsGyroscope,JinsGyroscope_Event_0.data,100,4,0,0,0,epoch milliseconds (2018-03-06 12:46:47.542000),50.0,
S3_closesmallbox_1_extracted,Event_0,PhoneAccelerometer,PhoneAccelerometer_Event_0.data,1003,4,0,0,0,epoch milliseconds (2018-03-06 12:46:47.508000),5.0,
S3_closesmallbox_1_extracted,Event_0,PhoneGravity,PhoneGravity_Event_0.data,1003,4,0,0,0,epoch milliseconds (2018-03-06 12:46:47.510000),5.0,
S3_closesmallbox_1_extracted,Event_0,PhoneGyroscope,PhoneGyroscope_Event_0.data,1001,4,0,0,0,epoch milliseconds (2018-03-06 12:46:47.507000),5.0,
S3_closesmallbox_1_extracted,Event_0,PhoneLinearAccelerometer,PhoneLinearAccelerometer_Event_0.data,1003,4,0,0,0,epoch milliseconds (2018-03-06 12:46:47.507000),5.0,
S3_closesmallbox_1_extracted,Event_0,PhoneMagnetometer,PhoneMagnetometer_Event_0.data,501,4,0,0,0,epoch milliseconds (2018-03-06 12:46:47.513000),10.0,
S3_closesmallbox_1_extracted,Event_0,android.sensor.accelerometer,android.sensor.accelerometer_Event_0.data,507,4,0,0,0,epoch milliseconds (2018-03-06 12:46:47.509000),10.0,
S3_closesmallbox_1_extracted,Event_0,android.sensor.gyroscope,android.sensor.gyroscope_Event_0.data,506,4,0,0,0,epoch milliseconds (2018-03-06 12:46:47.506000),10.0,
S3_closesmallbox_1_extracted,Event_1,JinsAccelerometer,JinsAccelerometer_Event_1.data,100,4,0,0,0,epoch milliseconds (2018-03-06 12:47:03.236000),52.0,
S3_closesmallbox_1_extracted,Event_1,JinsBlinkSpeed,JinsBlinkSpeed_Event_1.data,100,2,0,0,0,epoch milliseconds (2018-03-06 12:47:03.236000),52.0,
S3_closesmallbox_1_extracted,Event_1,JinsBlinkStrength,JinsBlinkStrength_Event_1.data,100,2,0,0,0,epoch milliseconds (2018-03-06 12:47:03.236000),52.0,
S3_closesmallbox_1_extracted,Event_1,JinsEyeMovement,JinsEyeMovement_Event_1.data,100,5,0,0,0,epoch milliseconds (2018-03-06 12:47:03.236000),52.0,
S3_closesmallbox_1_extracted,Event_1,JinsGyroscope,JinsGyroscope_Event_1.data,100,4,0,0,0,epoch milliseconds (2018-03-06 12:47:03.236000),52.0,
S3_closesmallbox_1_extracted,Event_1,PhoneAccelerometer,PhoneAccelerometer_Event_1.data,1004,4,0,0,0,epoch milliseconds (2018-03-06 12:47:03.170000),5.0,
S3_closesmallbox_1_extracted,Event_1,PhoneGravity,PhoneGravity_Event_1.data,1002,4,0,0,0,epoch milliseconds (2018-03-06 12:47:03.172000),5.0,
S3_closesmallbox_1_extracted,Event_1,PhoneGyroscope,PhoneGyroscope_Event_1.data,1004,4,0,0,0,epoch milliseconds (2018-03-06 12:47:03.173000),5.0,
S3_closesmallbox_1_extracted,Event_1,PhoneLinearAccelerometer,PhoneLinearAccelerometer_Event_1.data,1004,4,0,0,0,epoch milliseconds (2018-03-06 12:47:03.170000),5.0,
S3_closesmallbox_1_extracted,Event_1,PhoneMagnetometer,PhoneMagnetometer_Event_1.data,501,4,0,0,0,epoch milliseconds (2018-03-06 12:47:03.179000),10.0,
S3_closesmallbox_1_extracted,Event_1,android.sensor.accelerometer,android.sensor.accelerometer_Event_1.data,507,4,0,0,0,epoch milliseconds (2018-03-06 12:47:03.177000),10.0,
S3_closesmallbox_1_extracted,Event_1,android.sensor.gyroscope,android.sensor.gyroscope_Event_1.data,508,4,0,0,0,epoch milliseconds (2018-03-06 12:47:03.171000),10.0,
S3_closesmallbox_1_extracted,Event_2,JinsAccelerometer,JinsAccelerometer_Event_2.data,100,4,0,0,0,epoch milliseconds (2018-03-06 12:47:17.727000),52.0,
S3_closesmallbox_1_extracted,Event_2,JinsBlinkSpeed,JinsBlinkSpeed_Event_2.data,100,2,0,0,0,epoch milliseconds (2018-03-06 12:47:17.727000),52.0,
S3_closesmallbox_1_extracted,Event_2,JinsBlinkStrength,JinsBlinkStrength_Event_2.data,100,2,0,0,0,epoch milliseconds (2018-03-06 12:47:17.727000),52.0,
S3_closesmallbox_1_extracted,Event_2,JinsEyeMovement,JinsEyeMovement_Event_2.data,100,5,0,0,0,epoch milliseconds (2018-03-06 12:47:17.727000),52.0,
S3_closesmallbox_1_extracted,Event_2,JinsGyroscope,JinsGyroscope_Event_2.data,100,4,0,0,0,epoch milliseconds (2018-03-06 12:47:17.727000),52.0,
S3_closesmallbox_1_extracted,Event_2,PhoneAccelerometer,PhoneAccelerometer_Event_2.data,1004,4,0,0,0,epoch milliseconds (2018-03-06 12:47:17.579000),5.0,
S3_closesmallbox_1_extracted,Event_2,PhoneGravity,PhoneGravity_Event_2.data,1003,4,0,0,0,epoch milliseconds (2018-03-06 12:47:17.581000),5.0,
S3_closesmallbox_1_extracted,Event_2,PhoneGyroscope,PhoneGyroscope_Event_2.data,1004,4,0,0,0,epoch milliseconds (2018-03-06 12:47:17.581000),5.0,
S3_closesmallbox_1_extracted,Event_2,PhoneLinearAccelerometer,PhoneLinearAccelerometer_Event_2.data,1003,4,0,0,0,epoch milliseconds (2018-03-06 12:47:17.581000),5.0,
S3_closesmallbox_1_extracted,Event_2,PhoneMagnetometer,PhoneMagnetometer_Event_2.data,503,4,0,0,0,epoch milliseconds (2018-03-06 12:47:17.580000),10.0,
S3_closesmallbox_1_extracted,Event_2,android.sensor.accelerometer,android.sensor.accelerometer_Event_2.data,461,4,0,0,0,epoch milliseconds (2018-03-06 12:47:17.586000),10.0,
S3_closesmallbox_1_extracted,Event_2,android.sensor.gyroscope,android.sensor.gyroscope_Event_2.data,461,4,0,0,0,epoch milliseconds (2018-03-06 12:47:17.582000),10.0,
S3_closesmallbox_1_extracted,Event_3,JinsAccelerometer,JinsAccelerometer_Event_3.data,103,4,0,0,0,epoch milliseconds (2018-03-06 12:47:44.191000),39.0,
S3_closesmallbox_1_extracted,Event_3,JinsBlinkSpeed,JinsBlinkSpeed_Event_3.data,103,2,0,0,0,epoch milliseconds (2018-03-06 12:47:44.191000),39.0,
S3_closesmallbox_1_extracted,Event_3,JinsBlinkStrength,JinsBlinkStrength_Event_3.data,103,2,0,0,0,epoch milliseconds (2018-03-06 12:47:44.191000),39.0,
S3_closesmallbox_1_extracted,Event_3,JinsEyeMovement,JinsEyeMovement_Event_3.data,103,5,0,0,0,epoch milliseconds (2018-03-06 12:47:44.191000),39.0,
S3_closesmallbox_1_extracted,Event_3,JinsGyroscope,JinsGyroscope_Event_3.data,103,4,0,0,0,epoch milliseconds (2018-03-06 12:47:44.191000),39.0,
S3_closesmallbox_1_extracted,Event_3,PhoneAccelerometer,PhoneAccelerometer_Event_3.data,1002,4,0,0,0,epoch milliseconds (2018-03-06 12:47:44.126000),5.0,
S3_closesmallbox_1_extracted,Event_3,PhoneGravity,PhoneGravity_Event_3.data,1004,4,0,0,0,epoch milliseconds (2018-03-06 12:47:44.124000),5.0,
S3_closesmallbox_1_extracted,Event_3,PhoneGyroscope,PhoneGyroscope_Event_3.data,1002,4,0,0,0,epoch milliseconds (2018-03-06 12:47:44.127000),5.0,
S3_closesmallbox_1_extracted,Event_3,PhoneLinearAccelerometer,PhoneLinearAccelerometer_Event_3.data,1005,4,0,0,0,epoch milliseconds (2018-03-06 12:47:44.128000),5.0,
S3_closesmallbox_1_extracted,Event_3,PhoneMagnetometer,PhoneMagnetometer_Event_3.data,502,4,0,0,0,epoch milliseconds (2018-03-06 12:47:44.128000),10.0,
S3_closesmallbox_1_extracted,Event_3,android.sensor.accelerometer,android.sensor.accelerometer_Event_3.data,498,4,0,0,0,epoch milliseconds (2018-03-06 12:47:44.128000),10.0,
S3_closesmallbox_1_extracted,Event_3,android.sensor.gyroscope,android.sensor.gyroscope_Event_3.data,497,4,0,0,0,epoch milliseconds (2018-03-06 12:47:44.133000),10.0,
S3_closesmallbox_1_extracted,Event_4,JinsAccelerometer,JinsAccelerometer_Event_4.data,102,4,0,0,0,epoch milliseconds (2018-03-06 12:48:00.703000),52.0,
S3_closesmallbox_1_extracted,Event_4,JinsBlinkSpeed,JinsBlinkSpeed_Event_4.data,102,2,0,0,0,epoch milliseconds (2018-03-06 12:48:00.703000),52.0,
S3_closesmallbox_1_extracted,Event_4,JinsBlinkStrength,JinsBlinkStrength_Event_4.data,102,2,0,0,0,epoch milliseconds (2018-03-06 12:48:00.703000),52.0,
S3_closesmallbox_1_extracted,Event_4,JinsEyeMovement,JinsEyeMovement_Event_4.data,102,5,0,0,0,epoch milliseconds (2018-03-06 12:48:00.703000),52.0,
S3_closesmallbox_1_extracted,Event_4,JinsGyroscope,JinsGyroscope_Event_4.data,102,4,0,0,0,epoch milliseconds (2018-03-06 12:48:00.703000),52.0,
S3_closesmallbox_1_extracted,Event_4,PhoneAccelerometer,PhoneAccelerometer_Event_4.data,1002,4,0,0,0,epoch milliseconds (2018-03-06 12:48:00.694000),5.0,
S3_closesmallbox_1_extracted,Event_4,PhoneGravity,PhoneGravity_Event_4.data,1003,4,0,0,0,epoch milliseconds (2018-03-06 12:48:00.692000),5.0,
S3_closesmallbox_1_extracted,Event_4,PhoneGyroscope,PhoneGyroscope_Event_4.data,1001,4,0,0,0,epoch milliseconds (2018-03-06 12:48:00.692000),5.0,
S3_closesmallbox_1_extracted,Event_4,PhoneLinearAccelerometer,PhoneLinearAccelerometer_Event_4.data,1002,4,0,0,0,epoch milliseconds (2018-03-06 12:48:00.695000),5.0,
S3_closesmallbox_1_extracted,Event_4,PhoneMagnetometer,PhoneMagnetometer_Event_4.data,501,4,0,0,0,epoch milliseconds (2018-03-06 12:48:00.696000),10.0,
S3_closesmallbox_1_extracted,Event_4,android.sensor.accelerometer,android.sensor.accelerometer_Event_4.data,492,4,0,0,0,epoch milliseconds (2018-03-06 12:48:00.698000),10.0,
S3_closesmallbox_1_extracted,Event_4,android.sensor.gyroscope,android.sensor.gyroscope_Event_4.data,493,4,0,0,0,epoch milliseconds (2018-03-06 12:48:00.693000),10.0,
S3_closesmallbox_1_extracted,Event_5,JinsAccelerometer,JinsAccelerometer_Event_5.data,100,4,0,0,0,epoch milliseconds (2018-03-06 12:48:13.381000),53.0,
S3_closesmallbox_1_extracted,Event_5,JinsBlinkSpeed,JinsBlinkSpeed_Event_5.data,100,2,0,0,0,epoch milliseconds (2018-03-06 12:48:13.381000),53.0,
S3_closesmallbox_1_extracted,Event_5,JinsBlinkStrength,JinsBlinkStrength_Event_5.data,100,2,0,0,0,epoch milliseconds (2018-03-06 12:48:13.381000),53.0,
S3_closesmallbox_1_extracted,Event_5,JinsEyeMovement,JinsEyeMovement_Event_5.data,100,5,0,0,0,epoch milliseconds (2018-03-06 12:48:13.381000),53.0,
S3_closesmallbox_1_extracted,Event_5,JinsGyroscope,JinsGyroscope_Event_5.data,100,4,0,0,0,epoch milliseconds (2018-03-06 12:48:13.381000),53.0,
S3_closesmallbox_1_extracted,Event_5,PhoneAccelerometer,PhoneAccelerometer_Event_5.data,1004,4,0,0,0,epoch milliseconds (2018-03-06 12:48:13.318000),5.0,
S3_closesmallbox_1_extracted,Event_5,PhoneGravity,PhoneGravity_Event_5.data,1001,4,0,0,0,epoch milliseconds (2018-03-06 12:48:13.318000),5.0,
S3_closesmallbox_1_extracted,Event_5,PhoneGyroscope,PhoneGyroscope_Event_5.data,1004,4,0,0,0,epoch milliseconds (2018-03-06 12:48:13.319000),5.0,
S3_closesmallbox_1_extracted,Event_5,PhoneLinearAccelerometer,PhoneLinearAccelerometer_Event_5.data,1005,4,0,0,0,epoch milliseconds (2018-03-06 12:48:13.318000),5.0,
S3_closesmallbox_1_extracted,Event_5,PhoneMagnetometer,PhoneMagnetometer_Event_5.data,501,4,0,0,0,epoch milliseconds (2018-03-06 12:48:13.320000),10.0,
S3_closesmallbox_1_extracted,Event_5,android.sensor.accelerometer,android.sensor.accelerometer_Event_5.data,497,4,0,0,0,epoch milliseconds (2018-03-06 12:48:13.321000),10.0,
S3_closesmallbox_1_extracted,Event_5,android.sensor.gyroscope,android.sensor.gyroscope_Event_5.data,498,4,0,0,0,epoch milliseconds (2018-03-06 12:48:13.315000),10.0,
S3_closesmallbox_1_extracted,Event_6,JinsAccelerometer,JinsAccelerometer_Event_6.data,100,4,0,0,0,epoch milliseconds (2018-03-06 12:48:44.587000),52.0,
S3_closesmallbox_1_extracted,Event_6,JinsBlinkSpeed,JinsBlinkSpeed_Event_6.data,100,2,0,0,0,epoch milliseconds (2018-03-06 12:48:44.587000),52.0,
S3_closesmallbox_1_extracted,Event_6,JinsBlinkStrength,JinsBlinkStrength_Event_6.data,100,2,0,0,0,epoch milliseconds (2018-03-06 12:48:44.587000),52.0,
S3_closesmallbox_1_extracted,Event_6,JinsEyeMovement,JinsEyeMovement_Event_6.data,100,5,0,0,0,epoch milliseconds (2018-03-06 12:48:44.587000),52.0,
S3_closesmallbox_1_extracted,Event_6,JinsGyroscope,JinsGyroscope_Event_6.data,100,4,0,0,0,epoch milliseconds (2018-03-06 12:48:44.587000),52.0,
S3_closesmallbox_1_extracted,Event_6,PhoneAccelerometer,PhoneAccelerometer_Event_6.data,1004,4,0,0,0,epoch milliseconds (2018-03-06 12:48:44.547000),5.0,
S3_closesmallbox_1_extracted,Event_6,PhoneGravity,PhoneGravity_Event_6.data,1009,4,0,0,0,epoch milliseconds (2018-03-06 12:48:44.550000),5.0,
S3_closesmallbox_1_extracted,Event_6,PhoneGyroscope,PhoneGyroscope_Event_6.data,1003,4,0,0,0,epoch milliseconds (2018-03-06 12:48:44.548000),5.0,
S3_closesmallbox_1_extracted,Event_6,PhoneLinearAccelerometer,PhoneLinearAccelerometer_Event_6.data,1010,4,0,0,0,epoch milliseconds (2018-03-06 12:48:44.548000),5.0,
S3_closesmallbox_1_extracted,Event_6,PhoneMagnetometer,PhoneMagnetometer_Event_6.data,500,4,0,0,0,epoch milliseconds (2018-03-06 12:48:44.555000),10.0,
S3_closesmallbox_1_extracted,Event_6,android.sensor.accelerometer,android.sensor.accelerometer_Event_6.data,495,4,0,0,0,epoch milliseconds (2018-03-06 12:48:44.553000),10.0,
S3_closesmallbox_1_extracted,Event_6,android.sensor.gyroscope,android.sensor.gyroscope_Event_6.data,495,4,0,0,0,epoch milliseconds (2018-03-06 12:48:44.548000),10.0,
S3_closesmallbox_2_extracted,Event_0,JinsAccelerometer,JinsAccelerometer_Event_0.data,100,4,0,0,0,epoch milliseconds (2018-03-06 12:56:36.642000),52.0,
S3_closesmallbox_2_extracted,Event_0,JinsBlinkSpeed,JinsBlinkSpeed_Event_0.data,100,2,0,0,0,epoch milliseconds (2018-03-06 12:56:36.642000),52.0,
S3_closesmallbox_2_extracted,Event_0,JinsBlinkStrength,JinsBlinkStrength_Event_0.data,100,2,0,0,0,epoch milliseconds (2018-03-06 12:56:36.642000),52.0,
S3_closesmallbox_2_extracted,Event_0,JinsEyeMovement,JinsEyeMovement_Event_0.data,100,5,0,0,0,epoch milliseconds (2018-03-06 12:56:36.642000),52.0,
S3_closesmallbox_2_extracted,Event_0,JinsGyroscope,JinsGyroscope_Event_0.data,100,4,0,0,0,epoch milliseconds (2018-03-06 12:56:36.642000),52.0,
S3_closesmallbox_2_extracted,Event_0,PhoneAccelerometer,PhoneAccelerometer_Event_0.data,1004,4,0,0,0,epoch milliseconds (2018-03-06 12:56:36.643000),5.0,
S3_closesmallbox_2_extracted,Event_0,PhoneGravity,PhoneGravity_Event_0.data,1005,4,0,0,0,epoch milliseconds (2018-03-06 12:56:36.641000),5.0,
S3_closesmallbox_2_extracted,Event_0,PhoneGyroscope,PhoneGyroscope_Event_0.data,1005,4,0,0,0,epoch milliseconds (2018-03-06 12:56:36.641000),5.0,
S3_closesmallbox_2_extracted,Event_0,PhoneLinearAccelerometer,PhoneLinearAccelerometer_Event_0.data,1006,4,0,0,0,epoch milliseconds (2018-03-06 12:56:36.639000),5.0,
S3_closesmallbox_2_extracted,Event_0,PhoneMagnetometer,PhoneMagnetometer_Event_0.data,502,4,0,0,0,epoch milliseconds (2018-03-06 12:56:36.642000),10.0,
S3_closesmallbox_2_extracted,Event_0,android.sensor.accelerometer,android.sensor.accelerometer_Event_0.data,475,4,0,0,0,epoch milliseconds (2018-03-06 12:56:36.638000),10.0,
S3_closesmallbox_2_extracted,Event_0,android.sensor.gyroscope,android.sensor.gyroscope_Event_0.data,475,4,0,0,0,epoch milliseconds (2018-03-06 12:56:36.645000),10.0,
S3_closesmallbox_2_extracted,Event_1,JinsAccelerometer,JinsAccelerometer_Event_1.data,100,4,0,0,0,epoch milliseconds (2018-03-06 12:56:55.092000),52.0,
S3_closesmallbox_2_extracted,Event_1,JinsBlinkSpeed,JinsBlinkSpeed_Event_1.data,100,2,0,0,0,epoch milliseconds (2018-03-06 12:56:55.092000),52.0,
S3_closesmallbox_2_extracted,Event_1,JinsBlinkStrength,JinsBlinkStrength_Event_1.data,100,2,0,0,0,epoch milliseconds (2018-03-06 12:56:55.092000),52.0,
S3_closesmallbox_2_extracted,Event_1,JinsEyeMovement,JinsEyeMovement_Event_1.data,100,5,0,0,0,epoch milliseconds (2018-03-06 12:56:55.092000),52.0,
S3_closesmallbox_2_extracted,Event_1,JinsGyroscope,JinsGyroscope_Event_1.data,100,4,0,0,0,epoch milliseconds (2018-03-06 12:56:55.092000),52.0,
S3_closesmallbox_2_extracted,Event_1,PhoneAccelerometer,PhoneAccelerometer_Event_1.data,986,4,0,0,0,epoch milliseconds (2018-03-06 12:56:55.030000),5.0,
S3_closesmallbox_2_extracted,Event_1,PhoneGravity,PhoneGravity_Event_1.data,989,4,0,0,0,epoch milliseconds (2018-03-06 12:56:55.031000),5.0,
S3_closesmallbox_2_extracted,Event_1,PhoneGyroscope,PhoneGyroscope_Event_1.data,990,4,0,0,0,epoch milliseconds (2018-03-06 12:56:55.030000),5.0,
S3_closesmallbox_2_extracted,Event_1,PhoneLinearAccelerometer,PhoneLinearAccelerometer_Event_1.data,988,4,0,0,0,epoch milliseconds (2018-03-06 12:56:55.031000),5.0,
S3_closesmallbox_2_extracted,Event_1,PhoneMagnetometer,PhoneMagnetometer_Event_1.data,500,4,0,0,0,epoch milliseconds (2018-03-06 12:56:55.039000),10.0,
S3_closesmallbox_2_extracted,Event_1,android.sensor.accelerometer,android.sensor.accelerometer_Event_1.data,500,4,0,0,0,epoch milliseconds (2018-03-06 12:56:55.031000),10.0,
S3_closesmallbox_2_extracted,Event_1,android.sensor.gyroscope,android.sensor.gyroscope_Event_1.data,499,4,0,0,0,epoch milliseconds (2018-03-06 12:56:55.033000),10.0,
S3_closesmallbox_2_extracted,Event_2,JinsAccelerometer,JinsAccelerometer_Event_2.data,100,4,0,0,0,epoch milliseconds (2018-03-06 12:57:10.608000),52.0,
S3_closesmallbox_2_extracted,Event_2,JinsBlinkSpeed,JinsBlinkSpeed_Event_2.data,100,2,0,0,0,epoch milliseconds (2018-03-06 12:57:10.608000),52.0,
S3_closesmallbox_2_extracted,Event_2,JinsBlinkStrength,JinsBlinkStrength_Event_2.data,100,2,0,0,0,epoch milliseconds (2018-03-06 12:57:10.608000),52.0,
S3_closesmallbox_2_extracted,Event_2,JinsEyeMovement,JinsEyeMovement_Event_2.data,100,5,0,0,0,epoch milliseconds (2018-03-06 12:57:10.608000),52.0,
S3_closesmallbox_2_extracted,Event_2,JinsGyroscope,JinsGyroscope_Event_2.data,100,4,0,0,0,epoch milliseconds (2018-03-06 12:57:10.608000),52.0,
S3_closesmallbox_2_extracted,Event_2,PhoneAccelerometer,PhoneAccelerometer_Event_2.data,1003,4,0,0,0,epoch milliseconds (2018-03-06 12:57:10.584000),5.0,
S3_closesmallbox_2_extracted,Event_2,PhoneGravity,PhoneGravity_Event_2.data,1003,4,0,0,0,epoch milliseconds (2018-03-06 12:57:10.586000),5.0,
S3_closesmallbox_2_extracted,Event_2,PhoneGyroscope,PhoneGyroscope_Event_2.data,1003,4,0,0,0,epoch milliseconds (2018-03-06 12:57:10.585000),5.0,
S3_closesmallbox_2_extracted,Event_2,PhoneLinearAccelerometer,PhoneLinearAccelerometer_Event_2.data,1003,4,0,0,0,epoch milliseconds (2018-03-06 12:57:10.586000),5.0,
S3_closesmallbox_2_extracted,Event_2,PhoneMagnetometer,PhoneMagnetometer_Event_2.data,501,4,0,0,0,epoch milliseconds (2018-03-06 12:57:10.586000),10.0,
S3_closesmallbox_2_extracted,Event_2,android.sensor.accelerometer,android.sensor.accelerometer_Event_2.data,503,4,0,0,0,epoch milliseconds (2018-03-06 12:57:10.587000),10.0,
S3_closesmallbox_2_extracted,Event_2,android.sensor.gyroscope,android.sensor.gyroscope_Event_2.data,503,4,0,0,0,epoch milliseconds (2018-03-06 12:57:10.584000),10.0,
S3_closesmallbox_2_extracted,Event_3,JinsAccelerometer,JinsAccelerometer_Event_3.data,99,4,0,0,0,epoch milliseconds (2018-03-06 12:57:31.957000),52.0,
S3_closesmallbox_2_extracted,Event_3,JinsBlinkSpeed,JinsBlinkSpeed_Event_3.data,99,2,0,0,0,epoch milliseconds (2018-03-06 12:57:31.957000),52.0,
S3_closesmallbox_2_extracted,Event_3,JinsBlinkStrength,JinsBlinkStrength_Event_3.data,99,2,0,0,0,epoch milliseconds (2018-03-06 12:57:31.957000),52.0,
S3_closesmallbox_2_extracted,Event_3,JinsEyeMovement,JinsEyeMovement_Event_3.data,99,5,0,0,0,epoch milliseconds (2018-03-06 12:57:31.957000),52.0,
S3_closesmallbox_2_extracted,Event_3,JinsGyroscope,JinsGyroscope_Event_3.data,99,4,0,0,0,epoch milliseconds (2018-03-06 12:57:31.957000),52.0,
S3_closesmallbox_2_extracted,Event_3,PhoneAccelerometer,PhoneAccelerometer_Event_3.data,1003,4,0,0,0,epoch milliseconds (2018-03-06 12:57:31.915000),5.0,
S3_closesmallbox_2_extracted,Event_3,PhoneGravity,PhoneGravity_Event_3.data,1003,4,0,0,0,epoch milliseconds (2018-03-06 12:57:31.919000),5.0,
S3_closesmallbox_2_extracted,Event_3,PhoneGyroscope,PhoneGyroscope_Event_3.data,1002,4,0,0,0,epoch milliseconds (2018-03-06 12:57:31.916000),5.0,
S3_closesmallbox_2_extracted,Event_3,PhoneLinearAccelerometer,PhoneLinearAccelerometer_Event_3.data,1001,4,0,0,0,epoch milliseconds (2018-03-06 12:57:31.917000),5.0,
S3_closesmallbox_2_extracted,Event_3,PhoneMagnetometer,PhoneMagnetometer_Event_3.data,497,4,0,0,0,epoch milliseconds (2018-03-06 12:57:31.920000),10.0,
S3_closesmallbox_2_extracted,Event_3,android.sensor.accelerometer,android.sensor.accelerometer_Event_3.data,500,4,0,0,0,epoch milliseconds (2018-03-06 12:57:31.918000),10.0,
S3_closesmallbox_2_extracted,Event_3,android.sensor.gyroscope,android.sensor.gyroscope_Event_3.data,500,4,0,0,0,epoch milliseconds (2018-03-06 12:57:31.915000),10.0,
S3_closesmallbox_2_extracted,Event_4,JinsAccelerometer,JinsAccelerometer_Event_4.data,101,4,0,0,0,epoch milliseconds (2018-03-06 12:57:44.107000),52.0,
S3_closesmallbox_2_extracted,Event_4,JinsBlinkSpeed,JinsBlinkSpeed_Event_4.data,101,2,0,0,0,epoch milliseconds (2018-03-06 12:57:44.107000),52.0,
S3_closesmallbox_2_extracted,Event_4,JinsBlinkStrength,JinsBlinkStrength_Event_4.data,101,2,0,0,0,epoch milliseconds (2018-03-06 12:57:44.107000),52.0,
S3_closesmallbox_2_extracted,Event_4,JinsEyeMovement,JinsEyeMovement_Event_4.data,101,5,0,0,0,epoch milliseconds (2018-03-06 12:57:44.107000),52.0,
S3_closesmallbox_2_extracted,Event_4,JinsGyroscope,JinsGyroscope_Event_4.data,101,4,0,0,0,epoch milliseconds (2018-03-06 12:57:44.107000),52.0,
S3_closesmallbox_2_extracted,Event_4,PhoneAccelerometer,PhoneAccelerometer_Event_4.data,1004,4,0,0,0,epoch milliseconds (2018-03-06 12:57:44.106000),5.0,
S3_closesmallbox_2_extracted,Event_4,PhoneGravity,PhoneGravity_Event_4.data,1003,4,0,0,0,epoch milliseconds (2018-03-06 12:57:44.107000),5.0,
S3_closesmallbox_2_extracted,Event_4,PhoneGyroscope,PhoneGyroscope_Event_4.data,1004,4,0,0,0,epoch milliseconds (2018-03-06 12:57:44.103000),5.0,
S3_closesmallbox_2_extracted,Event_4,PhoneLinearAccelerometer,PhoneLinearAccelerometer_Event_4.data,1004,4,0,0,0,epoch milliseconds (2018-03-06 12:57:44.107000),5.0,
S3_closesmallbox_2_extracted,Event_4,PhoneMagnetometer,PhoneMagnetometer_Event_4.data,501,4,0,0,0,epoch milliseconds (2018-03-06 12:57:44.106000),10.0,
S3_closesmallbox_2_extracted,Event_4,android.sensor.accelerometer,android.sensor.accelerometer_Event_4.data,503,4,0,0,0,epoch milliseconds (2018-03-06 12:57:44.158000),10.0,
S3_closesmallbox_2_extracted,Event_4,android.sensor.gyroscope,android.sensor.gyroscope_Event_4.data,502,4,0,0,0,epoch milliseconds (2018-03-06 12:57:44.156000),10.0,
S3_closesmallbox_2_extracted,Event_5,JinsAccelerometer,JinsAccelerometer_Event_5.data,100,4,0,0,0,epoch milliseconds (2018-03-06 12:58:00.959000),52.0,
S3_closesmallbox_2_extracted,Event_5,JinsBlinkSpeed,JinsBlinkSpeed_Event_5.data,100,2,0,0,0,epoch milliseconds (2018-03-06 12:58:00.959000),52.0,
S3_closesmallbox_2_extracted,Event_5,JinsBlinkStrength,JinsBlinkStrength_Event_5.data,100,2,0,0,0,epoch milliseconds (2018-03-06 12:58:00.959000),52.0,
S3_closesmallbox_2_extracted,Event_5,JinsEyeMovement,JinsEyeMovement_Event_5.data,100,5,0,0,0,epoch milliseconds (2018-03-06 12:58:00.959000),52.0,
S3_closesmallbox_2_extracted,Event_5,JinsGyroscope,JinsGyroscope_Event_5.data,100,4,0,0,0,epoch milliseconds (2018-03-06 12:58:00.959000),52.0,
S3_closesmallbox_2_extracted,Event_5,PhoneAccelerometer,PhoneAccelerometer_Event_5.data,1003,4,0,0,0,epoch milliseconds (2018-03-06 12:58:00.940000),5.0,
S3_closesmallbox_2_extracted,Event_5,PhoneGravity,PhoneGravity_Event_5.data,1000,4,0,0,0,epoch milliseconds (2018-03-06 12:58:00.936000),5.0,
S3_closesmallbox_2_extracted,Event_5,PhoneGyroscope,PhoneGyroscope_Event_5.data,1001,4,0,0,0,epoch milliseconds (2018-03-06 12:58:00.936000),5.0,
S3_closesmallbox_2_extracted,Event_5,PhoneLinearAccelerometer,PhoneLinearAccelerometer_Event_5.data,1003,4,0,0,0,epoch milliseconds (2018-03-06 12:58:00.938000),5.0,
S3_closesmallbox_2_extracted,Event_5,PhoneMagnetometer,PhoneMagnetometer_Event_5.data,501,4,0,0,0,epoch milliseconds (2018-03-06 12:58:00.941000),10.0,
S3_closesmallbox_2_extracted,Event_5,android.sensor.accelerometer,android.sensor.accelerometer_Event_5.data,506,4,0,0,0,epoch milliseconds (2018-03-06 12:58:00.937000),10.0,
S3_closesmallbox_2_extracted,Event_5,android.sensor.gyroscope,android.sensor.gyroscope_Event_5.data,505,4,0,0,0,epoch milliseconds (2018-03-06 12:58:00.944000),10.0,
S3_closesmallbox_2_extracted,Event_6,JinsAccelerometer,JinsAccelerometer_Event_6.data,100,4,0,0,0,epoch milliseconds (2018-03-06 12:58:17.500000),52.0,
S3_closesmallbox_2_extracted,Event_6,JinsBlinkSpeed,JinsBlinkSpeed_Event_6.data,100,2,0,0,0,epoch milliseconds (2018-03-06 12:58:17.500000),52.0,
S3_closesmallbox_2_extracted,Event_6,JinsBlinkStrength,JinsBlinkStrength_Event_6.data,100,2,0,0,0,epoch milliseconds (2018-03-06 12:58:17.500000),52.0,
S3_closesmallbox_2_extracted,Event_6,JinsEyeMovement,JinsEyeMovement_Event_6.data,100,5,0,0,0,epoch milliseconds (2018-03-06 12:58:17.500000),52.0,
S3_closesmallbox_2_extracted,Event_6,JinsGyroscope,JinsGyroscope_Event_6.data,100,4,0,0,0,epoch milliseconds (2018-03-06 12:58:17.500000),52.0,
S3_closesmallbox_2_extracted,Event_6,PhoneAccelerometer,PhoneAccelerometer_Event_6.data,1002,4,0,0,0,epoch milliseconds (2018-03-06 12:58:17.481000),5.0,
S3_closesmallbox_2_extracted,Event_6,PhoneGravity,PhoneGravity_Event_6.data,1003,4,0,0,0,epoch milliseconds (2018-03-06 12:58:17.483000),5.0,
S3_closesmallbox_2_extracted,Event_6,PhoneGyroscope,PhoneGyroscope_Event_6.data,1004,4,0,0,0,epoch milliseconds (2018-03-06 12:58:17.481000),5.0,
S3_closesmallbox_2_extracted,Event_6,PhoneLinearAccelerometer,PhoneLinearAccelerometer_Event_6.data,1004,4,0,0,0,epoch milliseconds (2018-03-06 12:58:17.480000),5.0,
S3_closesmallbox_2_extracted,Event_6,PhoneMagnetometer,PhoneMagnetometer_Event_6.data,501,4,0,0,0,epoch milliseconds (2018-03-06 12:58:17.480000),10.0,
S3_closesmallbox_2_extracted,Event_6,android.sensor.accelerometer,android.sensor.accelerometer_Event_6.data,499,4,0,0,0,epoch milliseconds (2018-03-06 12:58:17.480000),10.0,
S3_closesmallbox_2_extracted,Event_6,android.sensor.gyroscope,android.sensor.gyroscope_Event_6.data,498,4,0,0,0,epoch milliseconds (2018-03-06 12:58:17.482000),10.0,
S3_drink_1_extracted,Event_0,JinsAccelerometer,JinsAccelerometer_Event_0.data,100,4,0,0,0,epoch milliseconds (2018-03-07 11:45:30.139000),38.0,
S3_drink_1_extracted,Event_0,JinsBlinkSpeed,JinsBlinkSpeed_Event_0.data,100,2,0,0,0,epoch milliseconds (2018-03-07 11:45:30.139000),38.0,
S3_drink_1_extracted,Event_0,JinsBlinkStrength,JinsBlinkStrength_Event_0.data,100,2,0,0,0,epoch milliseconds (2018-03-07 11:45:30.139000),38.0,
S3_drink_1_extracted,Event_0,JinsEyeMovement,JinsEyeMovement_Event_0.data,100,5,0,0,0,epoch milliseconds (2018-03-07 11:45:30.139000),38.0,
S3_drink_1_extracted,Event_0,JinsGyroscope,JinsGyroscope_Event_0.data,100,4,0,0,0,epoch milliseconds (2018-03-07 11:45:30.139000),38.0,
S3_drink_1_extracted,Event_0,PhoneAccelerometer,PhoneAccelerometer_Event_0.data,1003,4,0,0,0,epoch milliseconds (2018-03-07 11:45:30.107000),5.0,
S3_drink_1_extracted,Event_0,PhoneGravity,PhoneGravity_Event_0.data,1003,4,0,0,0,epoch milliseconds (2018-03-07 11:45:30.105000),5.0,
S3_drink_1_extracted,Event_0,PhoneGyroscope,PhoneGyroscope_Event_0.data,1003,4,0,0,0,epoch milliseconds (2018-03-07 11:45:30.103000),5.0,
S3_drink_1_extracted,Event_0,PhoneLinearAccelerometer,PhoneLinearAccelerometer_Event_0.data,1004,4,0,0,0,epoch milliseconds (2018-03-07 11:45:30.104000),5.0,
S3_drink_1_extracted,Event_0,PhoneMagnetometer,PhoneMagnetometer_Event_0.data,501,4,0,0,0,epoch milliseconds (2018-03-07 11:45:30.112000),10.0,
S3_drink_1_extracted,Event_0,android.sensor.accelerometer,android.sensor.accelerometer_Event_0.data,496,4,0,0,0,epoch milliseconds (2018-03-07 11:45:30.108000),10.0,
S3_drink_1_extracted,Event_0,android.sensor.gyroscope,android.sensor.gyroscope_Event_0.data,496,4,0,0,0,epoch milliseconds (2018-03-07 11:45:30.112000),10.0,
S3_drink_1_extracted,Event_1,JinsAccelerometer,JinsAccelerometer_Event_1.data,100,4,0,0,0,epoch milliseconds (2018-03-07 11:45:39.891000),38.0,
S3_drink_1_extracted,Event_1,JinsBlinkSpeed,JinsBlinkSpeed_Event_1.data,100,2,0,0,0,epoch milliseconds (2018-03-07 11:45:39.891000),38.0,
S3_drink_1_extracted,Event_1,JinsBlinkStrength,JinsBlinkStrength_Event_1.data,100,2,0,0,0,epoch milliseconds (2018-03-07 11:45:39.891000),38.0,
S3_drink_1_extracted,Event_1,JinsEyeMovement,JinsEyeMovement_Event_1.data,100,5,0,0,0,epoch milliseconds (2018-03-07 11:45:39.891000),38.0,
S3_drink_1_extracted,Event_1,JinsGyroscope,JinsGyroscope_Event_1.data,100,4,0,0,0,epoch milliseconds (2018-03-07 11:45:39.891000),38.0,
S3_drink_1_extracted,Event_1,PhoneAccelerometer,PhoneAccelerometer_Event_1.data,1004,4,0,0,0,epoch milliseconds (2018-03-07 11:45:39.882000),5.0,
S3_drink_1_extracted,Event_1,PhoneGravity,PhoneGravity_Event_1.data,1003,4,0,0,0,epoch milliseconds (2018-03-07 11:45:39.884000),5.0,
S3_drink_1_extracted,Event_1,PhoneGyroscope,PhoneGyroscope_Event_1.data,1003,4,0,0,0,epoch milliseconds (2018-03-07 11:45:39.884000),5.0,
S3_drink_1_extracted,Event_1,PhoneLinearAccelerometer,PhoneLinearAccelerometer_Event_1.data,1005,4,0,0,0,epoch milliseconds (2018-03-07 11:45:39.884000),5.0,
S3_drink_1_extracted,Event_1,PhoneMagnetometer,PhoneMagnetometer_Event_1.data,500,4,0,0,0,epoch milliseconds (2018-03-07 11:45:39.890000),10.0,
S3_drink_1_extracted,Event_1,android.sensor.accelerometer,android.sensor.accelerometer_Event_1.data,503,4,0,0,0,epoch milliseconds (2018-03-07 11:45:39.890000),10.0,
S3_drink_1_extracted,Event_1,android.sensor.gyroscope,android.sensor.gyroscope_Event_1.data,503,4,0,0,0,epoch milliseconds (2018-03-07 11:45:39.882000),10.0,
S3_drink_1_extracted,Event_2,JinsAccelerometer,JinsAccelerometer_Event_2.data,101,4,0,0,0,epoch milliseconds (2018-03-07 11:45:50.907000),38.0,
S3_drink_1_extracted,Event_2,JinsBlinkSpeed,JinsBlinkSpeed_Event_2.data,101,2,0,0,0,epoch milliseconds (2018-03-07 11:45:50.907000),38.0,
S3_drink_1_extracted,Event_2,JinsBlinkStrength,JinsBlinkStrength_Event_2.data,101,2,0,0,0,epoch milliseconds (2018-03-07 11:45:50.907000),38.0,
S3_drink_1_extracted,Event_2,JinsEyeMovement,JinsEyeMovement_Event_2.data,101,5,0,0,0,epoch milliseconds (2018-03-07 11:45:50.907000),38.0,
S3_drink_1_extracted,Event_2,JinsGyroscope,JinsGyroscope_Event_2.data,101,4,0,0,0,epoch milliseconds (2018-03-07 11:45:50.907000),38.0,
S3_drink_1_extracted,Event_2,PhoneAccelerometer,PhoneAccelerometer_Event_2.data,1003,4,0,0,0,epoch milliseconds (2018-03-07 11:45:50.887000),5.0,
S3_drink_1_extracted,Event_2,PhoneGravity,PhoneGravity_Event_2.data,1002,4,0,0,0,epoch milliseconds (2018-03-07 11:45:50.889000),5.0,
S3_drink_1_extracted,Event_2,PhoneGyroscope,PhoneGyroscope_Event_2.data,1003,4,0,0,0,epoch milliseconds (2018-03-07 11:45:50.887000),5.0,
S3_drink_1_extracted,Event_2,PhoneLinearAccelerometer,PhoneLinearAccelerometer_Event_2.data,1002,4,0,0,0,epoch milliseconds (2018-03-07 11:45:50.892000),5.0,
S3_drink_1_extracted,Event_2,PhoneMagnetometer,PhoneMagnetometer_Event_2.data,501,4,0,0,0,epoch milliseconds (2018-03-07 11:45:50.887000),10.0,
S3_drink_1_extracted,Event_2,android.sensor.accelerometer,android.sensor.accelerometer_Event_2.data,502,4,0,0,0,epoch milliseconds (2018-03-07 11:45:50.894000),10.0,
S3_drink_1_extracted,Event_2,android.sensor.gyroscope,android.sensor.gyroscope_Event_2.data,502,4,0,0,0,epoch milliseconds (2018-03-07 11:45:50.891000),10.0,
S3_drink_1_extracted,Event_3,JinsAccelerometer,JinsAccelerometer_Event_3.data,104,4,0,0,0,epoch milliseconds (2018-03-07 11:46:02.047000),38.0,
S3_drink_1_extracted,Event_3,JinsBlinkSpeed,JinsBlinkSpeed_Event_3.data,104,2,0,0,0,epoch milliseconds (2018-03-07 11:46:02.047000),38.0,
S3_drink_1_extracted,Event_3,JinsBlinkStrength,JinsBlinkStrength_Event_3.data,104,2,0,0,0,epoch milliseconds (2018-03-07 11:46:02.047000),38.0,
S3_drink_1_extracted,Event_3,JinsEyeMovement,JinsEyeMovement_Event_3.data,104,5,0,0,0,epoch milliseconds (2018-03-07 11:46:02.047000),38.0,
S3_drink_1_extracted,Event_3,JinsGyroscope,JinsGyroscope_Event_3.data,104,4,0,0,0,epoch milliseconds (2018-03-07 11:46:02.047000),38.0,
S3_drink_1_extracted,Event_3,PhoneAccelerometer,PhoneAccelerometer_Event_3.data,1003,4,0,0,0,epoch milliseconds (2018-03-07 11:46:02.039000),5.0,
S3_drink_1_extracted,Event_3,PhoneGravity,PhoneGravity_Event_3.data,1003,4,0,0,0,epoch milliseconds (2018-03-07 11:46:02.042000),5.0,
S3_drink_1_extracted,Event_3,PhoneGyroscope,PhoneGyroscope_Event_3.data,1004,4,0,0,0,epoch milliseconds (2018-03-07 11:46:02.039000),5.0,
S3_drink_1_extracted,Event_3,PhoneLinearAccelerometer,PhoneLinearAccelerometer_Event_3.data,1004,4,0,0,0,epoch milliseconds (2018-03-07 11:46:02.042000),5.0,
S3_drink_1_extracted,Event_3,PhoneMagnetometer,PhoneMagnetometer_Event_3.data,501,4,0,0,0,epoch milliseconds (2018-03-07 11:46:02.043000),10.0,
S3_drink_1_extracted,Event_3,android.sensor.accelerometer,android.sensor.accelerometer_Event_3.data,495,4,0,0,0,epoch milliseconds (2018-03-07 11:46:02.044000),10.0,
S3_drink_1_extracted,Event_3,android.sensor.gyroscope,android.sensor.gyroscope_Event_3.data,495,4,0,0,0,epoch milliseconds (2018-03-07 11:46:02.049000),10.0,
S3_drink_1_extracted,Event_4,JinsAccelerometer,JinsAccelerometer_Event_4.data,103,4,0,0,0,epoch milliseconds (2018-03-07 11:46:13.565000),37.0,
S3_drink_1_extracted,Event_4,JinsBlinkSpeed,JinsBlinkSpeed_Event_4.data,103,2,0,0,0,epoch milliseconds (2018-03-07 11:46:13.565000),37.0,
S3_drink_1_extracted,Event_4,JinsBlinkStrength,JinsBlinkStrength_Event_4.data,103,2,0,0,0,epoch milliseconds (2018-03-07 11:46:13.565000),37.0,
S3_drink_1_extracted,Event_4,JinsEyeMovement,JinsEyeMovement_Event_4.data,103,5,0,0,0,epoch milliseconds (2018-03-07 11:46:13.565000),37.0,
S3_drink_1_extracted,Event_4,JinsGyroscope,JinsGyroscope_Event_4.data,103,4,0,0,0,epoch milliseconds (2018-03-07 11:46:13.565000),37.0,
S3_drink_1_extracted,Event_4,PhoneAccelerometer,PhoneAccelerometer_Event_4.data,1003,4,0,0,0,epoch milliseconds (2018-03-07 11:46:13.562000),5.0,
S3_drink_1_extracted,Event_4,PhoneGravity,PhoneGravity_Event_4.data,1004,4,0,0,0,epoch milliseconds (2018-03-07 11:46:13.559000),5.0,
S3_drink_1_extracted,Event_4,PhoneGyroscope,PhoneGyroscope_Event_4.data,1003,4,0,0,0,epoch milliseconds (2018-03-07 11:46:13.561000),5.0,
S3_drink_1_extracted,Event_4,PhoneLinearAccelerometer,PhoneLinearAccelerometer_Event_4.data,1006,4,0,0,0,epoch milliseconds (2018-03-07 11:46:13.560000),5.0,
S3_drink_1_extracted,Event_4,PhoneMagnetometer,PhoneMagnetometer_Event_4.data,501,4,0,0,0,epoch milliseconds (2018-03-07 11:46:13.562000),10.0,
S3_drink_1_extracted,Event_4,android.sensor.accelerometer,android.sensor.accelerometer_Event_4.data,503,4,0,0,0,epoch milliseconds (2018-03-07 11:46:13.564000),10.0,
S3_drink_1_extracted,Event_4,android.sensor.gyroscope,android.sensor.gyroscope_Event_4.data,504,4,0,0,0,epoch milliseconds (2018-03-07 11:46:13.560000),10.0,
S3_drink_1_extracted,Event_5,JinsAccelerometer,JinsAccelerometer_Event_5.data,101,4,0,0,0,epoch milliseconds (2018-03-07 11:46:26.984000),38.0,
S3_drink_1_extracted,Event_5,JinsBlinkSpeed,JinsBlinkSpeed_Event_5.data,101,2,0,0,0,epoch milliseconds (2018-03-07 11:46:26.984000),38.0,
S3_drink_1_extracted,Event_5,JinsBlinkStrength,JinsBlinkStrength_Event_5.data,101,2,0,0,0,epoch milliseconds (2018-03-07 11:46:26.984000),38.0,
S3_drink_1_extracted,Event_5,JinsEyeMovement,JinsEyeMovement_Event_5.data,101,5,0,0,0,epoch milliseconds (2018-03-07 11:46:26.984000),38.0,
S3_drink_1_extracted,Event_5,JinsGyroscope,JinsGyroscope_Event_5.data,101,4,0,0,0,epoch milliseconds (2018-03-07 11:46:26.984000),38.0,
S3_drink_1_extracted,Event_5,PhoneAccelerometer,PhoneAccelerometer_Event_5.data,1004,4,0,0,0,epoch milliseconds (2018-03-07 11:46:26.891000),5.0,
S3_drink_1_extracted,Event_5,PhoneGravity,PhoneGravity_Event_5.data,1003,4,0,0,0,epoch milliseconds (2018-03-07 11:46:26.892000),5.0,
S3_drink_1_extracted,Event_5,PhoneGyroscope,PhoneGyroscope_Event_5.data,1001,4,0,0,0,epoch milliseconds (2018-03-07 11:46:26.890000),5.0,
S3_drink_1_extracted,Event_5,PhoneLinearAccelerometer,PhoneLinearAccelerometer_Event_5.data,1003,4,0,0,0,epoch milliseconds (2018-03-07 11:46:26.888000),5.0,
S3_drink_1_extracted,Event_5,PhoneMagnetometer,PhoneMagnetometer_Event_5.data,501,4,0,0,0,epoch milliseconds (2018-03-07 11:46:26.895000),10.0,
S3_drink_1_extracted,Event_5,android.sensor.accelerometer,android.sensor.accelerometer_Event_5.data,503,4,0,0,0,epoch milliseconds (2018-03-07 11:46:26.895000),10.0,
S3_drink_1_extracted,Event_5,android.sensor.gyroscope,android.sensor.gyroscope_Event_5.data,502,4,0,0,0,epoch milliseconds (2018-03-07 11:46:26.894000),10.0,
S3_drink_1_extracted,Event_6,JinsAccelerometer,JinsAccelerometer_Event_6.data,100,4,0,0,0,epoch milliseconds (2018-03-07 11:46:37.826000),38.0,
S3_drink_1_extracted,Event_6,JinsBlinkSpeed,JinsBlinkSpeed_Event_6.data,100,2,0,0,0,epoch milliseconds (2018-03-07 11:46:37.826000),38.0,
S3_drink_1_extracted,Event_6,JinsBlinkStrength,JinsBlinkStrength_Event_6.data,100,2,0,0,0,epoch milliseconds (2018-03-07 11:46:37.826000),38.0,
S3_drink_1_extracted,Event_6,JinsEyeMovement,JinsEyeMovement_Event_6.data,100,5,0,0,0,epoch milliseconds (2018-03-07 11:46:37.826000),38.0,
S3_drink_1_extracted,Event_6,JinsGyroscope,JinsGyroscope_Event_6.data,100,4,0,0,0,epoch milliseconds (2018-03-07 11:46:37.826000),38.0,
S3_drink_1_extracted,Event_6,PhoneAccelerometer,PhoneAccelerometer_Event_6.data,1004,4,0,0,0,epoch milliseconds (2018-03-07 11:46:37.799000),5.0,
S3_drink_1_extracted,Event_6,PhoneGravity,PhoneGravity_Event_6.data,1004,4,0,0,0,epoch milliseconds (2018-03-07 11:46:37.799000),5.0,
S3_drink_1_extracted,Event_6,PhoneGyroscope,PhoneGyroscope_Event_6.data,1003,4,0,0,0,epoch milliseconds (2018-03-07 11:46:37.804000),5.0,
S3_drink_1_extracted,Event_6,PhoneLinearAccelerometer,PhoneLinearAccelerometer_Event_6.data,1006,4,0,0,0,epoch milliseconds (2018-03-07 11:46:37.801000),5.0,
S3_drink_1_extracted,Event_6,PhoneMagnetometer,PhoneMagnetometer_Event_6.data,501,4,0,0,0,epoch milliseconds (2018-03-07 11:46:37.799000),10.0,
S3_drink_1_extracted,Event_6,android.sensor.accelerometer,android.sensor.accelerometer_Event_6.data,499,4,0,0,0,epoch milliseconds (2018-03-07 11:46:37.808000),10.0,
S3_drink_1_extracted,Event_6,android.sensor.gyroscope,android.sensor.gyroscope_Event_6.data,500,4,0,0,0,epoch milliseconds (2018-03-07 11:46:37.805000),10.0,
S3_drink_2_extracted,Event_0,JinsAccelerometer,JinsAccelerometer_Event_0.data,104,4,0,0,0,epoch milliseconds (2018-03-07 11:48:45.293000),38.0,
S3_drink_2_extracted,Event_0,JinsBlinkSpeed,JinsBlinkSpeed_Event_0.data,104,2,0,0,0,epoch milliseconds (2018-03-07 11:48:45.293000),38.0,
S3_drink_2_extracted,Event_0,JinsBlinkStrength,JinsBlinkStrength_Event_0.data,104,2,0,0,0,epoch milliseconds (2018-03-07 11:48:45.293000),38.0,
S3_drink_2_extracted,Event_0,JinsEyeMovement,JinsEyeMovement_Event_0.data,104,5,0,0,0,epoch milliseconds (2018-03-07 11:48:45.293000),38.0,
S3_drink_2_extracted,Event_0,JinsGyroscope,JinsGyroscope_Event_0.data,104,4,0,0,0,epoch milliseconds (2018-03-07 11:48:45.293000),38.0,
S3_drink_2_extracted,Event_0,PhoneAccelerometer,PhoneAccelerometer_Event_0.data,1003,4,0,0,0,epoch milliseconds (2018-03-07 11:48:45.234000),5.0,
S3_drink_2_extracted,Event_0,PhoneGravity,PhoneGravity_Event_0.data,1003,4,0,0,0,epoch milliseconds (2018-03-07 11:48:45.233000),5.0,
S3_drink_2_extracted,Event_0,PhoneGyroscope,PhoneGyroscope_Event_0.data,1002,4,0,0,0,epoch milliseconds (2018-03-07 11:48:45.233000),5.0,
S3_drink_2_extracted,Event_0,PhoneLinearAccelerometer,PhoneLinearAccelerometer_Event_0.data,1005,4,0,0,0,epoch milliseconds (2018-03-07 11:48:45.234000),5.0,
S3_drink_2_extracted,Event_0,PhoneMagnetometer,PhoneMagnetometer_Event_0.data,501,4,0,0,0,epoch milliseconds (2018-03-07 11:48:45.239000),10.0,
S3_drink_2_extracted,Event_0,android.sensor.accelerometer,android.sensor.accelerometer_Event_0.data,506,4,0,0,0,epoch milliseconds (2018-03-07 11:48:45.237000),10.0,
S3_drink_2_extracted,Event_0,android.sensor.gyroscope,android.sensor.gyroscope_Event_0.data,506,4,0,0,0,epoch milliseconds (2018-03-07 11:48:45.232000),10.0,
S3_drink_2_extracted,Event_1,JinsAccelerometer,JinsAccelerometer_Event_1.data,120,4,0,0,0,epoch milliseconds (2018-03-07 11:48:57.286000),35.5,
S3_drink_2_extracted,Event_1,JinsBlinkSpeed,JinsBlinkSpeed_Event_1.data,120,2,0,0,0,epoch milliseconds (2018-03-07 11:48:57.286000),35.5,
S3_drink_2_extracted,Event_1,JinsBlinkStrength,JinsBlinkStrength_Event_1.data,120,2,0,0,0,epoch milliseconds (2018-03-07 11:48:57.286000),35.5,
S3_drink_2_extracted,Event_1,JinsEyeMovement,JinsEyeMovement_Event_1.data,120,5,0,0,0,epoch milliseconds (2018-03-07 11:48:57.286000),35.5,
S3_drink_2_extracted,Event_1,JinsGyroscope,JinsGyroscope_Event_1.data,120,4,0,0,0,epoch milliseconds (2018-03-07 11:48:57.286000),35.5,
S3_drink_2_extracted,Event_1,PhoneAccelerometer,PhoneAccelerometer_Event_1.data,999,4,0,0,0,epoch milliseconds (2018-03-07 11:48:57.209000),5.0,
S3_drink_2_extracted,Event_1,PhoneGravity,PhoneGravity_Event_1.data,1003,4,0,0,0,epoch milliseconds (2018-03-07 11:48:57.210000),5.0,
S3_drink_2_extracted,Event_1,PhoneGyroscope,PhoneGyroscope_Event_1.data,1004,4,0,0,0,epoch milliseconds (2018-03-07 11:48:57.212000),5.0,
S3_drink_2_extracted,Event_1,PhoneLinearAccelerometer,PhoneLinearAccelerometer_Event_1.data,1002,4,0,0,0,epoch milliseconds (2018-03-07 11:48:57.208000),5.0,
S3_drink_2_extracted,Event_1,PhoneMagnetometer,PhoneMagnetometer_Event_1.data,501,4,0,0,0,epoch milliseconds (2018-03-07 11:48:57.214000),10.0,
S3_drink_2_extracted,Event_1,android.sensor.accelerometer,android.sensor.accelerometer_Event_1.data,505,4,0,0,0,epoch milliseconds (2018-03-07 11:48:57.212000),10.0,
S3_drink_2_extracted,Event_1,android.sensor.gyroscope,android.sensor.gyroscope_Event_1.data,504,4,0,0,0,epoch milliseconds (2018-03-07 11:48:57.217000),10.0,
S3_drink_2_extracted,Event_2,JinsAccelerometer,JinsAccelerometer_Event_2.data,104,4,0,0,0,epoch milliseconds (2018-03-07 11:49:10.863000),36.5,
S3_drink_2_extracted,Event_2,JinsBlinkSpeed,JinsBlinkSpeed_Event_2.data,104,2,0,0,0,epoch milliseconds (2018-03-07 11:49:10.863000),36.5,
S3_drink_2_extracted,Event_2,JinsBlinkStrength,JinsBlinkStrength_Event_2.data,104,2,0,0,0,epoch milliseconds (2018-03-07 11:49:10.863000),36.5,
S3_drink_2_extracted,Event_2,JinsEyeMovement,JinsEyeMovement_Event_2.data,104,5,0,0,0,epoch milliseconds (2018-03-07 11:49:10.863000),36.5,
S3_drink_2_extracted,Event_2,JinsGyroscope,JinsGyroscope_Event_2.data,104,4,0,0,0,epoch milliseconds (2018-03-07 11:49:10.863000),36.5,
S3_drink_2_extracted,Event_2,PhoneAccelerometer,PhoneAccelerometer_Event_2.data,999,4,0,0,0,epoch milliseconds (2018-03-07 11:49:10.849000),5.0,
S3_drink_2_extracted,Event_2,PhoneGravity,PhoneGravity_Event_2.data,1005,4,0,0,0,epoch milliseconds (2018-03-07 11:49:10.848000),5.0,
S3_drink_2_extracted,Event_2,PhoneGyroscope,PhoneGyroscope_Event_2.data,1005,4,0,0,0,epoch milliseconds (2018-03-07 11:49:10.850000),5.0,
S3_drink_2_extracted,Event_2,PhoneLinearAccelerometer,PhoneLinearAccelerometer_Event_2.data,1004,4,0,0,0,epoch milliseconds (2018-03-07 11:49:10.848000),5.0,
S3_drink_2_extracted,Event_2,PhoneMagnetometer,PhoneMagnetometer_Event_2.data,502,4,0,0,0,epoch milliseconds (2018-03-07 11:49:10.848000),10.0,
S3_drink_2_extracted,Event_2,android.sensor.accelerometer,android.sensor.accelerometer_Event_2.data,499,4,0,0,0,epoch milliseconds (2018-03-07 11:49:10.855000),10.0,
S3_drink_2_extracted,Event_2,android.sensor.gyroscope,android.sensor.gyroscope_Event_2.data,499,4,0,0,0,epoch milliseconds (2018-03-07 11:49:10.851000),10.0,
S3_drink_2_extracted,Event_3,JinsAccelerometer,JinsAccelerometer_Event_3.data,99,4,0,0,0,epoch milliseconds (2018-03-07 11:49:21.738000),38.0,
S3_drink_2_extracted,Event_3,JinsBlinkSpeed,JinsBlinkSpeed_Event_3.data,99,2,0,0,0,epoch milliseconds (2018-03-07 11:49:21.738000),38.0,
S3_drink_2_extracted,Event_3,JinsBlinkStrength,JinsBlinkStrength_Event_3.data,99,2,0,0,0,epoch milliseconds (2018-03-07 11:49:21.738000),38.0,
S3_drink_2_extracted,Event_3,JinsEyeMovement,JinsEyeMovement_Event_3.data,99,5,0,0,0,epoch milliseconds (2018-03-07 11:49:21.738000),38.0,
S3_drink_2_extracted,Event_3,JinsGyroscope,JinsGyroscope_Event_3.data,99,4,0,0,0,epoch milliseconds (2018-03-07 11:49:21.738000),38.0,
S3_drink_2_extracted,Event_3,PhoneAccelerometer,PhoneAccelerometer_Event_3.data,1003,4,0,0,0,epoch milliseconds (2018-03-07 11:49:21.723000),5.0,
S3_drink_2_extracted,Event_3,PhoneGravity,PhoneGravity_Event_3.data,993,4,0,0,0,epoch milliseconds (2018-03-07 11:49:21.722000),5.0,
S3_drink_2_extracted,Event_3,PhoneGyroscope,PhoneGyroscope_Event_3.data,993,4,0,0,0,epoch milliseconds (2018-03-07 11:49:21.724000),5.0,
S3_drink_2_extracted,Event_3,PhoneLinearAccelerometer,PhoneLinearAccelerometer_Event_3.data,996,4,0,0,0,epoch milliseconds (2018-03-07 11:49:21.721000),5.0,
S3_drink_2_extracted,Event_3,PhoneMagnetometer,PhoneMagnetometer_Event_3.data,501,4,0,0,0,epoch milliseconds (2018-03-07 11:49:21.722000),10.0,
S3_drink_2_extracted,Event_3,android.sensor.accelerometer,android.sensor.accelerometer_Event_3.data,508,4,0,0,0,epoch milliseconds (2018-03-07 11:49:21.728000),10.0,
S3_drink_2_extracted,Event_3,android.sensor.gyroscope,android.sensor.gyroscope_Event_3.data,508,4,0,0,0,epoch milliseconds (2018-03-07 11:49:21.729000),10.0,
S3_drink_2_extracted,Event_4,JinsAccelerometer,JinsAccelerometer_Event_4.data,104,4,0,0,0,epoch milliseconds (2018-03-07 11:49:35.120000),38.0,
S3_drink_2_extracted,Event_4,JinsBlinkSpeed,JinsBlinkSpeed_Event_4.data,104,2,0,0,0,epoch milliseconds (2018-03-07 11:49:35.120000),38.0,
S3_drink_2_extracted,Event_4,JinsBlinkStrength,JinsBlinkStrength_Event_4.data,104,2,0,0,0,epoch milliseconds (2018-03-07 11:49:35.120000),38.0,
S3_drink_2_extracted,Event_4,JinsEyeMovement,JinsEyeMovement_Event_4.data,104,5,0,0,0,epoch milliseconds (2018-03-07 11:49:35.120000),38.0,
S3_drink_2_extracted,Event_4,JinsGyroscope,JinsGyroscope_Event_4.data,104,4,0,0,0,epoch milliseconds (2018-03-07 11:49:35.120000),38.0,
S3_drink_2_extracted,Event_4,PhoneAccelerometer,PhoneAccelerometer_Event_4.data,1004,4,0,0,0,epoch milliseconds (2018-03-07 11:49:34.442000),5.0,
S3_drink_2_extracted,Event_4,PhoneGravity,PhoneGravity_Event_4.data,1008,4,0,0,0,epoch milliseconds (2018-03-07 11:49:34.442000),5.0,
S3_drink_2_extracted,Event_4,PhoneGyroscope,PhoneGyroscope_Event_4.data,1005,4,0,0,0,epoch milliseconds (2018-03-07 11:49:34.443000),5.0,
S3_drink_2_extracted,Event_4,PhoneLinearAccelerometer,PhoneLinearAccelerometer_Event_4.data,1002,4,0,0,0,epoch milliseconds (2018-03-07 11:49:34.443000),5.0,
S3_drink_2_extracted,Event_4,PhoneMagnetometer,PhoneMagnetometer_Event_4.data,501,4,0,0,0,epoch milliseconds (2018-03-07 11:49:34.443000),10.0,
S3_drink_2_extracted,Event_4,android.sensor.accelerometer,android.sensor.accelerometer_Event_4.data,494,4,0,0,0,epoch milliseconds (2018-03-07 11:49:34.445000),10.0,
S3_drink_2_extracted,Event_4,android.sensor.gyroscope,android.sensor.gyroscope_Event_4.data,494,4,0,0,0,epoch milliseconds (2018-03-07 11:49:34.444000),10.0,
S3_drink_2_extracted,Event_5,JinsAccelerometer,JinsAccelerometer_Event_5.data,98,4,0,0,0,epoch milliseconds (2018-03-07 11:49:51.434000),2.0,
S3_drink_2_extracted,Event_5,JinsBlinkSpeed,JinsBlinkSpeed_Event_5.data,98,2,0,0,0,epoch milliseconds (2018-03-07 11:49:51.434000),2.0,
S3_drink_2_extracted,Event_5,JinsBlinkStrength,JinsBlinkStrength_Event_5.data,98,2,0,0,0,epoch milliseconds (2018-03-07 11:49:51.434000),2.0,
S3_drink_2_extracted,Event_5,JinsEyeMovement,JinsEyeMovement_Event_5.data,98,5,0,0,0,epoch milliseconds (2018-03-07 11:49:51.434000),2.0,
S3_drink_2_extracted,Event_5,JinsGyroscope,JinsGyroscope_Event_5.data,98,4,0,0,0,epoch milliseconds (2018-03-07 11:49:51.434000),2.0,
S3_drink_2_extracted,Event_5,PhoneAccelerometer,PhoneAccelerometer_Event_5.data,1003,4,0,0,0,epoch milliseconds (2018-03-07 11:49:51.397000),5.0,
S3_drink_2_extracted,Event_5,PhoneGravity,PhoneGravity_Event_5.data,1002,4,0,0,0,epoch milliseconds (2018-03-07 11:49:51.398000),5.0,
S3_drink_2_extracted,Event_5,PhoneGyroscope,PhoneGyroscope_Event_5.data,1005,4,0,0,0,epoch milliseconds (2018-03-07 11:49:51.394000),5.0,
S3_drink_2_extracted,Event_5,PhoneLinearAccelerometer,PhoneLinearAccelerometer_Event_5.data,1002,4,0,0,0,epoch milliseconds (2018-03-07 11:49:51.398000),5.0,
S3_drink_2_extracted,Event_5,PhoneMagnetometer,PhoneMagnetometer_Event_5.data,501,4,0,0,0,epoch milliseconds (2018-03-07 11:49:51.398000),10.0,
S3_drink_2_extracted,Event_5,android.sensor.accelerometer,android.sensor.accelerometer_Event_5.data,481,4,0,0,0,epoch milliseconds (2018-03-07 11:49:51.400000),10.0,
S3_drink_2_extracted,Event_5,android.sensor.gyroscope,android.sensor.gyroscope_Event_5.data,479,4,0,0,0,epoch milliseconds (2018-03-07 11:49:51.399000),10.0,
S3_drink_2_extracted,Event_6,JinsAccelerometer,JinsAccelerometer_Event_6.data,100,4,0,0,0,epoch milliseconds (2018-03-07 11:50:04.414000),38.0,
S3_drink_2_extracted,Event_6,JinsBlinkSpeed,JinsBlinkSpeed_Event_6.data,100,2,0,0,0,epoch milliseconds (2018-03-07 11:50:04.414000),38.0,
S3_drink_2_extracted,Event_6,JinsBlinkStrength,JinsBlinkStrength_Event_6.data,100,2,0,0,0,epoch milliseconds (2018-03-07 11:50:04.414000),38.0,
S3_drink_2_extracted,Event_6,JinsEyeMovement,JinsEyeMovement_Event_6.data,100,5,0,0,0,epoch milliseconds (2018-03-07 11:50:04.414000),38.0,
S3_drink_2_extracted,Event_6,JinsGyroscope,JinsGyroscope_Event_6.data,100,4,0,0,0,epoch milliseconds (2018-03-07 11:50:04.414000),38.0,
S3_drink_2_extracted,Event_6,PhoneAccelerometer,PhoneAccelerometer_Event_6.data,1003,4,0,0,0,epoch milliseconds (2018-03-07 11:50:04.388000),5.0,
S3_drink_2_extracted,Event_6,PhoneGravity,PhoneGravity_Event_6.data,1004,4,0,0,0,epoch milliseconds (2018-03-07 11:50:04.385000),5.0,
S3_drink_2_extracted,Event_6,PhoneGyroscope,PhoneGyroscope_Event_6.data,1000,4,0,0,0,epoch milliseconds (2018-03-07 11:50:04.388000),5.0,
S3_drink_2_extracted,Event_6,PhoneLinearAccelerometer,PhoneLinearAccelerometer_Event_6.data,1003,4,0,0,0,epoch milliseconds (2018-03-07 11:50:04.386000),5.0,
S3_drink_2_extracted,Event_6,PhoneMagnetometer,PhoneMagnetometer_Event_6.data,502,4,0,0,0,epoch milliseconds (2018-03-07 11:50:04.386000),10.0,
S3_drink_2_extracted,Event_6,android.sensor.accelerometer,android.sensor.accelerometer_Event_6.data,490,4,0,0,0,epoch milliseconds (2018-03-07 11:50:04.386000),10.0,
S3_drink_2_extracted,Event_6,android.sensor.gyroscope,android.sensor.gyroscope_Event_6.data,489,4,0,0,0,epoch milliseconds (2018-03-07 11:50:04.392000),10.0,
S3_dryoffhand_1_extracted,Event_0,JinsAccelerometer,JinsAccelerometer_Event_0.data,97,4,0,0,0,epoch milliseconds (2018-03-07 14:06:29.966000),37.0,
S3_dryoffhand_1_extracted,Event_0,JinsBlinkSpeed,JinsBlinkSpeed_Event_0.data,97,2,0,0,0,epoch milliseconds (2018-03-07 14:06:29.966000),37.0,
S3_dryoffhand_1_extracted,Event_0,JinsBlinkStrength,JinsBlinkStrength_Event_0.data,97,2,0,0,0,epoch milliseconds (2018-03-07 14:06:29.966000),37.0,
S3_dryoffhand_1_extracted,Event_0,JinsEyeMovement,JinsEyeMovement_Event_0.data,97,5,0,0,0,epoch milliseconds (2018-03-07 14:06:29.966000),37.0,
S3_dryoffhand_1_extracted,Event_0,JinsGyroscope,JinsGyroscope_Event_0.data,97,4,0,0,0,epoch milliseconds (2018-03-07 14:06:29.966000),37.0,
S3_dryoffhand_1_extracted,Event_0,PhoneAccelerometer,PhoneAccelerometer_Event_0.data,1004,4,0,0,0,epoch milliseconds (2018-03-07 14:06:29.961000),5.0,
S3_dryoffhand_1_extracted,Event_0,PhoneGravity,PhoneGravity_Event_0.data,1004,4,0,0,0,epoch milliseconds (2018-03-07 14:06:29.959000),5.0,
S3_dryoffhand_1_extracted,Event_0,PhoneGyroscope,PhoneGyroscope_Event_0.data,1003,4,0,0,0,epoch milliseconds (2018-03-07 14:06:29.960000),5.0,
S3_dryoffhand_1_extracted,Event_0,PhoneLinearAccelerometer,PhoneLinearAccelerometer_Event_0.data,1003,4,0,0,0,epoch milliseconds (2018-03-07 14:06:29.959000),5.0,
S3_dryoffhand_1_extracted,Event_0,PhoneMagnetometer,PhoneMagnetometer_Event_0.data,502,4,0,0,0,epoch milliseconds (2018-03-07 14:06:29.960000),10.0,
S3_dryoffhand_1_extracted,Event_0,android.sensor.accelerometer,android.sensor.accelerometer_Event_0.data,503,4,0,0,0,epoch milliseconds (2018-03-07 14:06:29.984000),10.0,
S3_dryoffhand_1_extracted,Event_0,android.sensor.gyroscope,android.sensor.gyroscope_Event_0.data,502,4,0,0,0,epoch milliseconds (2018-03-07 14:06:29.982000),10.0,
S3_dryoffhand_1_extracted,Event_2,JinsAccelerometer,JinsAccelerometer_Event_2.data,99,4,0,0,0,epoch milliseconds (2018-03-07 14:06:48.152000),38.0,
S3_dryoffhand_1_extracted,Event_2,JinsBlinkSpeed,JinsBlinkSpeed_Event_2.data,99,2,0,0,0,epoch milliseconds (2018-03-07 14:06:48.152000),38.0,
S3_dryoffhand_1_extracted,Event_2,JinsBlinkStrength,JinsBlinkStrength_Event_2.data,99,2,0,0,0,epoch milliseconds (2018-03-07 14:06:48.152000),38.0,
S3_dryoffhand_1_extracted,Event_2,JinsEyeMovement,JinsEyeMovement_Event_2.data,99,5,0,0,0,epoch milliseconds (2018-03-07 14:06:48.152000),38.0,
S3_dryoffhand_1_extracted,Event_2,JinsGyroscope,JinsGyroscope_Event_2.data,99,4,0,0,0,epoch milliseconds (2018-03-07 14:06:48.152000),38.0,
S3_dryoffhand_1_extracted,Event_2,PhoneAccelerometer,PhoneAccelerometer_Event_2.data,1003,4,0,0,0,epoch milliseconds (2018-03-07 14:06:48.141000),5.0,
S3_dryoffhand_1_extracted,Event_2,PhoneGravity,PhoneGravity_Event_2.data,1005,4,0,0,0,epoch milliseconds (2018-03-07 14:06:48.138000),5.0,
S3_dryoffhand_1_extracted,Event_2,PhoneGyroscope,PhoneGyroscope_Event_2.data,1005,4,0,0,0,epoch milliseconds (2018-03-07 14:06:48.139000),5.0,
S3_dryoffhand_1_extracted,Event_2,PhoneLinearAccelerometer,PhoneLinearAccelerometer_Event_2.data,1003,4,0,0,0,epoch milliseconds (2018-03-07 14:06:48.139000),5.0,
S3_dryoffhand_1_extracted,Event_2,PhoneMagnetometer,PhoneMagnetometer_Event_2.data,501,4,0,0,0,epoch milliseconds (2018-03-07 14:06:48.143000),10.0,
S3_dryoffhand_1_extracted,Event_2,android.sensor.accelerometer,android.sensor.accelerometer_Event_2.data,504,4,0,0,0,epoch milliseconds (2018-03-07 14:06:48.141000),10.0,
S3_dryoffhand_1_extracted,Event_2,android.sensor.gyroscope,android.sensor.gyroscope_Event_2.data,505,4,0,0,0,epoch milliseconds (2018-03-07 14:06:48.138000),10.0,
S3_dryoffhand_1_extracted,Event_3,JinsAccelerometer,JinsAccelerometer_Event_3.data,90,4,0,0,0,epoch milliseconds (2018-03-07 14:06:57.606000),36.0,
S3_dryoffhand_1_extracted,Event_3,JinsBlinkSpeed,JinsBlinkSpeed_Event_3.data,90,2,0,0,0,epoch milliseconds (2018-03-07 14:06:57.606000),36.0,
S3_dryoffhand_1_extracted,Event_3,JinsBlinkStrength,JinsBlinkStrength_Event_3.data,90,2,0,0,0,epoch milliseconds (2018-03-07 14:06:57.606000),36.0,
S3_dryoffhand_1_extracted,Event_3,JinsEyeMovement,JinsEyeMovement_Event_3.data,90,5,0,0,0,epoch milliseconds (2018-03-07 14:06:57.606000),36.0,
S3_dryoffhand_1_extracted,Event_3,JinsGyroscope,JinsGyroscope_Event_3.data,90,4,0,0,0,epoch milliseconds (2018-03-07 14:06:57.606000),36.0,
S3_dryoffhand_1_extracted,Event_3,PhoneAccelerometer,PhoneAccelerometer_Event_3.data,999,4,0,0,0,epoch milliseconds (2018-03-07 14:06:57.477000),5.0,
S3_dryoffhand_1_extracted,Event_3,PhoneGravity,PhoneGravity_Event_3.data,1004,4,0,0,0,epoch milliseconds (2018-03-07 14:06:57.481000),5.0,
S3_dryoffhand_1_extracted,Event_3,PhoneGyroscope,PhoneGyroscope_Event_3.data,1005,4,0,0,0,epoch milliseconds (2018-03-07 14:06:57.481000),5.0,
S3_dryoffhand_1_extracted,Event_3,PhoneLinearAccelerometer,PhoneLinearAccelerometer_Event_3.data,1002,4,0,0,0,epoch milliseconds (2018-03-07 14:06:57.479000),5.0,
S3_dryoffhand_1_extracted,Event_3,PhoneMagnetometer,PhoneMagnetometer_Event_3.data,494,4,0,0,0,epoch milliseconds (2018-03-07 14:06:57.477000),10.0,
S3_dryoffhand_1_extracted,Event_3,android.sensor.accelerometer,android.sensor.accelerometer_Event_3.data,495,4,0,0,0,epoch milliseconds (2018-03-07 14:06:57.479000),10.0,
S3_dryoffhand_1_extracted,Event_3,android.sensor.gyroscope,android.sensor.gyroscope_Event_3.data,495,4,0,0,0,epoch milliseconds (2018-03-07 14:06:57.482000),10.0,
S3_dryoffhand_1_extracted,Event_4,JinsAccelerometer,JinsAccelerometer_Event_4.data,99,4,0,0,0,epoch milliseconds (2018-03-07 14:07:08.250000),3.0,
S3_dryoffhand_1_extracted,Event_4,JinsBlinkSpeed,JinsBlinkSpeed_Event_4.data,99,2,0,0,0,epoch milliseconds (2018-03-07 14:07:08.250000),3.0,
S3_dryoffhand_1_extracted,Event_4,JinsBlinkStrength,JinsBlinkStrength_Event_4.data,99,2,0,0,0,epoch milliseconds (2018-03-07 14:07:08.250000),3.0,
S3_dryoffhand_1_extracted,Event_4,JinsEyeMovement,JinsEyeMovement_Event_4.data,99,5,0,0,0,epoch milliseconds (2018-03-07 14:07:08.250000),3.0,
S3_dryoffhand_1_extracted,Event_4,JinsGyroscope,JinsGyroscope_Event_4.data,99,4,0,0,0,epoch milliseconds (2018-03-07 14:07:08.250000),3.0,
S3_dryoffhand_1_extracted,Event_4,PhoneAccelerometer,PhoneAccelerometer_Event_4.data,1003,4,0,0,0,epoch milliseconds (2018-03-07 14:07:08.237000),5.0,
S3_dryoffhand_1_extracted,Event_4,PhoneGravity,PhoneGravity_Event_4.data,1003,4,0,0,0,epoch milliseconds (2018-03-07 14:07:08.237000),5.0,
S3_dryoffhand_1_extracted,Event_4,PhoneGyroscope,PhoneGyroscope_Event_4.data,1003,4,0,0,0,epoch milliseconds (2018-03-07 14:07:08.238000),5.0,
S3_dryoffhand_1_extracted,Event_4,PhoneLinearAccelerometer,PhoneLinearAccelerometer_Event_4.data,1004,4,0,0,0,epoch milliseconds (2018-03-07 14:07:08.239000),5.0,
S3_dryoffhand_1_extracted,Event_4,PhoneMagnetometer,PhoneMagnetometer_Event_4.data,501,4,0,0,0,epoch milliseconds (2018-03-07 14:07:08.237000),10.0,
S3_dryoffhand_1_extracted,Event_4,android.sensor.accelerometer,android.sensor.accelerometer_Event_4.data,512,4,0,0,0,epoch milliseconds (2018-03-07 14:07:08.244000),10.0,
S3_dryoffhand_1_extracted,Event_4,android.sensor.gyroscope,android.sensor.gyroscope_Event_4.data,512,4,0,0,0,epoch milliseconds (2018-03-07 14:07:08.239000),10.0,
S3_dryoffhand_1_extracted,Event_6,JinsAccelerometer,JinsAccelerometer_Event_6.data,106,4,0,0,0,epoch milliseconds (2018-03-07 14:07:29.551000),34.0,
S3_dryoffhand_1_extracted,Event_6,JinsBlinkSpeed,JinsBlinkSpeed_Event_6.data,106,2,0,0,0,epoch milliseconds (2018-03-07 14:07:29.551000),34.0,
S3_dryoffhand_1_extracted,Event_6,JinsBlinkStrength,JinsBlinkStrength_Event_6.data,106,2,0,0,0,epoch milliseconds (2018-03-07 14:07:29.551000),34.0,
S3_dryoffhand_1_extracted,Event_6,JinsEyeMovement,JinsEyeMovement_Event_6.data,106,5,0,0,0,epoch milliseconds (2018-03-07 14:07:29.551000),34.0,
S3_dryoffhand_1_extracted,Event_6,JinsGyroscope,JinsGyroscope_Event_6.data,106,4,0,0,0,epoch milliseconds (2018-03-07 14:07:29.551000),34.0,
S3_dryoffhand_1_extracted,Event_6,PhoneAccelerometer,PhoneAccelerometer_Event_6.data,1002,4,0,0,0,epoch milliseconds (2018-03-07 14:07:29.545000),5.0,
S3_dryoffhand_1_extracted,Event_6,PhoneGravity,PhoneGravity_Event_6.data,1002,4,0,0,0,epoch milliseconds (2018-03-07 14:07:29.541000),5.0,
S3_dryoffhand_1_extracted,Event_6,PhoneGyroscope,PhoneGyroscope_Event_6.data,1003,4,0,0,0,epoch milliseconds (2018-03-07 14:07:29.541000),5.0,
S3_dryoffhand_1_extracted,Event_6,PhoneLinearAccelerometer,PhoneLinearAccelerometer_Event_6.data,1002,4,0,0,0,epoch milliseconds (2018-03-07 14:07:29.544000),5.0,
S3_dryoffhand_1_extracted,Event_6,PhoneMagnetometer,PhoneMagnetometer_Event_6.data,501,4,0,0,0,epoch milliseconds (2018-03-07 14:07:29.544000),10.0,
S3_dryoffhand_1_extracted,Event_6,android.sensor.accelerometer,android.sensor.accelerometer_Event_6.data,495,4,0,0,0,epoch milliseconds (2018-03-07 14:07:29.545000),10.0,
S3_dryoffhand_1_extracted,Event_6,android.sensor.gyroscope,android.sensor.gyroscope_Event_6.data,494,4,0,0,0,epoch milliseconds (2018-03-07 14:07:29.548000),10.0,
S3_dryoffhand_1_extracted,Event_7,JinsAccelerometer,JinsAccelerometer_Event_7.data,101,4,0,0,0,epoch milliseconds (2018-03-07 14:07:38.217000),38.0,
S3_dryoffhand_1_extracted,Event_7,JinsBlinkSpeed,JinsBlinkSpeed_Event_7.data,101,2,0,0,0,epoch milliseconds (2018-03-07 14:07:38.217000),38.0,
S3_dryoffhand_1_extracted,Event_7,JinsBlinkStrength,JinsBlinkStrength_Event_7.data,101,2,0,0,0,epoch milliseconds (2018-03-07 14:07:38.217000),38.0,
S3_dryoffhand_1_extracted,Event_7,JinsEyeMovement,JinsEyeMovement_Event_7.data,101,5,0,0,0,epoch milliseconds (2018-03-07 14:07:38.217000),38.0,
S3_dryoffhand_1_extracted,Event_7,JinsGyroscope,JinsGyroscope_Event_7.data,101,4,0,0,0,epoch milliseconds (2018-03-07 14:07:38.217000),38.0,
S3_dryoffhand_1_extracted,Event_7,PhoneAccelerometer,PhoneAccelerometer_Event_7.data,1003,4,0,0,0,epoch milliseconds (2018-03-07 14:07:38.213000),5.0,
S3_dryoffhand_1_extracted,Event_7,PhoneGravity,PhoneGravity_Event_7.data,1003,4,0,0,0,epoch milliseconds (2018-03-07 14:07:38.215000),5.0,
S3_dryoffhand_1_extracted,Event_7,PhoneGyroscope,PhoneGyroscope_Event_7.data,1007,4,0,0,0,epoch milliseconds (2018-03-07 14:07:38.212000),5.0,
S3_dryoffhand_1_extracted,Event_7,PhoneLinearAccelerometer,PhoneLinearAccelerometer_Event_7.data,1004,4,0,0,0,epoch milliseconds (2018-03-07 14:07:38.216000),5.0,
S3_dryoffhand_1_extracted,Event_7,PhoneMagnetometer,PhoneMagnetometer_Event_7.data,501,4,0,0,0,epoch milliseconds (2018-03-07 14:07:38.216000),10.0,
S3_dryoffhand_1_extracted,Event_7,android.sensor.accelerometer,android.sensor.accelerometer_Event_7.data,496,4,0,0,0,epoch milliseconds (2018-03-07 14:07:38.219000),10.0,
S3_dryoffhand_1_extracted,Event_7,android.sensor.gyroscope,android.sensor.gyroscope_Event_7.data,497,4,0,0,0,epoch milliseconds (2018-03-07 14:07:38.213000),10.0,
S3_dryoffhand_1_extracted,Event_8,JinsAccelerometer,JinsAccelerometer_Event_8.data,108,4,0,0,0,epoch milliseconds (2018-03-07 14:07:46.953000),35.5,
S3_dryoffhand_1_extracted,Event_8,JinsBlinkSpeed,JinsBlinkSpeed_Event_8.data,108,2,0,0,0,epoch milliseconds (2018-03-07 14:07:46.953000),35.5,
S3_dryoffhand_1_extracted,Event_8,JinsBlinkStrength,JinsBlinkStrength_Event_8.data,108,2,0,0,0,epoch milliseconds (2018-03-07 14:07:46.953000),35.5,
S3_dryoffhand_1_extracted,Event_8,JinsEyeMovement,JinsEyeMovement_Event_8.data,108,5,0,0,0,epoch milliseconds (2018-03-07 14:07:46.953000),35.5,
S3_dryoffhand_1_extracted,Event_8,JinsGyroscope,JinsGyroscope_Event_8.data,108,4,0,0,0,epoch milliseconds (2018-03-07 14:07:46.953000),35.5,
S3_dryoffhand_1_extracted,Event_8,PhoneAccelerometer,PhoneAccelerometer_Event_8.data,1003,4,0,0,0,epoch milliseconds (2018-03-07 14:07:46.794000),5.0,
S3_dryoffhand_1_extracted,Event_8,PhoneGravity,PhoneGravity_Event_8.data,1005,4,0,0,0,epoch milliseconds (2018-03-07 14:07:46.794000),5.0,
S3_dryoffhand_1_extracted,Event_8,PhoneGyroscope,PhoneGyroscope_Event_8.data,1005,4,0,0,0,epoch milliseconds (2018-03-07 14:07:46.793000),5.0,
S3_dryoffhand_1_extracted,Event_8,PhoneLinearAccelerometer,PhoneLinearAccelerometer_Event_8.data,1007,4,0,0,0,epoch milliseconds (2018-03-07 14:07:46.796000),5.0,
S3_dryoffhand_1_extracted,Event_8,PhoneMagnetometer,PhoneMagnetometer_Event_8.data,501,4,0,0,0,epoch milliseconds (2018-03-07 14:07:46.799000),10.0,
S3_dryoffhand_1_extracted,Event_8,android.sensor.accelerometer,android.sensor.accelerometer_Event_8.data,497,4,0,0,0,epoch milliseconds (2018-03-07 14:07:46.795000),10.0,
S3_dryoffhand_1_extracted,Event_8,android.sensor.gyroscope,android.sensor.gyroscope_Event_8.data,498,4,0,0,0,epoch milliseconds (2018-03-07 14:07:46.792000),10.0,
S3_dryoffhand_2_extracted,Event_0,JinsAccelerometer,JinsAccelerometer_Event_0.data,100,4,0,0,0,epoch milliseconds (2018-03-07 14:03:17.816000),38.0,
S3_dryoffhand_2_extracted,Event_0,JinsBlinkSpeed,JinsBlinkSpeed_Event_0.data,100,2,0,0,0,epoch milliseconds (2018-03-07 14:03:17.816000),38.0,
S3_dryoffhand_2_extracted,Event_0,JinsBlinkStrength,JinsBlinkStrength_Event_0.data,100,2,0,0,0,epoch milliseconds (2018-03-07 14:03:17.816000),38.0,
S3_dryoffhand_2_extracted,Event_0,JinsEyeMovement,JinsEyeMovement_Event_0.data,100,5,0,0,0,epoch milliseconds (2018-03-07 14:03:17.816000),38.0,
S3_dryoffhand_2_extracted,Event_0,JinsGyroscope,JinsGyroscope_Event_0.data,100,4,0,0,0,epoch milliseconds (2018-03-07 14:03:17.816000),38.0,
S3_dryoffhand_2_extracted,Event_0,PhoneAccelerometer,PhoneAccelerometer_Event_0.data,1003,4,0,0,0,epoch milliseconds (2018-03-07 14:03:17.750000),5.0,
S3_dryoffhand_2_extracted,Event_0,PhoneGravity,PhoneGravity_Event_0.data,1003,4,0,0,0,epoch milliseconds (2018-03-07 14:03:17.751000),5.0,
S3_dryoffhand_2_extracted,Event_0,PhoneGyroscope,PhoneGyroscope_Event_0.data,1003,4,0,0,0,epoch milliseconds (2018-03-07 14:03:17.750000),5.0,
S3_dryoffhand_2_extracted,Event_0,PhoneLinearAccelerometer,PhoneLinearAccelerometer_Event_0.data,1004,4,0,0,0,epoch milliseconds (2018-03-07 14:03:17.749000),5.0,
S3_dryoffhand_2_extracted,Event_0,PhoneMagnetometer,PhoneMagnetometer_Event_0.data,501,4,0,0,0,epoch milliseconds (2018-03-07 14:03:17.748000),10.0,
S3_dryoffhand_2_extracted,Event_0,android.sensor.accelerometer,android.sensor.accelerometer_Event_0.data,495,4,0,0,0,epoch milliseconds (2018-03-07 14:03:17.753000),10.0,
S3_dryoffhand_2_extracted,Event_0,android.sensor.gyroscope,android.sensor.gyroscope_Event_0.data,496,4,0,0,0,epoch milliseconds (2018-03-07 14:03:17.749000),10.0,
S3_dryoffhand_2_extracted,Event_1,JinsAccelerometer,JinsAccelerometer_Event_1.data,100,4,0,0,0,epoch milliseconds (2018-03-07 14:03:26.402000),38.0,
S3_dryoffhand_2_extracted,Event_1,JinsBlinkSpeed,JinsBlinkSpeed_Event_1.data,100,2,0,0,0,epoch milliseconds (2018-03-07 14:03:26.402000),38.0,
S3_dryoffhand_2_extracted,Event_1,JinsBlinkStrength,JinsBlinkStrength_Event_1.data,100,2,0,0,0,epoch milliseconds (2018-03-07 14:03:26.402000),38.0,
S3_dryoffhand_2_extracted,Event_1,JinsEyeMovement,JinsEyeMovement_Event_1.data,100,5,0,0,0,epoch milliseconds (2018-03-07 14:03:26.402000),38.0,
S3_dryoffhand_2_extracted,Event_1,JinsGyroscope,JinsGyroscope_Event_1.data,100,4,0,0,0,epoch milliseconds (2018-03-07 14:03:26.402000),38.0,
S3_dryoffhand_2_extracted,Event_1,PhoneAccelerometer,PhoneAccelerometer_Event_1.data,1003,4,0,0,0,epoch milliseconds (2018-03-07 14:03:26.388000),5.0,
S3_dryoffhand_2_extracted,Event_1,PhoneGravity,PhoneGravity_Event_1.data,1002,4,0,0,0,epoch milliseconds (2018-03-07 14:03:26.392000),5.0,
S3_dryoffhand_2_extracted,Event_1,PhoneGyroscope,PhoneGyroscope_Event_1.data,1004,4,0,0,0,epoch milliseconds (2018-03-07 14:03:26.389000),5.0,
S3_dryoffhand_2_extracted,Event_1,PhoneLinearAccelerometer,PhoneLinearAccelerometer_Event_1.data,1005,4,0,0,0,epoch milliseconds (2018-03-07 14:03:26.390000),5.0,
S3_dryoffhand_2_extracted,Event_1,PhoneMagnetometer,PhoneMagnetometer_Event_1.data,501,4,0,0,0,epoch milliseconds (2018-03-07 14:03:26.394000),10.0,
S3_dryoffhand_2_extracted,Event_1,android.sensor.accelerometer,android.sensor.accelerometer_Event_1.data,501,4,0,0,0,epoch milliseconds (2018-03-07 14:03:26.388000),10.0,
S3_dryoffhand_2_extracted,Event_1,android.sensor.gyroscope,android.sensor.gyroscope_Event_1.data,500,4,0,0,0,epoch milliseconds (2018-03-07 14:03:26.392000),10.0,
S3_dryoffhand_2_extracted,Event_2,JinsAccelerometer,JinsAccelerometer_Event_2.data,99,4,0,0,0,epoch milliseconds (2018-03-07 14:03:35.369000),37.0,
S3_dryoffhand_2_extracted,Event_2,JinsBlinkSpeed,JinsBlinkSpeed_Event_2.data,99,2,0,0,0,epoch milliseconds (2018-03-07 14:03:35.369000),37.0,
S3_dryoffhand_2_extracted,Event_2,JinsBlinkStrength,JinsBlinkStrength_Event_2.data,99,2,0,0,0,epoch milliseconds (2018-03-07 14:03:35.369000),37.0,
S3_dryoffhand_2_extracted,Event_2,JinsEyeMovement,JinsEyeMovement_Event_2.data,99,5,0,0,0,epoch milliseconds (2018-03-07 14:03:35.369000),37.0,
S3_dryoffhand_2_extracted,Event_2,JinsGyroscope,JinsGyroscope_Event_2.data,99,4,0,0,0,epoch milliseconds (2018-03-07 14:03:35.369000),37.0,
S3_dryoffhand_2_extracted,Event_2,PhoneAccelerometer,PhoneAccelerometer_Event_2.data,1012,4,0,0,0,epoch milliseconds (2018-03-07 14:03:35.349000),5.0,
S3_dryoffhand_2_extracted,Event_2,PhoneGravity,PhoneGravity_Event_2.data,1008,4,0,0,0,epoch milliseconds (2018-03-07 14:03:35.349000),5.0,
S3_dryoffhand_2_extracted,Event_2,PhoneGyroscope,PhoneGyroscope_Event_2.data,1007,4,0,0,0,epoch milliseconds (2018-03-07 14:03:35.352000),5.0,
S3_dryoffhand_2_extracted,Event_2,PhoneLinearAccelerometer,PhoneLinearAccelerometer_Event_2.data,1007,4,0,0,0,epoch milliseconds (2018-03-07 14:03:35.351000),5.0,
S3_dryoffhand_2_extracted,Event_2,PhoneMagnetometer,PhoneMagnetometer_Event_2.data,500,4,0,0,0,epoch milliseconds (2018-03-07 14:03:35.357000),10.0,
S3_dryoffhand_2_extracted,Event_2,android.sensor.accelerometer,android.sensor.accelerometer_Event_2.data,494,4,0,0,0,epoch milliseconds (2018-03-07 14:03:35.356000),10.0,
S3_dryoffhand_2_extracted,Event_2,android.sensor.gyroscope,android.sensor.gyroscope_Event_2.data,494,4,0,0,0,epoch milliseconds (2018-03-07 14:03:35.354000),10.0,
S3_dryoffhand_2_extracted,Event_4,JinsAccelerometer,JinsAccelerometer_Event_4.data,112,4,0,0,0,epoch milliseconds (2018-03-07 14:03:53.138000),37.0,
S3_dryoffhand_2_extracted,Event_4,JinsBlinkSpeed,JinsBlinkSpeed_Event_4.data,112,2,0,0,0,epoch milliseconds (2018-03-07 14:03:53.138000),37.0,
S3_dryoffhand_2_extracted,Event_4,JinsBlinkStrength,JinsBlinkStrength_Event_4.data,112,2,0,0,0,epoch milliseconds (2018-03-07 14:03:53.138000),37.0,
S3_dryoffhand_2_extracted,Event_4,JinsEyeMovement,JinsEyeMovement_Event_4.data,112,5,0,0,0,epoch milliseconds (2018-03-07 14:03:53.138000),37.0,
S3_dryoffhand_2_extracted,Event_4,JinsGyroscope,JinsGyroscope_Event_4.data,112,4,0,0,0,epoch milliseconds (2018-03-07 14:03:53.138000),37.0,
S3_dryoffhand_2_extracted,Event_4,PhoneAccelerometer,PhoneAccelerometer_Event_4.data,1003,4,0,0,0,epoch milliseconds (2018-03-07 14:03:53.139000),5.0,
S3_dryoffhand_2_extracted,Event_4,PhoneGravity,PhoneGravity_Event_4.data,1004,4,0,0,0,epoch milliseconds (2018-03-07 14:03:53.140000),5.0,
S3_dryoffhand_2_extracted,Event_4,PhoneGyroscope,PhoneGyroscope_Event_4.data,1004,4,0,0,0,epoch milliseconds (2018-03-07 14:03:53.136000),5.0,
S3_dryoffhand_2_extracted,Event_4,PhoneLinearAccelerometer,PhoneLinearAccelerometer_Event_4.data,1004,4,0,0,0,epoch milliseconds (2018-03-07 14:03:53.136000),5.0,
S3_dryoffhand_2_extracted,Event_4,PhoneMagnetometer,PhoneMagnetometer_Event_4.data,501,4,0,0,0,epoch milliseconds (2018-03-07 14:03:53.138000),10.0,
S3_dryoffhand_2_extracted,Event_4,android.sensor.accelerometer,android.sensor.accelerometer_Event_4.data,492,4,0,0,0,epoch milliseconds (2018-03-07 14:03:53.145000),10.0,
S3_dryoffhand_2_extracted,Event_4,android.sensor.gyroscope,android.sensor.gyroscope_Event_4.data,491,4,0,0,0,epoch milliseconds (2018-03-07 14:03:53.142000),10.0,
S3_dryoffhand_2_extracted,Event_5,JinsAccelerometer,JinsAccelerometer_Event_5.data,82,4,0,0,0,epoch milliseconds (2018-03-07 14:04:04.574000),35.0,
S3_dryoffhand_2_extracted,Event_5,JinsBlinkSpeed,JinsBlinkSpeed_Event_5.data,82,2,0,0,0,epoch milliseconds (2018-03-07 14:04:04.574000),35.0,
S3_dryoffhand_2_extracted,Event_5,JinsBlinkStrength,JinsBlinkStrength_Event_5.data,82,2,0,0,0,epoch milliseconds (2018-03-07 14:04:04.574000),35.0,
S3_dryoffhand_2_extracted,Event_5,JinsEyeMovement,JinsEyeMovement_Event_5.data,82,5,0,0,0,epoch milliseconds (2018-03-07 14:04:04.574000),35.0,
S3_dryoffhand_2_extracted,Event_5,JinsGyroscope,JinsGyroscope_Event_5.data,82,4,0,0,0,epoch milliseconds (2018-03-07 14:04:04.574000),35.0,
S3_dryoffhand_2_extracted,Event_5,PhoneAccelerometer,PhoneAccelerometer_Event_5.data,1003,4,0,0,0,epoch milliseconds (2018-03-07 14:04:04.137000),5.0,
S3_dryoffhand_2_extracted,Event_5,PhoneGravity,PhoneGravity_Event_5.data,1004,4,0,0,0,epoch milliseconds (2018-03-07 14:04:04.133000),5.0,
S3_dryoffhand_2_extracted,Event_5,PhoneGyroscope,PhoneGyroscope_Event_5.data,1003,4,0,0,0,epoch milliseconds (2018-03-07 14:04:04.137000),5.0,
S3_dryoffhand_2_extracted,Event_5,PhoneLinearAccelerometer,PhoneLinearAccelerometer_Event_5.data,1004,4,0,0,0,epoch milliseconds (2018-03-07 14:04:04.133000),5.0,
S3_dryoffhand_2_extracted,Event_5,PhoneMagnetometer,PhoneMagnetometer_Event_5.data,501,4,0,0,0,epoch milliseconds (2018-03-07 14:04:04.135000),10.0,
S3_dryoffhand_2_extracted,Event_5,android.sensor.accelerometer,android.sensor.accelerometer_Event_5.data,502,4,0,0,0,epoch milliseconds (2018-03-07 14:04:04.134000),10.0,
S3_dryoffhand_2_extracted,Event_5,android.sensor.gyroscope,android.sensor.gyroscope_Event_5.data,502,4,0,0,0,epoch milliseconds (2018-03-07 14:04:04.135000),10.0,
S3_dryoffhand_2_extracted,Event_6,JinsAccelerometer,JinsAccelerometer_Event_6.data,99,4,0,0,0,epoch milliseconds (2018-03-07 14:04:14.212000),37.0,
S3_dryoffhand_2_extracted,Event_6,JinsBlinkSpeed,JinsBlinkSpeed_Event_6.data,99,2,0,0,0,epoch milliseconds (2018-03-07 14:04:14.212000),37.0,
S3_dryoffhand_2_extracted,Event_6,JinsBlinkStrength,JinsBlinkStrength_Event_6.data,99,2,0,0,0,epoch milliseconds (2018-03-07 14:04:14.212000),37.0,
S3_dryoffhand_2_extracted,Event_6,JinsEyeMovement,JinsEyeMovement_Event_6.data,99,5,0,0,0,epoch milliseconds (2018-03-07 14:04:14.212000),37.0,
S3_dryoffhand_2_extracted,Event_6,JinsGyroscope,JinsGyroscope_Event_6.data,99,4,0,0,0,epoch milliseconds (2018-03-07 14:04:14.212000),37.0,
S3_dryoffhand_2_extracted,Event_6,PhoneAccelerometer,PhoneAccelerometer_Event_6.data,1004,4,0,0,0,epoch milliseconds (2018-03-07 14:04:14.086000),5.0,
S3_dryoffhand_2_extracted,Event_6,PhoneGravity,PhoneGravity_Event_6.data,1002,4,0,0,0,epoch milliseconds (2018-03-07 14:04:14.085000),5.0,
S3_dryoffhand_2_extracted,Event_6,PhoneGyroscope,PhoneGyroscope_Event_6.data,1004,4,0,0,0,epoch milliseconds (2018-03-07 14:04:14.088000),5.0,
S3_dryoffhand_2_extracted,Event_6,PhoneLinearAccelerometer,PhoneLinearAccelerometer_Event_6.data,1004,4,0,0,0,epoch milliseconds (2018-03-07 14:04:14.085000),5.0,
S3_dryoffhand_2_extracted,Event_6,PhoneMagnetometer,PhoneMagnetometer_Event_6.data,501,4,0,0,0,epoch milliseconds (2018-03-07 14:04:14.090000),10.0,
S3_dryoffhand_2_extracted,Event_6,android.sensor.accelerometer,android.sensor.accelerometer_Event_6.data,499,4,0,0,0,epoch milliseconds (2018-03-07 14:04:14.091000),10.0,
S3_dryoffhand_2_extracted,Event_6,android.sensor.gyroscope,android.sensor.gyroscope_Event_6.data,498,4,0,0,0,epoch milliseconds (2018-03-07 14:04:14.093000),10.0,
S3_dryoffhand_2_extracted,Event_8,JinsAccelerometer,JinsAccelerometer_Event_8.data,98,4,0,0,0,epoch milliseconds (2018-03-07 14:04:33.528000),37.0,
S3_dryoffhand_2_extracted,Event_8,JinsBlinkSpeed,JinsBlinkSpeed_Event_8.data,98,2,0,0,0,epoch milliseconds (2018-03-07 14:04:33.528000),37.0,
S3_dryoffhand_2_extracted,Event_8,JinsBlinkStrength,JinsBlinkStrength_Event_8.data,98,2,0,0,0,epoch milliseconds (2018-03-07 14:04:33.528000),37.0,
S3_dryoffhand_2_extracted,Event_8,JinsEyeMovement,JinsEyeMovement_Event_8.data,98,5,0,0,0,epoch milliseconds (2018-03-07 14:04:33.528000),37.0,
S3_dryoffhand_2_extracted,Event_8,JinsGyroscope,JinsGyroscope_Event_8.data,98,4,0,0,0,epoch milliseconds (2018-03-07 14:04:33.528000),37.0,
S3_dryoffhand_2_extracted,Event_8,PhoneAccelerometer,PhoneAccelerometer_Event_8.data,1002,4,0,0,0,epoch milliseconds (2018-03-07 14:04:33.500000),5.0,
S3_dryoffhand_2_extracted,Event_8,PhoneGravity,PhoneGravity_Event_8.data,1002,4,0,0,0,epoch milliseconds (2018-03-07 14:04:33.501000),5.0,
S3_dryoffhand_2_extracted,Event_8,PhoneGyroscope,PhoneGyroscope_Event_8.data,1003,4,0,0,0,epoch milliseconds (2018-03-07 14:04:33.497000),5.0,
S3_dryoffhand_2_extracted,Event_8,PhoneLinearAccelerometer,PhoneLinearAccelerometer_Event_8.data,1003,4,0,0,0,epoch milliseconds (2018-03-07 14:04:33.499000),5.0,
S3_dryoffhand_2_extracted,Event_8,PhoneMagnetometer,PhoneMagnetometer_Event_8.data,501,4,0,0,0,epoch milliseconds (2018-03-07 14:04:33.505000),10.0,
S3_dryoffhand_2_extracted,Event_8,android.sensor.accelerometer,android.sensor.accelerometer_Event_8.data,498,4,0,0,0,epoch milliseconds (2018-03-07 14:04:33.496000),10.0,
S3_dryoffhand_2_extracted,Event_8,android.sensor.gyroscope,android.sensor.gyroscope_Event_8.data,497,4,0,0,0,epoch milliseconds (2018-03-07 14:04:33.503000),10.0,
S3_dryoffhand_2_extracted,Event_9,JinsAccelerometer,JinsAccelerometer_Event_9.data,90,4,0,0,0,epoch milliseconds (2018-03-07 14:04:42.751000),38.0,
S3_dryoffhand_2_extracted,Event_9,JinsBlinkSpeed,JinsBlinkSpeed_Event_9.data,90,2,0,0,0,epoch milliseconds (2018-03-07 14:04:42.751000),38.0,
S3_dryoffhand_2_extracted,Event_9,JinsBlinkStrength,JinsBlinkStrength_Event_9.data,90,2,0,0,0,epoch milliseconds (2018-03-07 14:04:42.751000),38.0,
S3_dryoffhand_2_extracted,Event_9,JinsEyeMovement,JinsEyeMovement_Event_9.data,90,5,0,0,0,epoch milliseconds (2018-03-07 14:04:42.751000),38.0,
S3_dryoffhand_2_extracted,Event_9,JinsGyroscope,JinsGyroscope_Event_9.data,90,4,0,0,0,epoch milliseconds (2018-03-07 14:04:42.751000),38.0,
S3_dryoffhand_2_extracted,Event_9,PhoneAccelerometer,PhoneAccelerometer_Event_9.data,1003,4,0,0,0,epoch milliseconds (2018-03-07 14:04:42.728000),5.0,
S3_dryoffhand_2_extracted,Event_9,PhoneGravity,PhoneGravity_Event_9.data,1004,4,0,0,0,epoch milliseconds (2018-03-07 14:04:42.726000),5.0,
S3_dryoffhand_2_extracted,Event_9,PhoneGyroscope,PhoneGyroscope_Event_9.data,1002,4,0,0,0,epoch milliseconds (2018-03-07 14:04:42.727000),5.0,
S3_dryoffhand_2_extracted,Event_9,PhoneLinearAccelerometer,PhoneLinearAccelerometer_Event_9.data,1002,4,0,0,0,epoch milliseconds (2018-03-07 14:04:42.726000),5.0,
S3_dryoffhand_2_extracted,Event_9,PhoneMagnetometer,PhoneMagnetometer_Event_9.data,501,4,0,0,0,epoch milliseconds (2018-03-07 14:04:42.731000),10.0,
S3_dryoffhand_2_extracted,Event_9,android.sensor.accelerometer,android.sensor.accelerometer_Event_9.data,481,4,0,0,0,epoch milliseconds (2018-03-07 14:04:42.730000),10.0,
S3_dryoffhand_2_extracted,Event_9,android.sensor.gyroscope,android.sensor.gyroscope_Event_9.data,481,4,0,0,0,epoch milliseconds (2018-03-07 14:04:42.724000),10.0,
