original_folder,event,sensor,file,rows,columns,malformed_rows,missing_values,bad_timestamps,timestamp_format,median_interval_ms,error
S5_Hang_1_extracted,Event_0,JinsAccelerometer,JinsAccelerometer_Event_0.data,99,4,0,0,0,epoch milliseconds (2018-03-09 10:08:56.460000),53.0,
S5_Hang_1_extracted,Event_0,JinsBlinkSpeed,JinsBlinkSpeed_Event_0.data,99,2,0,0,0,epoch milliseconds (2018-03-09 10:08:56.460000),53.0,
S5_Hang_1_extracted,Event_0,JinsBlinkStrength,JinsBlinkStrength_Event_0.data,99,2,0,0,0,epoch milliseconds (2018-03-09 10:08:56.460000),53.0,
S5_Hang_1_extracted,Event_0,JinsEyeMovement,JinsEyeMovement_Event_0.data,99,5,0,0,0,epoch milliseconds (2018-03-09 10:08:56.460000),53.0,
S5_Hang_1_extracted,Event_0,JinsGyroscope,JinsGyroscope_Event_0.data,99,4,0,0,0,epoch milliseconds (2018-03-09 10:08:56.460000),53.0,
S5_Hang_1_extracted,Event_0,PhoneAccelerometer,PhoneAccelerometer_Event_0.data,991,4,0,0,0,epoch milliseconds (2018-03-09 10:08:56.417000),5.0,
S5_Hang_1_extracted,Event_0,PhoneGravity,PhoneGravity_Event_0.data,990,4,0,0,0,epoch milliseconds (2018-03-09 10:08:56.417000),5.0,
S5_Hang_1_extracted,Event_0,PhoneGyroscope,PhoneGyroscope_Event_0.data,990,4,0,0,0,epoch milliseconds (2018-03-09 10:08:56.416000),5.0,
S5_Hang_1_extracted,Event_0,PhoneLinearAccelerometer,PhoneLinearAccelerometer_Event_0.data,991,4,0,0,0,epoch milliseconds (2018-03-09 10:08:56.417000),5.0,
S5_Hang_1_extracted,Event_0,PhoneMagnetometer,PhoneMagnetometer_Event_0.data,502,4,0,0,0,epoch milliseconds (2018-03-09 10:08:56.414000),10.0,
S5_Hang_1_extracted,Event_0,android.sensor.accelerometer,android.sensor.accelerometer_Event_0.data,476,4,0,0,0,epoch milliseconds (2018-03-09 10:08:56.419000),10.0,
S5_Hang_1_extracted,Event_0,android.sensor.gyroscope,android.sensor.gyroscope_Event_0.data,477,4,0,0,0,epoch milliseconds (2018-03-09 10:08:56.418000),10.0,
S5_Hang_1_extracted,Event_1,JinsAccelerometer,JinsAccelerometer_Event_1.data,100,4,0,0,0,epoch milliseconds (2018-03-09 10:09:15.629000),52.0,
S5_Hang_1_extracted,Event_1,JinsBlinkSpeed,JinsBlinkSpeed_Event_1.data,100,2,0,0,0,epoch milliseconds (2018-03-09 10:09:15.629000),52.0,
S5_Hang_1_extracted,Event_1,JinsBlinkStrength,JinsBlinkStrength_Event_1.data,100,2,0,0,0,epoch milliseconds (2018-03-09 10:09:15.629000),52.0,
S5_Hang_1_extracted,Event_1,JinsEyeMovement,JinsEyeMovement_Event_1.data,100,5,0,0,0,epoch milliseconds (2018-03-09 10:09:15.629000),52.0,
S5_Hang_1_extracted,Event_1,JinsGyroscope,JinsGyroscope_Event_1.data,100,4,0,0,0,epoch milliseconds (2018-03-09 10:09:15.629000),52.0,
S5_Hang_1_extracted,Event_1,PhoneAccelerometer,PhoneAccelerometer_Event_1.data,991,4,0,0,0,epoch milliseconds (2018-03-09 10:09:15.600000),5.0,
S5_Hang_1_extracted,Event_1,PhoneGravity,PhoneGravity_Event_1.data,992,4,0,0,0,epoch milliseconds (2018-03-09 10:09:15.597000),5.0,
S5_Hang_1_extracted,Event_1,PhoneGyroscope,PhoneGyroscope_Event_1.data,992,4,0,0,0,epoch milliseconds (2018-03-09 10:09:15.596000),5.0,
S5_Hang_1_extracted,Event_1,PhoneLinearAccelerometer,PhoneLinearAccelerometer_Event_1.data,991,4,0,0,0,epoch milliseconds (2018-03-09 10:09:15.602000),5.0,
S5_Hang_1_extracted,Event_1,PhoneMagnetometer,PhoneMagnetometer_Event_1.data,501,4,0,0,0,epoch milliseconds (2018-03-09 10:09:15.598000),10.0,
S5_Hang_1_extracted,Event_1,android.sensor.accelerometer,android.sensor.accelerometer_Event_1.data,503,4,0,0,0,epoch milliseconds (2018-03-09 10:09:15.596000),10.0,
S5_Hang_1_extracted,Event_1,android.sensor.gyroscope,android.sensor.gyroscope_Event_1.data,503,4,0,0,0,epoch milliseconds (2018-03-09 10:09:15.596000),10.0,
S5_Hang_1_extracted,Event_2,JinsAccelerometer,JinsAccelerometer_Event_2.data,100,4,0,0,0,epoch milliseconds (2018-03-09 10:09:36.914000),52.0,
S5_Hang_1_extracted,Event_2,JinsBlinkSpeed,JinsBlinkSpeed_Event_2.data,100,2,0,0,0,epoch milliseconds (2018-03-09 10:09:36.914000),52.0,
S5_Hang_1_extracted,Event_2,JinsBlinkStrength,JinsBlinkStrength_Event_2.data,100,2,0,0,0,epoch milliseconds (2018-03-09 10:09:36.914000),52.0,
S5_Hang_1_extracted,Event_2,JinsEyeMovement,JinsEyeMovement_Event_2.data,100,5,0,0,0,epoch milliseconds (2018-03-09 10:09:36.914000),52.0,
S5_Hang_1_extracted,Event_2,JinsGyroscope,JinsGyroscope_Event_2.data,100,4,0,0,0,epoch milliseconds (2018-03-09 10:09:36.914000),52.0,
S5_Hang_1_extracted,Event_2,PhoneAccelerometer,PhoneAccelerometer_Event_2.data,992,4,0,0,0,epoch milliseconds (2018-03-09 10:09:36.900000),5.0,
S5_Hang_1_extracted,Event_2,PhoneGravity,PhoneGravity_Event_2.data,991,4,0,0,0,epoch milliseconds (2018-03-09 10:09:36.903000),5.0,
S5_Hang_1_extracted,Event_2,PhoneGyroscope,PhoneGyroscope_Event_2.data,990,4,0,0,0,epoch milliseconds (2018-03-09 10:09:36.904000),5.0,
S5_Hang_1_extracted,Event_2,PhoneLinearAccelerometer,PhoneLinearAccelerometer_Event_2.data,991,4,0,0,0,epoch milliseconds (2018-03-09 10:09:36.904000),5.0,
S5_Hang_1_extracted,Event_2,PhoneMagnetometer,PhoneMagnetometer_Event_2.data,502,4,0,0,0,epoch milliseconds (2018-03-09 10:09:36.900000),10.0,
S5_Hang_1_extracted,Event_2,android.sensor.accelerometer,android.sensor.accelerometer_Event_2.data,496,4,0,0,0,epoch milliseconds (2018-03-09 10:09:36.909000),10.0,
S5_Hang_1_extracted,Event_2,android.sensor.gyroscope,android.sensor.gyroscope_Event_2.data,497,4,0,0,0,epoch milliseconds (2018-03-09 10:09:36.904000),10.0,
S5_Hang_1_extracted,Event_3,JinsAccelerometer,JinsAccelerometer_Event_3.data,100,4,0,0,0,epoch milliseconds (2018-03-09 10:09:57.626000),52.0,
S5_Hang_1_extracted,Event_3,JinsBlinkSpeed,JinsBlinkSpeed_Event_3.data,100,2,0,0,0,epoch milliseconds (2018-03-09 10:09:57.626000),52.0,
S5_Hang_1_extracted,Event_3,JinsBlinkStrength,JinsBlinkStrength_Event_3.data,100,2,0,0,0,epoch milliseconds (2018-03-09 10:09:57.626000),52.0,
S5_Hang_1_extracted,Event_3,JinsEyeMovement,JinsEyeMovement_Event_3.data,100,5,0,0,0,epoch milliseconds (2018-03-09 10:09:57.626000),52.0,
S5_Hang_1_extracted,Event_3,JinsGyroscope,JinsGyroscope_Event_3.data,100,4,0,0,0,epoch milliseconds (2018-03-09 10:09:57.626000),52.0,
S5_Hang_1_extracted,Event_3,PhoneAccelerometer,PhoneAccelerometer_Event_3.data,992,4,0,0,0,epoch milliseconds (2018-03-09 10:09:57.612000),5.0,
S5_Hang_1_extracted,Event_3,PhoneGravity,PhoneGravity_Event_3.data,992,4,0,0,0,epoch milliseconds (2018-03-09 10:09:57.615000),5.0,
S5_Hang_1_extracted,Event_3,PhoneGyroscope,PhoneGyroscope_Event_3.data,991,4,0,0,0,epoch milliseconds (2018-03-09 10:09:57.616000),5.0,
S5_Hang_1_extracted,Event_3,PhoneLinearAccelerometer,PhoneLinearAccelerometer_Event_3.data,993,4,0,0,0,epoch milliseconds (2018-03-09 10:09:57.612000),5.0,
S5_Hang_1_extracted,Event_3,PhoneMagnetometer,PhoneMagnetometer_Event_3.data,501,4,0,0,0,epoch milliseconds (2018-03-09 10:09:57.612000),10.0,
S5_Hang_1_extracted,Event_3,android.sensor.accelerometer,android.sensor.accelerometer_Event_3.data,464,4,0,0,0,epoch milliseconds (2018-03-09 10:09:57.617000),10.0,
S5_Hang_1_extracted,Event_3,android.sensor.gyroscope,android.sensor.gyroscope_Event_3.data,464,4,0,0,0,epoch milliseconds (2018-03-09 10:09:57.619000),10.0,
S5_Hang_1_extracted,Event_4,JinsAccelerometer,JinsAccelerometer_Event_4.data,100,4,0,0,0,epoch milliseconds (2018-03-09 10:10:16.711000),52.0,
S5_Hang_1_extracted,Event_4,JinsBlinkSpeed,JinsBlinkSpeed_Event_4.data,100,2,0,0,0,epoch milliseconds (2018-03-09 10:10:16.711000),52.0,
S5_Hang_1_extracted,Event_4,JinsBlinkStrength,JinsBlinkStrength_Event_4.data,100,2,0,0,0,epoch milliseconds (2018-03-09 10:10:16.711000),52.0,
S5_Hang_1_extracted,Event_4,JinsEyeMovement,JinsEyeMovement_Event_4.data,100,5,0,0,0,epoch milliseconds (2018-03-09 10:10:16.711000),52.0,
S5_Hang_1_extracted,Event_4,JinsGyroscope,JinsGyroscope_Event_4.data,100,4,0,0,0,epoch milliseconds (2018-03-09 10:10:16.711000),52.0,
S5_Hang_1_extracted,Event_4,PhoneAccelerometer,PhoneAccelerometer_Event_4.data,991,4,0,0,0,epoch milliseconds (2018-03-09 10:10:16.710000),5.0,
S5_Hang_1_extracted,Event_4,PhoneGravity,PhoneGravity_Event_4.data,991,4,0,0,0,epoch milliseconds (2018-03-09 10:10:16.709000),5.0,
S5_Hang_1_extracted,Event_4,PhoneGyroscope,PhoneGyroscope_Event_4.data,990,4,0,0,0,epoch milliseconds (2018-03-09 10:10:16.710000),5.0,
S5_Hang_1_extracted,Event_4,PhoneLinearAccelerometer,PhoneLinearAccelerometer_Event_4.data,990,4,0,0,0,epoch milliseconds (2018-03-09 10:10:16.711000),5.0,
S5_Hang_1_extracted,Event_4,PhoneMagnetometer,PhoneMagnetometer_Event_4.data,501,4,0,0,0,epoch milliseconds (2018-03-09 10:10:16.716000),10.0,
S5_Hang_1_extracted,Event_4,android.sensor.accelerometer,android.sensor.accelerometer_Event_4.data,509,4,0,0,0,epoch milliseconds (2018-03-09 10:10:16.713000),10.0,
S5_Hang_1_extracted,Event_4,android.sensor.gyroscope,android.sensor.gyroscope_Event_4.data,509,4,0,0,0,epoch milliseconds (2018-03-09 10:10:16.719000),10.0,
S5_Hang_1_extracted,Event_5,JinsAccelerometer,JinsAccelerometer_Event_5.data,100,4,0,0,0,epoch milliseconds (2018-03-09 10:10:39.967000),53.0,
S5_Hang_1_extracted,Event_5,JinsBlinkSpeed,JinsBlinkSpeed_Event_5.data,100,2,0,0,0,epoch milliseconds (2018-03-09 10:10:39.967000),53.0,
S5_Hang_1_extracted,Event_5,JinsBlinkStrength,JinsBlinkStrength_Event_5.data,100,2,0,0,0,epoch milliseconds (2018-03-09 10:10:39.967000),53.0,
S5_Hang_1_extracted,Event_5,JinsEyeMovement,JinsEyeMovement_Event_5.data,100,5,0,0,0,epoch milliseconds (2018-03-09 10:10:39.967000),53.0,
S5_Hang_1_extracted,Event_5,JinsGyroscope,JinsGyroscope_Event_5.data,100,4,0,0,0,epoch milliseconds (2018-03-09 10:10:39.967000),53.0,
S5_Hang_1_extracted,Event_5,PhoneAccelerometer,PhoneAccelerometer_Event_5.data,991,4,0,0,0,epoch milliseconds (2018-03-09 10:10:39.932000),5.0,
S5_Hang_1_extracted,Event_5,PhoneGravity,PhoneGravity_Event_5.data,992,4,0,0,0,epoch milliseconds (2018-03-09 10:10:39.933000),5.0,
S5_Hang_1_extracted,Event_5,PhoneGyroscope,PhoneGyroscope_Event_5.data,993,4,0,0,0,epoch milliseconds (2018-03-09 10:10:39.932000),5.0,
S5_Hang_1_extracted,Event_5,PhoneLinearAccelerometer,PhoneLinearAccelerometer_Event_5.data,990,4,0,0,0,epoch milliseconds (2018-03-09 10:10:39.936000),5.0,
S5_Hang_1_extracted,Event_5,PhoneMagnetometer,PhoneMagnetometer_Event_5.data,501,4,0,0,0,epoch milliseconds (2018-03-09 10:10:39.936000),10.0,
S5_Hang_1_extracted,Event_5,android.sensor.accelerometer,android.sensor.accelerometer_Event_5.data,499,4,0,0,0,epoch milliseconds (2018-03-09 10:10:39.934000),10.0,
S5_Hang_1_extracted,Event_5,android.sensor.gyroscope,android.sensor.gyroscope_Event_5.data,498,4,0,0,0,epoch milliseconds (2018-03-09 10:10:39.937000),10.0,
S5_Hang_1_extracted,Event_6,JinsAccelerometer,JinsAccelerometer_Event_6.data,100,4,0,0,0,epoch milliseconds (2018-03-09 10:10:59.182000),53.0,
S5_Hang_1_extracted,Event_6,JinsBlinkSpeed,JinsBlinkSpeed_Event_6.data,100,2,0,0,0,epoch milliseconds (2018-03-09 10:10:59.182000),53.0,
S5_Hang_1_extracted,Event_6,JinsBlinkStrength,JinsBlinkStrength_Event_6.data,100,2,0,0,0,epoch milliseconds (2018-03-09 10:10:59.182000),53.0,
S5_Hang_1_extracted,Event_6,JinsEyeMovement,JinsEyeMovement_Event_6.data,100,5,0,0,0,epoch milliseconds (2018-03-09 10:10:59.182000),53.0,
S5_Hang_1_extracted,Event_6,JinsGyroscope,JinsGyroscope_Event_6.data,100,4,0,0,0,epoch milliseconds (2018-03-09 10:10:59.182000),53.0,
S5_Hang_1_extracted,Event_6,PhoneAccelerometer,PhoneAccelerometer_Event_6.data,991,4,0,0,0,epoch milliseconds (2018-03-09 10:10:59.132000),5.0,
S5_Hang_1_extracted,Event_6,PhoneGravity,PhoneGravity_Event_6.data,993,4,0,0,0,epoch milliseconds (2018-03-09 10:10:59.133000),5.0,
S5_Hang_1_extracted,Event_6,PhoneGyroscope,PhoneGyroscope_Event_6.data,991,4,0,0,0,epoch milliseconds (2018-03-09 10:10:59.137000),5.0,
S5_Hang_1_extracted,Event_6,PhoneLinearAccelerometer,PhoneLinearAccelerometer_Event_6.data,994,4,0,0,0,epoch milliseconds (2018-03-09 10:10:59.132000),5.0,
S5_Hang_1_extracted,Event_6,PhoneMagnetometer,PhoneMagnetometer_Event_6.data,501,4,0,0,0,epoch milliseconds (2018-03-09 10:10:59.139000),10.0,
S5_Hang_1_extracted,Event_6,android.sensor.accelerometer,android.sensor.accelerometer_Event_6.data,489,4,0,0,0,epoch milliseconds (2018-03-09 10:10:59.137000),10.0,
S5_Hang_1_extracted,Event_6,android.sensor.gyroscope,android.sensor.gyroscope_Event_6.data,490,4,0,0,0,epoch milliseconds (2018-03-09 10:10:59.137000),10.0,
S5_Hang_1_extracted,Event_7,JinsAccelerometer,JinsAccelerometer_Event_7.data,100,4,0,0,0,epoch milliseconds (2018-03-09 10:11:17.530000),52.0,
S5_Hang_1_extracted,Event_7,JinsBlinkSpeed,JinsBlinkSpeed_Event_7.data,100,2,0,0,0,epoch milliseconds (2018-03-09 10:11:17.530000),52.0,
S5_Hang_1_extracted,Event_7,JinsBlinkStrength,JinsBlinkStrength_Event_7.data,100,2,0,0,0,epoch milliseconds (2018-03-09 10:11:17.530000),52.0,
S5_Hang_1_extracted,Event_7,JinsEyeMovement,JinsEyeMovement_Event_7.data,100,5,0,0,0,epoch milliseconds (2018-03-09 10:11:17.530000),52.0,
S5_Hang_1_extracted,Event_7,JinsGyroscope,JinsGyroscope_Event_7.data,100,4,0,0,0,epoch milliseconds (2018-03-09 10:11:17.530000),52.0,
S5_Hang_1_extracted,Event_7,PhoneAccelerometer,PhoneAccelerometer_Event_7.data,993,4,0,0,0,epoch milliseconds (2018-03-09 10:11:17.507000),5.0,
S5_Hang_1_extracted,Event_7,PhoneGravity,PhoneGravity_Event_7.data,991,4,0,0,0,epoch milliseconds (2018-03-09 10:11:17.508000),5.0,
S5_Hang_1_extracted,Event_7,PhoneGyroscope,PhoneGyroscope_Event_7.data,990,4,0,0,0,epoch milliseconds (2018-03-09 10:11:17.510000),5.0,
S5_Hang_1_extracted,Event_7,PhoneLinearAccelerometer,PhoneLinearAccelerometer_Event_7.data,991,4,0,0,0,epoch milliseconds (2018-03-09 10:11:17.510000),5.0,
S5_Hang_1_extracted,Event_7,PhoneMagnetometer,PhoneMagnetometer_Event_7.data,501,4,0,0,0,epoch milliseconds (2018-03-09 10:11:17.508000),10.0,
S5_Hang_1_extracted,Event_7,android.sensor.accelerometer,android.sensor.accelerometer_Event_7.data,496,4,0,0,0,epoch milliseconds (2018-03-09 10:11:17.509000),10.0,
S5_Hang_1_extracted,Event_7,android.sensor.gyroscope,android.sensor.gyroscope_Event_7.data,496,4,0,0,0,epoch milliseconds (2018-03-09 10:11:17.516000),10.0,
S5_Hang_1_extracted,Event_8,JinsAccelerometer,JinsAccelerometer_Event_8.data,100,4,0,0,0,epoch milliseconds (2018-03-09 10:11:37.772000),52.0,
S5_Hang_1_extracted,Event_8,JinsBlinkSpeed,JinsBlinkSpeed_Event_8.data,100,2,0,0,0,epoch milliseconds (2018-03-09 10:11:37.772000),52.0,
S5_Hang_1_extracted,Event_8,JinsBlinkStrength,JinsBlinkStrength_Event_8.data,100,2,0,0,0,epoch milliseconds (2018-03-09 10:11:37.772000),52.0,
S5_Hang_1_extracted,Event_8,JinsEyeMovement,JinsEyeMovement_Event_8.data,100,5,0,0,0,epoch milliseconds (2018-03-09 10:11:37.772000),52.0,
S5_Hang_1_extracted,Event_8,JinsGyroscope,JinsGyroscope_Event_8.data,100,4,0,0,0,epoch milliseconds (2018-03-09 10:11:37.772000),52.0,
S5_Hang_1_extracted,Event_8,PhoneAccelerometer,PhoneAccelerometer_Event_8.data,990,4,0,0,0,epoch milliseconds (2018-03-09 10:11:37.743000),5.0,
S5_Hang_1_extracted,Event_8,PhoneGravity,PhoneGravity_Event_8.data,991,4,0,0,0,epoch milliseconds (2018-03-09 10:11:37.741000),5.0,
S5_Hang_1_extracted,Event_8,PhoneGyroscope,PhoneGyroscope_Event_8.data,991,4,0,0,0,epoch milliseconds (2018-03-09 10:11:37.739000),5.0,
S5_Hang_1_extracted,Event_8,PhoneLinearAccelerometer,PhoneLinearAccelerometer_Event_8.data,991,4,0,0,0,epoch milliseconds (2018-03-09 10:11:37.741000),5.0,
S5_Hang_1_extracted,Event_8,PhoneMagnetometer,PhoneMagnetometer_Event_8.data,500,4,0,0,0,epoch milliseconds (2018-03-09 10:11:37.748000),10.0,
S5_Hang_1_extracted,Event_8,android.sensor.accelerometer,android.sensor.accelerometer_Event_8.data,487,4,0,0,0,epoch milliseconds (2018-03-09 10:11:37.740000),10.0,
S5_Hang_1_extracted,Event_8,android.sensor.gyroscope,android.sensor.gyroscope_Event_8.data,487,4,0,0,0,epoch milliseconds (2018-03-09 10:11:37.744000),10.0,
S5_Hang_1_extracted,Event_9,JinsAccelerometer,JinsAccelerometer_Event_9.data,100,4,0,0,0,epoch milliseconds (2018-03-09 10:11:56.331000),52.0,
S5_Hang_1_extracted,Event_9,JinsBlinkSpeed,JinsBlinkSpeed_Event_9.data,100,2,0,0,0,epoch milliseconds (2018-03-09 10:11:56.331000),52.0,
S5_Hang_1_extracted,Event_9,JinsBlinkStrength,JinsBlinkStrength_Event_9.data,100,2,0,0,0,epoch milliseconds (2018-03-09 10:11:56.331000),52.0,
S5_Hang_1_extracted,Event_9,JinsEyeMovement,JinsEyeMovement_Event_9.data,100,5,0,0,0,epoch milliseconds (2018-03-09 10:11:56.331000),52.0,
S5_Hang_1_extracted,Event_9,JinsGyroscope,JinsGyroscope_Event_9.data,100,4,0,0,0,epoch milliseconds (2018-03-09 10:11:56.331000),52.0,
S5_Hang_1_extracted,Event_9,PhoneAccelerometer,PhoneAccelerometer_Event_9.data,991,4,0,0,0,epoch milliseconds (2018-03-09 10:11:56.319000),5.0,
S5_Hang_1_extracted,Event_9,PhoneGravity,PhoneGravity_Event_9.data,992,4,0,0,0,epoch milliseconds (2018-03-09 10:11:56.317000),5.0,
S5_Hang_1_extracted,Event_9,PhoneGyroscope,PhoneGyroscope_Event_9.data,989,4,0,0,0,epoch milliseconds (2018-03-09 10:11:56.319000),5.0,
S5_Hang_1_extracted,Event_9,PhoneLinearAccelerometer,PhoneLinearAccelerometer_Event_9.data,992,4,0,0,0,epoch milliseconds (2018-03-09 10:11:56.315000),5.0,
S5_Hang_1_extracted,Event_9,PhoneMagnetometer,PhoneMagnetometer_Event_9.data,501,4,0,0,0,epoch milliseconds (2018-03-09 10:11:56.324000),10.0,
S5_Hang_1_extracted,Event_9,android.sensor.accelerometer,android.sensor.accelerometer_Event_9.data,471,4,0,0,0,epoch milliseconds (2018-03-09 10:11:56.338000),10.0,
S5_Hang_1_extracted,Event_9,android.sensor.gyroscope,android.sensor.gyroscope_Event_9.data,471,4,0,0,0,epoch milliseconds (2018-03-09 10:11:56.340000),10.0,
S5_Hang_2_extracted,Event_0,JinsAccelerometer,JinsAccelerometer_Event_0.data,100,4,0,0,0,epoch milliseconds (2018-03-13 18:08:31.736000),53.0,
S5_Hang_2_extracted,Event_0,JinsBlinkSpeed,JinsBlinkSpeed_Event_0.data,100,2,0,0,0,epoch milliseconds (2018-03-13 18:08:31.736000),53.0,
S5_Hang_2_extracted,Event_0,JinsBlinkStrength,JinsBlinkStrength_Event_0.data,100,2,0,0,0,epoch milliseconds (2018-03-13 18:08:31.736000),53.0,
S5_Hang_2_extracted,Event_0,JinsEyeMovement,JinsEyeMovement_Event_0.data,100,5,0,0,0,epoch milliseconds (2018-03-13 18:08:31.736000),53.0,
S5_Hang_2_extracted,Event_0,JinsGyroscope,JinsGyroscope_Event_0.data,100,4,0,0,0,epoch milliseconds (2018-03-13 18:08:31.736000),53.0,
S5_Hang_2_extracted,Event_0,PhoneAccelerometer,PhoneAccelerometer_Event_0.data,992,4,0,0,0,epoch milliseconds (2018-03-13 18:08:31.704000),5.0,
S5_Hang_2_extracted,Event_0,PhoneGravity,PhoneGravity_Event_0.data,991,4,0,0,0,epoch milliseconds (2018-03-13 18:08:31.704000),5.0,
S5_Hang_2_extracted,Event_0,PhoneGyroscope,PhoneGyroscope_Event_0.data,994,4,0,0,0,epoch milliseconds (2018-03-13 18:08:31.702000),5.0,
S5_Hang_2_extracted,Event_0,PhoneLinearAccelerometer,PhoneLinearAccelerometer_Event_0.data,991,4,0,0,0,epoch milliseconds (2018-03-13 18:08:31.706000),5.0,
S5_Hang_2_extracted,Event_0,PhoneMagnetometer,PhoneMagnetometer_Event_0.data,501,4,0,0,0,epoch milliseconds (2018-03-13 18:08:31.702000),10.0,
S5_Hang_2_extracted,Event_0,android.sensor.accelerometer,android.sensor.accelerometer_Event_0.data,494,4,0,0,0,epoch milliseconds (2018-03-13 18:08:31.704000),10.0,
S5_Hang_2_extracted,Event_0,android.sensor.gyroscope,android.sensor.gyroscope_Event_0.data,493,4,0,0,0,epoch milliseconds (2018-03-13 18:08:31.706000),10.0,
S5_Hang_2_extracted,Event_1,JinsAccelerometer,JinsAccelerometer_Event_1.data,100,4,0,0,0,epoch milliseconds (2018-03-13 18:08:51.238000),52.0,
S5_Hang_2_extracted,Event_1,JinsBlinkSpeed,JinsBlinkSpeed_Event_1.data,100,2,0,0,0,epoch milliseconds (2018-03-13 18:08:51.238000),52.0,
S5_Hang_2_extracted,Event_1,JinsBlinkStrength,JinsBlinkStrength_Event_1.data,100,2,0,0,0,epoch milliseconds (2018-03-13 18:08:51.238000),52.0,
S5_Hang_2_extracted,Event_1,JinsEyeMovement,JinsEyeMovement_Event_1.data,100,5,0,0,0,epoch milliseconds (2018-03-13 18:08:51.238000),52.0,
S5_Hang_2_extracted,Event_1,JinsGyroscope,JinsGyroscope_Event_1.data,100,4,0,0,0,epoch milliseconds (2018-03-13 18:08:51.238000),52.0,
S5_Hang_2_extracted,Event_1,PhoneAccelerometer,PhoneAccelerometer_Event_1.data,990,4,0,0,0,epoch milliseconds (2018-03-13 18:08:51.225000),5.0,
S5_Hang_2_extracted,Event_1,PhoneGravity,PhoneGravity_Event_1.data,992,4,0,0,0,epoch milliseconds (2018-03-13 18:08:51.222000),5.0,
S5_Hang_2_extracted,Event_1,PhoneGyroscope,PhoneGyroscope_Event_1.data,991,4,0,0,0,epoch milliseconds (2018-03-13 18:08:51.224000),5.0,
S5_Hang_2_extracted,Event_1,PhoneLinearAccelerometer,PhoneLinearAccelerometer_Event_1.data,992,4,0,0,0,epoch milliseconds (2018-03-13 18:08:51.225000),5.0,
S5_Hang_2_extracted,Event_1,PhoneMagnetometer,PhoneMagnetometer_Event_1.data,501,4,0,0,0,epoch milliseconds (2018-03-13 18:08:51.224000),10.0,
S5_Hang_2_extracted,Event_1,android.sensor.accelerometer,android.sensor.accelerometer_Event_1.data,502,4,0,0,0,epoch milliseconds (2018-03-13 18:08:51.230000),10.0,
S5_Hang_2_extracted,Event_1,android.sensor.gyroscope,android.sensor.gyroscope_Event_1.data,502,4,0,0,0,epoch milliseconds (2018-03-13 18:08:51.231000),10.0,
S5_Hang_2_extracted,Event_2,JinsAccelerometer,JinsAccelerometer_Event_2.data,100,4,0,0,0,epoch milliseconds (2018-03-13 18:09:11.451000),52.0,
S5_Hang_2_extracted,Event_2,JinsBlinkSpeed,JinsBlinkSpeed_Event_2.data,100,2,0,0,0,epoch milliseconds (2018-03-13 18:09:11.451000),52.0,
S5_Hang_2_extracted,Event_2,JinsBlinkStrength,JinsBlinkStrength_Event_2.data,100,2,0,0,0,epoch milliseconds (2018-03-13 18:09:11.451000),52.0,
S5_Hang_2_extracted,Event_2,JinsEyeMovement,JinsEyeMovement_Event_2.data,100,5,0,0,0,epoch milliseconds (2018-03-13 18:09:11.451000),52.0,
S5_Hang_2_extracted,Event_2,JinsGyroscope,JinsGyroscope_Event_2.data,100,4,0,0,0,epoch milliseconds (2018-03-13 18:09:11.451000),52.0,
S5_Hang_2_extracted,Event_2,PhoneAccelerometer,PhoneAccelerometer_Event_2.data,991,4,0,0,0,epoch milliseconds (2018-03-13 18:09:11.425000),5.0,
S5_Hang_2_extracted,Event_2,PhoneGravity,PhoneGravity_Event_2.data,992,4,0,0,0,epoch milliseconds (2018-03-13 18:09:11.422000),5.0,
S5_Hang_2_extracted,Event_2,PhoneGyroscope,PhoneGyroscope_Event_2.data,993,4,0,0,0,epoch milliseconds (2018-03-13 18:09:11.423000),5.0,
S5_Hang_2_extracted,Event_2,PhoneLinearAccelerometer,PhoneLinearAccelerometer_Event_2.data,992,4,0,0,0,epoch milliseconds (2018-03-13 18:09:11.425000),5.0,
S5_Hang_2_extracted,Event_2,PhoneMagnetometer,PhoneMagnetometer_Event_2.data,501,4,0,0,0,epoch milliseconds (2018-03-13 18:09:11.424000),10.0,
S5_Hang_2_extracted,Event_2,android.sensor.accelerometer,android.sensor.accelerometer_Event_2.data,502,4,0,0,0,epoch milliseconds (2018-03-13 18:09:11.425000),10.0,
S5_Hang_2_extracted,Event_2,android.sensor.gyroscope,android.sensor.gyroscope_Event_2.data,501,4,0,0,0,epoch milliseconds (2018-03-13 18:09:11.430000),10.0,
S5_Hang_2_extracted,Event_3,JinsAccelerometer,JinsAccelerometer_Event_3.data,99,4,0,0,0,epoch milliseconds (2018-03-13 18:09:31.899000),52.0,
S5_Hang_2_extracted,Event_3,JinsBlinkSpeed,JinsBlinkSpeed_Event_3.data,99,2,0,0,0,epoch milliseconds (2018-03-13 18:09:31.899000),52.0,
S5_Hang_2_extracted,Event_3,JinsBlinkStrength,JinsBlinkStrength_Event_3.data,99,2,0,0,0,epoch milliseconds (2018-03-13 18:09:31.899000),52.0,
S5_Hang_2_extracted,Event_3,JinsEyeMovement,JinsEyeMovement_Event_3.data,99,5,0,0,0,epoch milliseconds (2018-03-13 18:09:31.899000),52.0,
S5_Hang_2_extracted,Event_3,JinsGyroscope,JinsGyroscope_Event_3.data,99,4,0,0,0,epoch milliseconds (2018-03-13 18:09:31.899000),52.0,
S5_Hang_2_extracted,Event_3,PhoneAccelerometer,PhoneAccelerometer_Event_3.data,991,4,0,0,0,epoch milliseconds (2018-03-13 18:09:31.857000),5.0,
S5_Hang_2_extracted,Event_3,PhoneGravity,PhoneGravity_Event_3.data,989,4,0,0,0,epoch milliseconds (2018-03-13 18:09:31.855000),5.0,
S5_Hang_2_extracted,Event_3,PhoneGyroscope,PhoneGyroscope_Event_3.data,989,4,0,0,0,epoch milliseconds (2018-03-13 18:09:31.857000),5.0,
S5_Hang_2_extracted,Event_3,PhoneLinearAccelerometer,PhoneLinearAccelerometer_Event_3.data,990,4,0,0,0,epoch milliseconds (2018-03-13 18:09:31.854000),5.0,
S5_Hang_2_extracted,Event_3,PhoneMagnetometer,PhoneMagnetometer_Event_3.data,501,4,0,0,0,epoch milliseconds (2018-03-13 18:09:31.854000),10.0,
S5_Hang_2_extracted,Event_3,android.sensor.accelerometer,android.sensor.accelerometer_Event_3.data,488,4,0,0,0,epoch milliseconds (2018-03-13 18:09:31.855000),10.0,
S5_Hang_2_extracted,Event_3,android.sensor.gyroscope,android.sensor.gyroscope_Event_3.data,487,4,0,0,0,epoch milliseconds (2018-03-13 18:09:31.860000),10.0,
S5_Hang_2_extracted,Event_4,JinsAccelerometer,JinsAccelerometer_Event_4.data,99,4,0,0,0,epoch milliseconds (2018-03-13 18:09:52.748000),52.0,
S5_Hang_2_extracted,Event_4,JinsBlinkSpeed,JinsBlinkSpeed_Event_4.data,99,2,0,0,0,epoch milliseconds (2018-03-13 18:09:52.748000),52.0,
S5_Hang_2_extracted,Event_4,JinsBlinkStrength,JinsBlinkStrength_Event_4.data,99,2,0,0,0,epoch milliseconds (2018-03-13 18:09:52.748000),52.0,
S5_Hang_2_extracted,Event_4,JinsEyeMovement,JinsEyeMovement_Event_4.data,99,5,0,0,0,epoch milliseconds (2018-03-13 18:09:52.748000),52.0,
S5_Hang_2_extracted,Event_4,JinsGyroscope,JinsGyroscope_Event_4.data,99,4,0,0,0,epoch milliseconds (2018-03-13 18:09:52.748000),52.0,
S5_Hang_2_extracted,Event_4,PhoneAccelerometer,PhoneAccelerometer_Event_4.data,991,4,0,0,0,epoch milliseconds (2018-03-13 18:09:52.712000),5.0,
S5_Hang_2_extracted,Event_4,PhoneGravity,PhoneGravity_Event_4.data,990,4,0,0,0,epoch milliseconds (2018-03-13 18:09:52.711000),5.0,
S5_Hang_2_extracted,Event_4,PhoneGyroscope,PhoneGyroscope_Event_4.data,990,4,0,0,0,epoch milliseconds (2018-03-13 18:09:52.713000),5.0,
S5_Hang_2_extracted,Event_4,PhoneLinearAccelerometer,PhoneLinearAccelerometer_Event_4.data,990,4,0,0,0,epoch milliseconds (2018-03-13 18:09:52.714000),5.0,
S5_Hang_2_extracted,Event_4,PhoneMagnetometer,PhoneMagnetometer_Event_4.data,501,4,0,0,0,epoch milliseconds (2018-03-13 18:09:52.717000),10.0,
S5_Hang_2_extracted,Event_4,android.sensor.accelerometer,android.sensor.accelerometer_Event_4.data,498,4,0,0,0,epoch milliseconds (2018-03-13 18:09:52.710000),10.0,
S5_Hang_2_extracted,Event_4,android.sensor.gyroscope,android.sensor.gyroscope_Event_4.data,498,4,0,0,0,epoch milliseconds (2018-03-13 18:09:52.715000),10.0,
S5_Hang_2_extracted,Event_5,JinsAccelerometer,JinsAccelerometer_Event_5.data,100,4,0,0,0,epoch milliseconds (2018-03-13 18:10:12.486000),52.0,
S5_Hang_2_extracted,Event_5,JinsBlinkSpeed,JinsBlinkSpeed_Event_5.data,100,2,0,0,0,epoch milliseconds (2018-03-13 18:10:12.486000),52.0,
S5_Hang_2_extracted,Event_5,JinsBlinkStrength,JinsBlinkStrength_Event_5.data,100,2,0,0,0,epoch milliseconds (2018-03-13 18:10:12.486000),52.0,
S5_Hang_2_extracted,Event_5,JinsEyeMovement,JinsEyeMovement_Event_5.data,100,5,0,0,0,epoch milliseconds (2018-03-13 18:10:12.486000),52.0,
S5_Hang_2_extracted,Event_5,JinsGyroscope,JinsGyroscope_Event_5.data,100,4,0,0,0,epoch milliseconds (2018-03-13 18:10:12.486000),52.0,
S5_Hang_2_extracted,Event_5,PhoneAccelerometer,PhoneAccelerometer_Event_5.data,990,4,0,0,0,epoch milliseconds (2018-03-13 18:10:12.457000),5.0,
S5_Hang_2_extracted,Event_5,PhoneGravity,PhoneGravity_Event_5.data,999,4,0,0,0,epoch milliseconds (2018-03-13 18:10:12.454000),5.0,
S5_Hang_2_extracted,Event_5,PhoneGyroscope,PhoneGyroscope_Event_5.data,997,4,0,0,0,epoch milliseconds (2018-03-13 18:10:12.454000),5.0,
S5_Hang_2_extracted,Event_5,PhoneLinearAccelerometer,PhoneLinearAccelerometer_Event_5.data,998,4,0,0,0,epoch milliseconds (2018-03-13 18:10:12.456000),5.0,
S5_Hang_2_extracted,Event_5,PhoneMagnetometer,PhoneMagnetometer_Event_5.data,501,4,0,0,0,epoch milliseconds (2018-03-13 18:10:12.456000),10.0,
S5_Hang_2_extracted,Event_5,android.sensor.accelerometer,android.sensor.accelerometer_Event_5.data,495,4,0,0,0,epoch milliseconds (2018-03-13 18:10:12.456000),10.0,
S5_Hang_2_extracted,Event_5,android.sensor.gyroscope,android.sensor.gyroscope_Event_5.data,495,4,0,0,0,epoch milliseconds (2018-03-13 18:10:12.458000),10.0,
S5_Hang_2_extracted,Event_6,JinsAccelerometer,JinsAccelerometer_Event_6.data,99,4,0,0,0,epoch milliseconds (2018-03-13 18:10:28.497000),52.0,
S5_Hang_2_extracted,Event_6,JinsBlinkSpeed,JinsBlinkSpeed_Event_6.data,99,2,0,0,0,epoch milliseconds (2018-03-13 18:10:28.497000),52.0,
S5_Hang_2_extracted,Event_6,JinsBlinkStrength,JinsBlinkStrength_Event_6.data,99,2,0,0,0,epoch milliseconds (2018-03-13 18:10:28.497000),52.0,
S5_Hang_2_extracted,Event_6,JinsEyeMovement,JinsEyeMovement_Event_6.data,99,5,0,0,0,epoch milliseconds (2018-03-13 18:10:28.497000),52.0,
S5_Hang_2_extracted,Event_6,JinsGyroscope,JinsGyroscope_Event_6.data,99,4,0,0,0,epoch milliseconds (2018-03-13 18:10:28.497000),52.0,
S5_Hang_2_extracted,Event_6,PhoneAccelerometer,PhoneAccelerometer_Event_6.data,991,4,0,0,0,epoch milliseconds (2018-03-13 18:10:28.464000),5.0,
S5_Hang_2_extracted,Event_6,PhoneGravity,PhoneGravity_Event_6.data,992,4,0,0,0,epoch milliseconds (2018-03-13 18:10:28.461000),5.0,
S5_Hang_2_extracted,Event_6,PhoneGyroscope,PhoneGyroscope_Event_6.data,992,4,0,0,0,epoch milliseconds (2018-03-13 18:10:28.461000),5.0,
S5_Hang_2_extracted,Event_6,PhoneLinearAccelerometer,PhoneLinearAccelerometer_Event_6.data,991,4,0,0,0,epoch milliseconds (2018-03-13 18:10:28.465000),5.0,
S5_Hang_2_extracted,Event_6,PhoneMagnetometer,PhoneMagnetometer_Event_6.data,500,4,0,0,0,epoch milliseconds (2018-03-13 18:10:28.470000),10.0,
S5_Hang_2_extracted,Event_6,android.sensor.accelerometer,android.sensor.accelerometer_Event_6.data,498,4,0,0,0,epoch milliseconds (2018-03-13 18:10:28.470000),10.0,
S5_Hang_2_extracted,Event_6,android.sensor.gyroscope,android.sensor.gyroscope_Event_6.data,499,4,0,0,0,epoch milliseconds (2018-03-13 18:10:28.462000),10.0,
S5_Hang_2_extracted,Event_7,JinsAccelerometer,JinsAccelerometer_Event_7.data,100,4,0,0,0,epoch milliseconds (2018-03-13 18:10:47.009000),52.0,
S5_Hang_2_extracted,Event_7,JinsBlinkSpeed,JinsBlinkSpeed_Event_7.data,100,2,0,0,0,epoch milliseconds (2018-03-13 18:10:47.009000),52.0,
S5_Hang_2_extracted,Event_7,JinsBlinkStrength,JinsBlinkStrength_Event_7.data,100,2,0,0,0,epoch milliseconds (2018-03-13 18:10:47.009000),52.0,
S5_Hang_2_extracted,Event_7,JinsEyeMovement,JinsEyeMovement_Event_7.data,100,5,0,0,0,epoch milliseconds (2018-03-13 18:10:47.009000),52.0,
S5_Hang_2_extracted,Event_7,JinsGyroscope,JinsGyroscope_Event_7.data,100,4,0,0,0,epoch milliseconds (2018-03-13 18:10:47.009000),52.0,
S5_Hang_2_extracted,Event_7,PhoneAccelerometer,PhoneAccelerometer_Event_7.data,991,4,0,0,0,epoch milliseconds (2018-03-13 18:10:46.989000),5.0,
S5_Hang_2_extracted,Event_7,PhoneGravity,PhoneGravity_Event_7.data,991,4,0,0,0,epoch milliseconds (2018-03-13 18:10:46.991000),5.0,
S5_Hang_2_extracted,Event_7,PhoneGyroscope,PhoneGyroscope_Event_7.data,989,4,0,0,0,epoch milliseconds (2018-03-13 18:10:46.991000),5.0,
S5_Hang_2_extracted,Event_7,PhoneLinearAccelerometer,PhoneLinearAccelerometer_Event_7.data,989,4,0,0,0,epoch milliseconds (2018-03-13 18:10:46.993000),5.0,
S5_Hang_2_extracted,Event_7,PhoneMagnetometer,PhoneMagnetometer_Event_7.data,501,4,0,0,0,epoch milliseconds (2018-03-13 18:10:46.997000),10.0,
S5_Hang_2_extracted,Event_7,android.sensor.accelerometer,android.sensor.accelerometer_Event_7.data,500,4,0,0,0,epoch milliseconds (2018-03-13 18:10:46.997000),10.0,
S5_Hang_2_extracted,Event_7,android.sensor.gyroscope,android.sensor.gyroscope_Event_7.data,501,4,0,0,0,epoch milliseconds (2018-03-13 18:10:46.992000),10.0,
S5_Hang_2_extracted,Event_8,JinsAccelerometer,JinsAccelerometer_Event_8.data,100,4,0,0,0,epoch milliseconds (2018-03-13 18:11:03.127000),52.0,
S5_Hang_2_extracted,Event_8,JinsBlinkSpeed,JinsBlinkSpeed_Event_8.data,100,2,0,0,0,epoch milliseconds (2018-03-13 18:11:03.127000),52.0,
S5_Hang_2_extracted,Event_8,JinsBlinkStrength,JinsBlinkStrength_Event_8.data,100,2,0,0,0,epoch milliseconds (2018-03-13 18:11:03.127000),52.0,
S5_Hang_2_extracted,Event_8,JinsEyeMovement,JinsEyeMovement_Event_8.data,100,5,0,0,0,epoch milliseconds (2018-03-13 18:11:03.127000),52.0,
S5_Hang_2_extracted,Event_8,JinsGyroscope,JinsGyroscope_Event_8.data,100,4,0,0,0,epoch milliseconds (2018-03-13 18:11:03.127000),52.0,
S5_Hang_2_extracted,Event_8,PhoneAccelerometer,PhoneAccelerometer_Event_8.data,991,4,0,0,0,epoch milliseconds (2018-03-13 18:11:03.096000),5.0,
S5_Hang_2_extracted,Event_8,PhoneGravity,PhoneGravity_Event_8.data,991,4,0,0,0,epoch milliseconds (2018-03-13 18:11:03.094000),5.0,
S5_Hang_2_extracted,Event_8,PhoneGyroscope,PhoneGyroscope_Event_8.data,990,4,0,0,0,epoch milliseconds (2018-03-13 18:11:03.096000),5.0,
S5_Hang_2_extracted,Event_8,PhoneLinearAccelerometer,PhoneLinearAccelerometer_Event_8.data,992,4,0,0,0,epoch milliseconds (2018-03-13 18:11:03.093000),5.0,
S5_Hang_2_extracted,Event_8,PhoneMagnetometer,PhoneMagnetometer_Event_8.data,500,4,0,0,0,epoch milliseconds (2018-03-13 18:11:03.095000),10.0,
S5_Hang_2_extracted,Event_8,android.sensor.accelerometer,android.sensor.accelerometer_Event_8.data,501,4,0,0,0,epoch milliseconds (2018-03-13 18:11:03.093000),10.0,
S5_Hang_2_extracted,Event_8,android.sensor.gyroscope,android.sensor.gyroscope_Event_8.data,501,4,0,0,0,epoch milliseconds (2018-03-13 18:11:03.101000),10.0,
S5_Hang_2_extracted,Event_9,JinsAccelerometer,JinsAccelerometer_Event_9.data,100,4,0,0,0,epoch milliseconds (2018-03-13 18:11:21.340000),52.0,
S5_Hang_2_extracted,Event_9,JinsBlinkSpeed,JinsBlinkSpeed_Event_9.data,100,2,0,0,0,epoch milliseconds (2018-03-13 18:11:21.340000),52.0,
S5_Hang_2_extracted,Event_9,JinsBlinkStrength,JinsBlinkStrength_Event_9.data,100,2,0,0,0,epoch milliseconds (2018-03-13 18:11:21.340000),52.0,
S5_Hang_2_extracted,Event_9,JinsEyeMovement,JinsEyeMovement_Event_9.data,100,5,0,0,0,epoch milliseconds (2018-03-13 18:11:21.340000),52.0,
S5_Hang_2_extracted,Event_9,JinsGyroscope,JinsGyroscope_Event_9.data,100,4,0,0,0,epoch milliseconds (2018-03-13 18:11:21.340000),52.0,
S5_Hang_2_extracted,Event_9,PhoneAccelerometer,PhoneAccelerometer_Event_9.data,992,4,0,0,0,epoch milliseconds (2018-03-13 18:11:21.309000),5.0,
S5_Hang_2_extracted,Event_9,PhoneGravity,PhoneGravity_Event_9.data,990,4,0,0,0,epoch milliseconds (2018-03-13 18:11:21.311000),5.0,
S5_Hang_2_extracted,Event_9,PhoneGyroscope,PhoneGyroscope_Event_9.data,991,4,0,0,0,epoch milliseconds (2018-03-13 18:11:21.312000),5.0,
S5_Hang_2_extracted,Event_9,PhoneLinearAccelerometer,PhoneLinearAccelerometer_Event_9.data,992,4,0,0,0,epoch milliseconds (2018-03-13 18:11:21.312000),5.0,
S5_Hang_2_extracted,Event_9,PhoneMagnetometer,PhoneMagnetometer_Event_9.data,502,4,0,0,0,epoch milliseconds (2018-03-13 18:11:21.310000),10.0,
S5_Hang_2_extracted,Event_9,android.sensor.accelerometer,android.sensor.accelerometer_Event_9.data,500,4,0,0,0,epoch milliseconds (2018-03-13 18:11:21.316000),10.0,
S5_Hang_2_extracted,Event_9,android.sensor.gyroscope,android.sensor.gyroscope_Event_9.data,501,4,0,0,0,epoch milliseconds (2018-03-13 18:11:21.311000),10.0,
S5_LieDown_1_extracted,Event_0,JinsAccelerometer,JinsAccelerometer_Event_0.data,100,4,0,0,0,epoch milliseconds (2018-03-13 14:32:48.769000),38.0,
S5_LieDown_1_extracted,Event_0,JinsBlinkSpeed,JinsBlinkSpeed_Event_0.data,100,2,0,0,0,epoch milliseconds (2018-03-13 14:32:48.769000),38.0,
S5_LieDown_1_extracted,Event_0,JinsBlinkStrength,JinsBlinkStrength_Event_0.data,100,2,0,0,0,epoch milliseconds (2018-03-13 14:32:48.769000),38.0,
S5_LieDown_1_extracted,Event_0,JinsEyeMovement,JinsEyeMovement_Event_0.data,100,5,0,0,0,epoch milliseconds (2018-03-13 14:32:48.769000),38.0,
S5_LieDown_1_extracted,Event_0,JinsGyroscope,JinsGyroscope_Event_0.data,100,4,0,0,0,epoch milliseconds (2018-03-13 14:32:48.769000),38.0,
S5_LieDown_1_extracted,Event_0,PhoneAccelerometer,PhoneAccelerometer_Event_0.data,1003,4,0,0,0,epoch milliseconds (2018-03-13 14:32:48.725000),5.0,
S5_LieDown_1_extracted,Event_0,PhoneGravity,PhoneGravity_Event_0.data,1003,4,0,0,0,epoch milliseconds (2018-03-13 14:32:48.725000),5.0,
S5_LieDown_1_extracted,Event_0,PhoneGyroscope,PhoneGyroscope_Event_0.data,1004,4,0,0,0,epoch milliseconds (2018-03-13 14:32:48.724000),5.0,
S5_LieDown_1_extracted,Event_0,PhoneLinearAccelerometer,PhoneLinearAccelerometer_Event_0.data,1004,4,0,0,0,epoch milliseconds (2018-03-13 14:32:48.724000),5.0,
S5_LieDown_1_extracted,Event_0,PhoneMagnetometer,PhoneMagnetometer_Event_0.data,501,4,0,0,0,epoch milliseconds (2018-03-13 14:32:48.731000),10.0,
S5_LieDown_1_extracted,Event_0,android.sensor.accelerometer,android.sensor.accelerometer_Event_0.data,497,4,0,0,0,epoch milliseconds (2018-03-13 14:32:48.724000),10.0,
S5_LieDown_1_extracted,Event_0,android.sensor.gyroscope,android.sensor.gyroscope_Event_0.data,497,4,0,0,0,epoch milliseconds (2018-03-13 14:32:48.723000),10.0,
S5_LieDown_1_extracted,Event_1,JinsAccelerometer,JinsAccelerometer_Event_1.data,99,4,0,0,0,epoch milliseconds (2018-03-13 14:33:01.517000),38.0,
S5_LieDown_1_extracted,Event_1,JinsBlinkSpeed,JinsBlinkSpeed_Event_1.data,99,2,0,0,0,epoch milliseconds (2018-03-13 14:33:01.517000),38.0,
S5_LieDown_1_extracted,Event_1,JinsBlinkStrength,JinsBlinkStrength_Event_1.data,99,2,0,0,0,epoch milliseconds (2018-03-13 14:33:01.517000),38.0,
S5_LieDown_1_extracted,Event_1,JinsEyeMovement,JinsEyeMovement_Event_1.data,99,5,0,0,0,epoch milliseconds (2018-03-13 14:33:01.517000),38.0,
S5_LieDown_1_extracted,Event_1,JinsGyroscope,JinsGyroscope_Event_1.data,99,4,0,0,0,epoch milliseconds (2018-03-13 14:33:01.517000),38.0,
S5_LieDown_1_extracted,Event_1,PhoneAccelerometer,PhoneAccelerometer_Event_1.data,1002,4,0,0,0,epoch milliseconds (2018-03-13 14:33:01.459000),5.0,
S5_LieDown_1_extracted,Event_1,PhoneGravity,PhoneGravity_Event_1.data,1004,4,0,0,0,epoch milliseconds (2018-03-13 14:33:01.456000),5.0,
S5_LieDown_1_extracted,Event_1,PhoneGyroscope,PhoneGyroscope_Event_1.data,1004,4,0,0,0,epoch milliseconds (2018-03-13 14:33:01.456000),5.0,
S5_LieDown_1_extracted,Event_1,PhoneLinearAccelerometer,PhoneLinearAccelerometer_Event_1.data,1006,4,0,0,0,epoch milliseconds (2018-03-13 14:33:01.457000),5.0,
S5_LieDown_1_extracted,Event_1,PhoneMagnetometer,PhoneMagnetometer_Event_1.data,500,4,0,0,0,epoch milliseconds (2018-03-13 14:33:01.463000),10.0,
S5_LieDown_1_extracted,Event_1,android.sensor.accelerometer,android.sensor.accelerometer_Event_1.data,505,4,0,0,0,epoch milliseconds (2018-03-13 14:33:01.462000),10.0,
S5_LieDown_1_extracted,Event_1,android.sensor.gyroscope,android.sensor.gyroscope_Event_1.data,506,4,0,0,0,epoch milliseconds (2018-03-13 14:33:01.455000),10.0,
S5_LieDown_1_extracted,Event_2,JinsAccelerometer,JinsAccelerometer_Event_2.data,100,4,0,0,0,epoch milliseconds (2018-03-13 14:33:14.979000),39.0,
S5_LieDown_1_extracted,Event_2,JinsBlinkSpeed,JinsBlinkSpeed_Event_2.data,100,2,0,0,0,epoch milliseconds (2018-03-13 14:33:14.979000),39.0,
S5_LieDown_1_extracted,Event_2,JinsBlinkStrength,JinsBlinkStrength_Event_2.data,100,2,0,0,0,epoch milliseconds (2018-03-13 14:33:14.979000),39.0,
S5_LieDown_1_extracted,Event_2,JinsEyeMovement,JinsEyeMovement_Event_2.data,100,5,0,0,0,epoch milliseconds (2018-03-13 14:33:14.979000),39.0,
S5_LieDown_1_extracted,Event_2,JinsGyroscope,JinsGyroscope_Event_2.data,100,4,0,0,0,epoch milliseconds (2018-03-13 14:33:14.979000),39.0,
S5_LieDown_1_extracted,Event_2,PhoneAccelerometer,PhoneAccelerometer_Event_2.data,1003,4,0,0,0,epoch milliseconds (2018-03-13 14:33:14.936000),5.0,
S5_LieDown_1_extracted,Event_2,PhoneGravity,PhoneGravity_Event_2.data,1004,4,0,0,0,epoch milliseconds (2018-03-13 14:33:14.940000),5.0,
S5_LieDown_1_extracted,Event_2,PhoneGyroscope,PhoneGyroscope_Event_2.data,997,4,0,0,0,epoch milliseconds (2018-03-13 14:33:14.937000),5.0,
S5_LieDown_1_extracted,Event_2,PhoneLinearAccelerometer,PhoneLinearAccelerometer_Event_2.data,1004,4,0,0,0,epoch milliseconds (2018-03-13 14:33:14.939000),5.0,
S5_LieDown_1_extracted,Event_2,PhoneMagnetometer,PhoneMagnetometer_Event_2.data,501,4,0,0,0,epoch milliseconds (2018-03-13 14:33:14.938000),10.0,
S5_LieDown_1_extracted,Event_2,android.sensor.accelerometer,android.sensor.accelerometer_Event_2.data,498,4,0,0,0,epoch milliseconds (2018-03-13 14:33:14.942000),10.0,
S5_LieDown_1_extracted,Event_2,android.sensor.gyroscope,android.sensor.gyroscope_Event_2.data,499,4,0,0,0,epoch milliseconds (2018-03-13 14:33:14.942000),10.0,
S5_LieDown_1_extracted,Event_3,JinsAccelerometer,JinsAccelerometer_Event_3.data,100,4,0,0,0,epoch milliseconds (2018-03-13 14:33:27.537000),39.0,
S5_LieDown_1_extracted,Event_3,JinsBlinkSpeed,JinsBlinkSpeed_Event_3.data,100,2,0,0,0,epoch milliseconds (2018-03-13 14:33:27.537000),39.0,
S5_LieDown_1_extracted,Event_3,JinsBlinkStrength,JinsBlinkStrength_Event_3.data,100,2,0,0,0,epoch milliseconds (2018-03-13 14:33:27.537000),39.0,
S5_LieDown_1_extracted,Event_3,JinsEyeMovement,JinsEyeMovement_Event_3.data,100,5,0,0,0,epoch milliseconds (2018-03-13 14:33:27.537000),39.0,
S5_LieDown_1_extracted,Event_3,JinsGyroscope,JinsGyroscope_Event_3.data,100,4,0,0,0,epoch milliseconds (2018-03-13 14:33:27.537000),39.0,
S5_LieDown_1_extracted,Event_3,PhoneAccelerometer,PhoneAccelerometer_Event_3.data,1005,4,0,0,0,epoch milliseconds (2018-03-13 14:33:27.536000),5.0,
S5_LieDown_1_extracted,Event_3,PhoneGravity,PhoneGravity_Event_3.data,1002,4,0,0,0,epoch milliseconds (2018-03-13 14:33:27.535000),5.0,
S5_LieDown_1_extracted,Event_3,PhoneGyroscope,PhoneGyroscope_Event_3.data,1005,4,0,0,0,epoch milliseconds (2018-03-13 14:33:27.533000),5.0,
S5_LieDown_1_extracted,Event_3,PhoneLinearAccelerometer,PhoneLinearAccelerometer_Event_3.data,1003,4,0,0,0,epoch milliseconds (2018-03-13 14:33:27.536000),5.0,
S5_LieDown_1_extracted,Event_3,PhoneMagnetometer,PhoneMagnetometer_Event_3.data,501,4,0,0,0,epoch milliseconds (2018-03-13 14:33:27.532000),10.0,
S5_LieDown_1_extracted,Event_3,android.sensor.accelerometer,android.sensor.accelerometer_Event_3.data,507,4,0,0,0,epoch milliseconds (2018-03-13 14:33:27.541000),10.0,
S5_LieDown_1_extracted,Event_3,android.sensor.gyroscope,android.sensor.gyroscope_Event_3.data,507,4,0,0,0,epoch milliseconds (2018-03-13 14:33:27.540000),10.0,
S5_LieDown_1_extracted,Event_4,JinsAccelerometer,JinsAccelerometer_Event_4.data,99,4,0,0,0,epoch milliseconds (2018-03-13 14:33:40.363000),38.0,
S5_LieDown_1_extracted,Event_4,JinsBlinkSpeed,JinsBlinkSpeed_Event_4.data,99,2,0,0,0,epoch milliseconds (2018-03-13 14:33:40.363000),38.0,
S5_LieDown_1_extracted,Event_4,JinsBlinkStrength,JinsBlinkStrength_Event_4.data,99,2,0,0,0,epoch milliseconds (2018-03-13 14:33:40.363000),38.0,
S5_LieDown_1_extracted,Event_4,JinsEyeMovement,JinsEyeMovement_Event_4.data,99,5,0,0,0,epoch milliseconds (2018-03-13 14:33:40.363000),38.0,
S5_LieDown_1_extracted,Event_4,JinsGyroscope,JinsGyroscope_Event_4.data,99,4,0,0,0,epoch milliseconds (2018-03-13 14:33:40.363000),38.0,
S5_LieDown_1_extracted,Event_4,PhoneAccelerometer,PhoneAccelerometer_Event_4.data,1003,4,0,0,0,epoch milliseconds (2018-03-13 14:33:40.312000),5.0,
S5_LieDown_1_extracted,Event_4,PhoneGravity,PhoneGravity_Event_4.data,1005,4,0,0,0,epoch milliseconds (2018-03-13 14:33:40.310000),5.0,
S5_LieDown_1_extracted,Event_4,PhoneGyroscope,PhoneGyroscope_Event_4.data,1003,4,0,0,0,epoch milliseconds (2018-03-13 14:33:40.312000),5.0,
S5_LieDown_1_extracted,Event_4,PhoneLinearAccelerometer,PhoneLinearAccelerometer_Event_4.data,1006,4,0,0,0,epoch milliseconds (2018-03-13 14:33:40.310000),5.0,
S5_LieDown_1_extracted,Event_4,PhoneMagnetometer,PhoneMagnetometer_Event_4.data,501,4,0,0,0,epoch milliseconds (2018-03-13 14:33:40.316000),10.0,
S5_LieDown_1_extracted,Event_4,android.sensor.accelerometer,android.sensor.accelerometer_Event_4.data,502,4,0,0,0,epoch milliseconds (2018-03-13 14:33:40.314000),10.0,
S5_LieDown_1_extracted,Event_4,android.sensor.gyroscope,android.sensor.gyroscope_Event_4.data,501,4,0,0,0,epoch milliseconds (2018-03-13 14:33:40.319000),10.0,
S5_LieDown_1_extracted,Event_5,JinsAccelerometer,JinsAccelerometer_Event_5.data,100,4,0,0,0,epoch milliseconds (2018-03-13 14:33:53.263000),38.0,
S5_LieDown_1_extracted,Event_5,JinsBlinkSpeed,JinsBlinkSpeed_Event_5.data,100,2,0,0,0,epoch milliseconds (2018-03-13 14:33:53.263000),38.0,
S5_LieDown_1_extracted,Event_5,JinsBlinkStrength,JinsBlinkStrength_Event_5.data,100,2,0,0,0,epoch milliseconds (2018-03-13 14:33:53.263000),38.0,
S5_LieDown_1_extracted,Event_5,JinsEyeMovement,JinsEyeMovement_Event_5.data,100,5,0,0,0,epoch milliseconds (2018-03-13 14:33:53.263000),38.0,
S5_LieDown_1_extracted,Event_5,JinsGyroscope,JinsGyroscope_Event_5.data,100,4,0,0,0,epoch milliseconds (2018-03-13 14:33:53.263000),38.0,
S5_LieDown_1_extracted,Event_5,PhoneAccelerometer,PhoneAccelerometer_Event_5.data,1003,4,0,0,0,epoch milliseconds (2018-03-13 14:33:53.234000),5.0,
S5_LieDown_1_extracted,Event_5,PhoneGravity,PhoneGravity_Event_5.data,1005,4,0,0,0,epoch milliseconds (2018-03-13 14:33:53.234000),5.0,
S5_LieDown_1_extracted,Event_5,PhoneGyroscope,PhoneGyroscope_Event_5.data,999,4,0,0,0,epoch milliseconds (2018-03-13 14:33:53.235000),5.0,
S5_LieDown_1_extracted,Event_5,PhoneLinearAccelerometer,PhoneLinearAccelerometer_Event_5.data,1005,4,0,0,0,epoch milliseconds (2018-03-13 14:33:53.233000),5.0,
S5_LieDown_1_extracted,Event_5,PhoneMagnetometer,PhoneMagnetometer_Event_5.data,501,4,0,0,0,epoch milliseconds (2018-03-13 14:33:53.240000),10.0,
S5_LieDown_1_extracted,Event_5,android.sensor.accelerometer,android.sensor.accelerometer_Event_5.data,503,4,0,0,0,epoch milliseconds (2018-03-13 14:33:53.232000),10.0,
S5_LieDown_1_extracted,Event_5,android.sensor.gyroscope,android.sensor.gyroscope_Event_5.data,502,4,0,0,0,epoch milliseconds (2018-03-13 14:33:53.233000),10.0,
S5_LieDown_1_extracted,Event_6,JinsAccelerometer,JinsAccelerometer_Event_6.data,100,4,0,0,0,epoch milliseconds (2018-03-13 14:34:05.940000),38.0,
S5_LieDown_1_extracted,Event_6,JinsBlinkSpeed,JinsBlinkSpeed_Event_6.data,100,2,0,0,0,epoch milliseconds (2018-03-13 14:34:05.940000),38.0,
S5_LieDown_1_extracted,Event_6,JinsBlinkStrength,JinsBlinkStrength_Event_6.data,100,2,0,0,0,epoch milliseconds (2018-03-13 14:34:05.940000),38.0,
S5_LieDown_1_extracted,Event_6,JinsEyeMovement,JinsEyeMovement_Event_6.data,100,5,0,0,0,epoch milliseconds (2018-03-13 14:34:05.940000),38.0,
S5_LieDown_1_extracted,Event_6,JinsGyroscope,JinsGyroscope_Event_6.data,100,4,0,0,0,epoch milliseconds (2018-03-13 14:34:05.940000),38.0,
S5_LieDown_1_extracted,Event_6,PhoneAccelerometer,PhoneAccelerometer_Event_6.data,997,4,0,0,0,epoch milliseconds (2018-03-13 14:34:05.942000),5.0,
S5_LieDown_1_extracted,Event_6,PhoneGravity,PhoneGravity_Event_6.data,1012,4,0,0,0,epoch milliseconds (2018-03-13 14:34:05.938000),5.0,
S5_LieDown_1_extracted,Event_6,PhoneGyroscope,PhoneGyroscope_Event_6.data,1010,4,0,0,0,epoch milliseconds (2018-03-13 14:34:05.941000),5.0,
S5_LieDown_1_extracted,Event_6,PhoneLinearAccelerometer,PhoneLinearAccelerometer_Event_6.data,1010,4,0,0,0,epoch milliseconds (2018-03-13 14:34:05.940000),5.0,
S5_LieDown_1_extracted,Event_6,PhoneMagnetometer,PhoneMagnetometer_Event_6.data,500,4,0,0,0,epoch milliseconds (2018-03-13 14:34:05.942000),10.0,
S5_LieDown_1_extracted,Event_6,android.sensor.accelerometer,android.sensor.accelerometer_Event_6.data,507,4,0,0,0,epoch milliseconds (2018-03-13 14:34:05.944000),10.0,
S5_LieDown_1_extracted,Event_6,android.sensor.gyroscope,android.sensor.gyroscope_Event_6.data,508,4,0,0,0,epoch milliseconds (2018-03-13 14:34:05.941000),10.0,
S5_LieDown_1_extracted,Event_7,JinsAccelerometer,JinsAccelerometer_Event_7.data,100,4,0,0,0,epoch milliseconds (2018-03-13 14:34:19.020000),38.0,
S5_LieDown_1_extracted,Event_7,JinsBlinkSpeed,JinsBlinkSpeed_Event_7.data,100,2,0,0,0,epoch milliseconds (2018-03-13 14:34:19.020000),38.0,
S5_LieDown_1_extracted,Event_7,JinsBlinkStrength,JinsBlinkStrength_Event_7.data,100,2,0,0,0,epoch milliseconds (2018-03-13 14:34:19.020000),38.0,
S5_LieDown_1_extracted,Event_7,JinsEyeMovement,JinsEyeMovement_Event_7.data,100,5,0,0,0,epoch milliseconds (2018-03-13 14:34:19.020000),38.0,
S5_LieDown_1_extracted,Event_7,JinsGyroscope,JinsGyroscope_Event_7.data,100,4,0,0,0,epoch milliseconds (2018-03-13 14:34:19.020000),38.0,
S5_LieDown_1_extracted,Event_7,PhoneAccelerometer,PhoneAccelerometer_Event_7.data,1004,4,0,0,0,epoch milliseconds (2018-03-13 14:34:19.011000),5.0,
S5_LieDown_1_extracted,Event_7,PhoneGravity,PhoneGravity_Event_7.data,1004,4,0,0,0,epoch milliseconds (2018-03-13 14:34:19.013000),5.0,
S5_LieDown_1_extracted,Event_7,PhoneGyroscope,PhoneGyroscope_Event_7.data,1005,4,0,0,0,epoch milliseconds (2018-03-13 14:34:19.011000),5.0,
S5_LieDown_1_extracted,Event_7,PhoneLinearAccelerometer,PhoneLinearAccelerometer_Event_7.data,1002,4,0,0,0,epoch milliseconds (2018-03-13 14:34:19.012000),5.0,
S5_LieDown_1_extracted,Event_7,PhoneMagnetometer,PhoneMagnetometer_Event_7.data,502,4,0,0,0,epoch milliseconds (2018-03-13 14:34:19.018000),10.0,
S5_LieDown_1_extracted,Event_7,android.sensor.accelerometer,android.sensor.accelerometer_Event_7.data,512,4,0,0,0,epoch milliseconds (2018-03-13 14:34:19.015000),10.0,
S5_LieDown_1_extracted,Event_7,android.sensor.gyroscope,android.sensor.gyroscope_Event_7.data,512,4,0,0,0,epoch milliseconds (2018-03-13 14:34:19.018000),10.0,
S5_LieDown_1_extracted,Event_8,JinsAccelerometer,JinsAccelerometer_Event_8.data,100,4,0,0,0,epoch milliseconds (2018-03-13 14:34:31.556000),38.0,
S5_LieDown_1_extracted,Event_8,JinsBlinkSpeed,JinsBlinkSpeed_Event_8.data,100,2,0,0,0,epoch milliseconds (2018-03-13 14:34:31.556000),38.0,
S5_LieDown_1_extracted,Event_8,JinsBlinkStrength,JinsBlinkStrength_Event_8.data,100,2,0,0,0,epoch milliseconds (2018-03-13 14:34:31.556000),38.0,
S5_LieDown_1_extracted,Event_8,JinsEyeMovement,JinsEyeMovement_Event_8.data,100,5,0,0,0,epoch milliseconds (2018-03-13 14:34:31.556000),38.0,
S5_LieDown_1_extracted,Event_8,JinsGyroscope,JinsGyroscope_Event_8.data,100,4,0,0,0,epoch milliseconds (2018-03-13 14:34:31.556000),38.0,
S5_LieDown_1_extracted,Event_8,PhoneAccelerometer,PhoneAccelerometer_Event_8.data,1004,4,0,0,0,epoch milliseconds (2018-03-13 14:34:31.480000),5.0,
S5_LieDown_1_extracted,Event_8,PhoneGravity,PhoneGravity_Event_8.data,1004,4,0,0,0,epoch milliseconds (2018-03-13 14:34:31.482000),5.0,
S5_LieDown_1_extracted,Event_8,PhoneGyroscope,PhoneGyroscope_Event_8.data,1004,4,0,0,0,epoch milliseconds (2018-03-13 14:34:31.478000),5.0,
S5_LieDown_1_extracted,Event_8,PhoneLinearAccelerometer,PhoneLinearAccelerometer_Event_8.data,1005,4,0,0,0,epoch milliseconds (2018-03-13 14:34:31.479000),5.0,
S5_LieDown_1_extracted,Event_8,PhoneMagnetometer,PhoneMagnetometer_Event_8.data,502,4,0,0,0,epoch milliseconds (2018-03-13 14:34:31.479000),10.0,
S5_LieDown_1_extracted,Event_8,android.sensor.accelerometer,android.sensor.accelerometer_Event_8.data,531,4,0,0,0,epoch milliseconds (2018-03-13 14:34:31.654000),10.0,
S5_LieDown_1_extracted,Event_8,android.sensor.gyroscope,android.sensor.gyroscope_Event_8.data,531,4,0,0,0,epoch milliseconds (2018-03-13 14:34:31.658000),10.0,
S5_LieDown_1_extracted,Event_9,JinsAccelerometer,JinsAccelerometer_Event_9.data,100,4,0,0,0,epoch milliseconds (2018-03-13 14:34:43.896000),38.0,
S5_LieDown_1_extracted,Event_9,JinsBlinkSpeed,JinsBlinkSpeed_Event_9.data,100,2,0,0,0,epoch milliseconds (2018-03-13 14:34:43.896000),38.0,
S5_LieDown_1_extracted,Event_9,JinsBlinkStrength,JinsBlinkStrength_Event_9.data,100,2,0,0,0,epoch milliseconds (2018-03-13 14:34:43.896000),38.0,
S5_LieDown_1_extracted,Event_9,JinsEyeMovement,JinsEyeMovement_Event_9.data,100,5,0,0,0,epoch milliseconds (2018-03-13 14:34:43.896000),38.0,
S5_LieDown_1_extracted,Event_9,JinsGyroscope,JinsGyroscope_Event_9.data,100,4,0,0,0,epoch milliseconds (2018-03-13 14:34:43.896000),38.0,
S5_LieDown_1_extracted,Event_9,PhoneAccelerometer,PhoneAccelerometer_Event_9.data,1004,4,0,0,0,epoch milliseconds (2018-03-13 14:34:43.886000),5.0,
S5_LieDown_1_extracted,Event_9,PhoneGravity,PhoneGravity_Event_9.data,1001,4,0,0,0,epoch milliseconds (2018-03-13 14:34:43.886000),5.0,
S5_LieDown_1_extracted,Event_9,PhoneGyroscope,PhoneGyroscope_Event_9.data,1001,4,0,0,0,epoch milliseconds (2018-03-13 14:34:43.888000),5.0,
S5_LieDown_1_extracted,Event_9,PhoneLinearAccelerometer,PhoneLinearAccelerometer_Event_9.data,1000,4,0,0,0,epoch milliseconds (2018-03-13 14:34:43.890000),5.0,
S5_LieDown_1_extracted,Event_9,PhoneMagnetometer,PhoneMagnetometer_Event_9.data,501,4,0,0,0,epoch milliseconds (2018-03-13 14:34:43.891000),10.0,
S5_LieDown_1_extracted,Event_9,android.sensor.accelerometer,android.sensor.accelerometer_Event_9.data,505,4,0,0,0,epoch milliseconds (2018-03-13 14:34:43.891000),10.0,
S5_LieDown_1_extracted,Event_9,android.sensor.gyroscope,android.sensor.gyroscope_Event_9.data,505,4,0,0,0,epoch milliseconds (2018-03-13 14:34:43.887000),10.0,
S5_LieDown_2_extracted,Event_0,JinsAccelerometer,JinsAccelerometer_Event_0.data,101,4,0,0,0,epoch milliseconds (2018-03-13 14:28:47.185000),38.0,
S5_LieDown_2_extracted,Event_0,JinsBlinkSpeed,JinsBlinkSpeed_Event_0.data,101,2,0,0,0,epoch milliseconds (2018-03-13 14:28:47.185000),38.0,
S5_LieDown_2_extracted,Event_0,JinsBlinkStrength,JinsBlinkStrength_Event_0.data,101,2,0,0,0,epoch milliseconds (2018-03-13 14:28:47.185000),38.0,
S5_LieDown_2_extracted,Event_0,JinsEyeMovement,JinsEyeMovement_Event_0.data,101,5,0,0,0,epoch milliseconds (2018-03-13 14:28:47.185000),38.0,
S5_LieDown_2_extracted,Event_0,JinsGyroscope,JinsGyroscope_Event_0.data,101,4,0,0,0,epoch milliseconds (2018-03-13 14:28:47.185000),38.0,
S5_LieDown_2_extracted,Event_0,PhoneAccelerometer,PhoneAccelerometer_Event_0.data,1004,4,0,0,0,epoch milliseconds (2018-03-13 14:28:47.178000),5.0,
S5_LieDown_2_extracted,Event_0,PhoneGravity,PhoneGravity_Event_0.data,1005,4,0,0,0,epoch milliseconds (2018-03-13 14:28:47.177000),5.0,
S5_LieDown_2_extracted,Event_0,PhoneGyroscope,PhoneGyroscope_Event_0.data,1004,4,0,0,0,epoch milliseconds (2018-03-13 14:28:47.179000),5.0,
S5_LieDown_2_extracted,Event_0,PhoneLinearAccelerometer,PhoneLinearAccelerometer_Event_0.data,1005,4,0,0,0,epoch milliseconds (2018-03-13 14:28:47.178000),5.0,
S5_LieDown_2_extracted,Event_0,PhoneMagnetometer,PhoneMagnetometer_Event_0.data,501,4,0,0,0,epoch milliseconds (2018-03-13 14:28:47.184000),10.0,
S5_LieDown_2_extracted,Event_0,android.sensor.accelerometer,android.sensor.accelerometer_Event_0.data,502,4,0,0,0,epoch milliseconds (2018-03-13 14:28:47.214000),10.0,
S5_LieDown_2_extracted,Event_0,android.sensor.gyroscope,android.sensor.gyroscope_Event_0.data,503,4,0,0,0,epoch milliseconds (2018-03-13 14:28:47.206000),10.0,
S5_LieDown_2_extracted,Event_1,JinsAccelerometer,JinsAccelerometer_Event_1.data,100,4,0,0,0,epoch milliseconds (2018-03-13 14:29:00.388000),38.0,
S5_LieDown_2_extracted,Event_1,JinsBlinkSpeed,JinsBlinkSpeed_Event_1.data,100,2,0,0,0,epoch milliseconds (2018-03-13 14:29:00.388000),38.0,
S5_LieDown_2_extracted,Event_1,JinsBlinkStrength,JinsBlinkStrength_Event_1.data,100,2,0,0,0,epoch milliseconds (2018-03-13 14:29:00.388000),38.0,
S5_LieDown_2_extracted,Event_1,JinsEyeMovement,JinsEyeMovement_Event_1.data,100,5,0,0,0,epoch milliseconds (2018-03-13 14:29:00.388000),38.0,
S5_LieDown_2_extracted,Event_1,JinsGyroscope,JinsGyroscope_Event_1.data,100,4,0,0,0,epoch milliseconds (2018-03-13 14:29:00.388000),38.0,
S5_LieDown_2_extracted,Event_1,PhoneAccelerometer,PhoneAccelerometer_Event_1.data,1004,4,0,0,0,epoch milliseconds (2018-03-13 14:29:00.386000),5.0,
S5_LieDown_2_extracted,Event_1,PhoneGravity,PhoneGravity_Event_1.data,1003,4,0,0,0,epoch milliseconds (2018-03-13 14:29:00.389000),5.0,
S5_LieDown_2_extracted,Event_1,PhoneGyroscope,PhoneGyroscope_Event_1.data,1004,4,0,0,0,epoch milliseconds (2018-03-13 14:29:00.385000),5.0,
S5_LieDown_2_extracted,Event_1,PhoneLinearAccelerometer,PhoneLinearAccelerometer_Event_1.data,1003,4,0,0,0,epoch milliseconds (2018-03-13 14:29:00.387000),5.0,
S5_LieDown_2_extracted,Event_1,PhoneMagnetometer,PhoneMagnetometer_Event_1.data,501,4,0,0,0,epoch milliseconds (2018-03-13 14:29:00.385000),10.0,
S5_LieDown_2_extracted,Event_1,android.sensor.accelerometer,android.sensor.accelerometer_Event_1.data,501,4,0,0,0,epoch milliseconds (2018-03-13 14:29:00.388000),10.0,
S5_LieDown_2_extracted,Event_1,android.sensor.gyroscope,android.sensor.gyroscope_Event_1.data,501,4,0,0,0,epoch milliseconds (2018-03-13 14:29:00.386000),10.0,
S5_LieDown_2_extracted,Event_2,JinsAccelerometer,JinsAccelerometer_Event_2.data,100,4,0,0,0,epoch milliseconds (2018-03-13 14:29:12.989000),38.0,
S5_LieDown_2_extracted,Event_2,JinsBlinkSpeed,JinsBlinkSpeed_Event_2.data,100,2,0,0,0,epoch milliseconds (2018-03-13 14:29:12.989000),38.0,
S5_LieDown_2_extracted,Event_2,JinsBlinkStrength,JinsBlinkStrength_Event_2.data,100,2,0,0,0,epoch milliseconds (2018-03-13 14:29:12.989000),38.0,
S5_LieDown_2_extracted,Event_2,JinsEyeMovement,JinsEyeMovement_Event_2.data,100,5,0,0,0,epoch milliseconds (2018-03-13 14:29:12.989000),38.0,
S5_LieDown_2_extracted,Event_2,JinsGyroscope,JinsGyroscope_Event_2.data,100,4,0,0,0,epoch milliseconds (2018-03-13 14:29:12.989000),38.0,
S5_LieDown_2_extracted,Event_2,PhoneAccelerometer,PhoneAccelerometer_Event_2.data,1002,4,0,0,0,epoch milliseconds (2018-03-13 14:29:12.936000),5.0,
S5_LieDown_2_extracted,Event_2,PhoneGravity,PhoneGravity_Event_2.data,1006,4,0,0,0,epoch milliseconds (2018-03-13 14:29:12.936000),5.0,
S5_LieDown_2_extracted,Event_2,PhoneGyroscope,PhoneGyroscope_Event_2.data,1003,4,0,0,0,epoch milliseconds (2018-03-13 14:29:12.934000),5.0,
S5_LieDown_2_extracted,Event_2,PhoneLinearAccelerometer,PhoneLinearAccelerometer_Event_2.data,1004,4,0,0,0,epoch milliseconds (2018-03-13 14:29:12.932000),5.0,
S5_LieDown_2_extracted,Event_2,PhoneMagnetometer,PhoneMagnetometer_Event_2.data,502,4,0,0,0,epoch milliseconds (2018-03-13 14:29:12.933000),10.0,
S5_LieDown_2_extracted,Event_2,android.sensor.accelerometer,android.sensor.accelerometer_Event_2.data,499,4,0,0,0,epoch milliseconds (2018-03-13 14:29:12.937000),10.0,
S5_LieDown_2_extracted,Event_2,android.sensor.gyroscope,android.sensor.gyroscope_Event_2.data,499,4,0,0,0,epoch milliseconds (2018-03-13 14:29:12.940000),10.0,
S5_LieDown_2_extracted,Event_3,JinsAccelerometer,JinsAccelerometer_Event_3.data,99,4,0,0,0,epoch milliseconds (2018-03-13 14:29:25.128000),38.0,
S5_LieDown_2_extracted,Event_3,JinsBlinkSpeed,JinsBlinkSpeed_Event_3.data,99,2,0,0,0,epoch milliseconds (2018-03-13 14:29:25.128000),38.0,
S5_LieDown_2_extracted,Event_3,JinsBlinkStrength,JinsBlinkStrength_Event_3.data,99,2,0,0,0,epoch milliseconds (2018-03-13 14:29:25.128000),38.0,
S5_LieDown_2_extracted,Event_3,JinsEyeMovement,JinsEyeMovement_Event_3.data,99,5,0,0,0,epoch milliseconds (2018-03-13 14:29:25.128000),38.0,
S5_LieDown_2_extracted,Event_3,JinsGyroscope,JinsGyroscope_Event_3.data,99,4,0,0,0,epoch milliseconds (2018-03-13 14:29:25.128000),38.0,
S5_LieDown_2_extracted,Event_3,PhoneAccelerometer,PhoneAccelerometer_Event_3.data,1000,4,0,0,0,epoch milliseconds (2018-03-13 14:29:25.085000),5.0,
S5_LieDown_2_extracted,Event_3,PhoneGravity,PhoneGravity_Event_3.data,984,4,0,0,0,epoch milliseconds (2018-03-13 14:29:25.082000),5.0,
S5_LieDown_2_extracted,Event_3,PhoneGyroscope,PhoneGyroscope_Event_3.data,989,4,0,0,0,epoch milliseconds (2018-03-13 14:29:25.081000),5.0,
S5_LieDown_2_extracted,Event_3,PhoneLinearAccelerometer,PhoneLinearAccelerometer_Event_3.data,983,4,0,0,0,epoch milliseconds (2018-03-13 14:29:25.082000),5.0,
S5_LieDown_2_extracted,Event_3,PhoneMagnetometer,PhoneMagnetometer_Event_3.data,495,4,0,0,0,epoch milliseconds (2018-03-13 14:29:25.089000),10.0,
S5_LieDown_2_extracted,Event_3,android.sensor.accelerometer,android.sensor.accelerometer_Event_3.data,495,4,0,0,0,epoch milliseconds (2018-03-13 14:29:25.086000),10.0,
S5_LieDown_2_extracted,Event_3,android.sensor.gyroscope,android.sensor.gyroscope_Event_3.data,495,4,0,0,0,epoch milliseconds (2018-03-13 14:29:25.084000),10.0,
S5_LieDown_2_extracted,Event_4,JinsAccelerometer,JinsAccelerometer_Event_4.data,100,4,0,0,0,epoch milliseconds (2018-03-13 14:30:03.650000),38.0,
S5_LieDown_2_extracted,Event_4,JinsBlinkSpeed,JinsBlinkSpeed_Event_4.data,100,2,0,0,0,epoch milliseconds (2018-03-13 14:30:03.650000),38.0,
S5_LieDown_2_extracted,Event_4,JinsBlinkStrength,JinsBlinkStrength_Event_4.data,100,2,0,0,0,epoch milliseconds (2018-03-13 14:30:03.650000),38.0,
S5_LieDown_2_extracted,Event_4,JinsEyeMovement,JinsEyeMovement_Event_4.data,100,5,0,0,0,epoch milliseconds (2018-03-13 14:30:03.650000),38.0,
S5_LieDown_2_extracted,Event_4,JinsGyroscope,JinsGyroscope_Event_4.data,100,4,0,0,0,epoch milliseconds (2018-03-13 14:30:03.650000),38.0,
S5_LieDown_2_extracted,Event_4,PhoneAccelerometer,PhoneAccelerometer_Event_4.data,1003,4,0,0,0,epoch milliseconds (2018-03-13 14:30:03.590000),5.0,
S5_LieDown_2_extracted,Event_4,PhoneGravity,PhoneGravity_Event_4.data,1003,4,0,0,0,epoch milliseconds (2018-03-13 14:30:03.589000),5.0,
S5_LieDown_2_extracted,Event_4,PhoneGyroscope,PhoneGyroscope_Event_4.data,1005,4,0,0,0,epoch milliseconds (2018-03-13 14:30:03.588000),5.0,
S5_LieDown_2_extracted,Event_4,PhoneLinearAccelerometer,PhoneLinearAccelerometer_Event_4.data,1006,4,0,0,0,epoch milliseconds (2018-03-13 14:30:03.587000),5.0,
S5_LieDown_2_extracted,Event_4,PhoneMagnetometer,PhoneMagnetometer_Event_4.data,500,4,0,0,0,epoch milliseconds (2018-03-13 14:30:03.593000),10.0,
S5_LieDown_2_extracted,Event_4,android.sensor.accelerometer,android.sensor.accelerometer_Event_4.data,505,4,0,0,0,epoch milliseconds (2018-03-13 14:30:03.587000),10.0,
S5_LieDown_2_extracted,Event_4,android.sensor.gyroscope,android.sensor.gyroscope_Event_4.data,504,4,0,0,0,epoch milliseconds (2018-03-13 14:30:03.592000),10.0,
S5_LieDown_2_extracted,Event_5,JinsAccelerometer,JinsAccelerometer_Event_5.data,96,4,0,0,0,epoch milliseconds (2018-03-13 14:30:17.637000),38.0,
S5_LieDown_2_extracted,Event_5,JinsBlinkSpeed,JinsBlinkSpeed_Event_5.data,96,2,0,0,0,epoch milliseconds (2018-03-13 14:30:17.637000),38.0,
S5_LieDown_2_extracted,Event_5,JinsBlinkStrength,JinsBlinkStrength_Event_5.data,96,2,0,0,0,epoch milliseconds (2018-03-13 14:30:17.637000),38.0,
S5_LieDown_2_extracted,Event_5,JinsEyeMovement,JinsEyeMovement_Event_5.data,96,5,0,0,0,epoch milliseconds (2018-03-13 14:30:17.637000),38.0,
S5_LieDown_2_extracted,Event_5,JinsGyroscope,JinsGyroscope_Event_5.data,96,4,0,0,0,epoch milliseconds (2018-03-13 14:30:17.637000),38.0,
S5_LieDown_2_extracted,Event_5,PhoneAccelerometer,PhoneAccelerometer_Event_5.data,1004,4,0,0,0,epoch milliseconds (2018-03-13 14:30:17.627000),5.0,
S5_LieDown_2_extracted,Event_5,PhoneGravity,PhoneGravity_Event_5.data,995,4,0,0,0,epoch milliseconds (2018-03-13 14:30:17.624000),5.0,
S5_LieDown_2_extracted,Event_5,PhoneGyroscope,PhoneGyroscope_Event_5.data,985,4,0,0,0,epoch milliseconds (2018-03-13 14:30:17.626000),5.0,
S5_LieDown_2_extracted,Event_5,PhoneLinearAccelerometer,PhoneLinearAccelerometer_Event_5.data,996,4,0,0,0,epoch milliseconds (2018-03-13 14:30:17.625000),5.0,
S5_LieDown_2_extracted,Event_5,PhoneMagnetometer,PhoneMagnetometer_Event_5.data,492,4,0,0,0,epoch milliseconds (2018-03-13 14:30:17.628000),10.0,
S5_LieDown_2_extracted,Event_5,android.sensor.accelerometer,android.sensor.accelerometer_Event_5.data,500,4,0,0,0,epoch milliseconds (2018-03-13 14:30:17.630000),10.0,
S5_LieDown_2_extracted,Event_5,android.sensor.gyroscope,android.sensor.gyroscope_Event_5.data,500,4,0,0,0,epoch milliseconds (2018-03-13 14:30:17.633000),10.0,
S5_LieDown_2_extracted,Event_6,JinsAccelerometer,JinsAccelerometer_Event_6.data,100,4,0,0,0,epoch milliseconds (2018-03-13 14:30:30.656000),38.0,
S5_LieDown_2_extracted,Event_6,JinsBlinkSpeed,JinsBlinkSpeed_Event_6.data,100,2,0,0,0,epoch milliseconds (2018-03-13 14:30:30.656000),38.0,
S5_LieDown_2_extracted,Event_6,JinsBlinkStrength,JinsBlinkStrength_Event_6.data,100,2,0,0,0,epoch milliseconds (2018-03-13 14:30:30.656000),38.0,
S5_LieDown_2_extracted,Event_6,JinsEyeMovement,JinsEyeMovement_Event_6.data,100,5,0,0,0,epoch milliseconds (2018-03-13 14:30:30.656000),38.0,
S5_LieDown_2_extracted,Event_6,JinsGyroscope,JinsGyroscope_Event_6.data,100,4,0,0,0,epoch milliseconds (2018-03-13 14:30:30.656000),38.0,
S5_LieDown_2_extracted,Event_6,PhoneAccelerometer,PhoneAccelerometer_Event_6.data,1003,4,0,0,0,epoch milliseconds (2018-03-13 14:30:30.652000),5.0,
S5_LieDown_2_extracted,Event_6,PhoneGravity,PhoneGravity_Event_6.data,1003,4,0,0,0,epoch milliseconds (2018-03-13 14:30:30.650000),5.0,
S5_LieDown_2_extracted,Event_6,PhoneGyroscope,PhoneGyroscope_Event_6.data,1005,4,0,0,0,epoch milliseconds (2018-03-13 14:30:30.654000),5.0,
S5_LieDown_2_extracted,Event_6,PhoneLinearAccelerometer,PhoneLinearAccelerometer_Event_6.data,1005,4,0,0,0,epoch milliseconds (2018-03-13 14:30:30.654000),5.0,
S5_LieDown_2_extracted,Event_6,PhoneMagnetometer,PhoneMagnetometer_Event_6.data,499,4,0,0,0,epoch milliseconds (2018-03-13 14:30:30.658000),10.0,
S5_LieDown_2_extracted,Event_6,android.sensor.accelerometer,android.sensor.accelerometer_Event_6.data,499,4,0,0,0,epoch milliseconds (2018-03-13 14:30:30.649000),10.0,
S5_LieDown_2_extracted,Event_6,android.sensor.gyroscope,android.sensor.gyroscope_Event_6.data,499,4,0,0,0,epoch milliseconds (2018-03-13 14:30:30.649000),10.0,
S5_LieDown_2_extracted,Event_7,JinsAccelerometer,JinsAccelerometer_Event_7.data,100,4,0,0,0,epoch milliseconds (2018-03-13 14:30:42.918000),38.0,
S5_LieDown_2_extracted,Event_7,JinsBlinkSpeed,JinsBlinkSpeed_Event_7.data,100,2,0,0,0,epoch milliseconds (2018-03-13 14:30:42.918000),38.0,
S5_LieDown_2_extracted,Event_7,JinsBlinkStrength,JinsBlinkStrength_Event_7.data,100,2,0,0,0,epoch milliseconds (2018-03-13 14:30:42.918000),38.0,
S5_LieDown_2_extracted,Event_7,JinsEyeMovement,JinsEyeMovement_Event_7.data,100,5,0,0,0,epoch milliseconds (2018-03-13 14:30:42.918000),38.0,
S5_LieDown_2_extracted,Event_7,JinsGyroscope,JinsGyroscope_Event_7.data,100,4,0,0,0,epoch milliseconds (2018-03-13 14:30:42.918000),38.0,
S5_LieDown_2_extracted,Event_7,PhoneAccelerometer,PhoneAccelerometer_Event_7.data,1004,4,0,0,0,epoch milliseconds (2018-03-13 14:30:42.880000),5.0,
S5_LieDown_2_extracted,Event_7,PhoneGravity,PhoneGravity_Event_7.data,1003,4,0,0,0,epoch milliseconds (2018-03-13 14:30:42.879000),5.0,
S5_LieDown_2_extracted,Event_7,PhoneGyroscope,PhoneGyroscope_Event_7.data,1004,4,0,0,0,epoch milliseconds (2018-03-13 14:30:42.877000),5.0,
S5_LieDown_2_extracted,Event_7,PhoneLinearAccelerometer,PhoneLinearAccelerometer_Event_7.data,1006,4,0,0,0,epoch milliseconds (2018-03-13 14:30:42.876000),5.0,
S5_LieDown_2_extracted,Event_7,PhoneMagnetometer,PhoneMagnetometer_Event_7.data,500,4,0,0,0,epoch milliseconds (2018-03-13 14:30:42.883000),10.0,
S5_LieDown_2_extracted,Event_7,android.sensor.accelerometer,android.sensor.accelerometer_Event_7.data,495,4,0,0,0,epoch milliseconds (2018-03-13 14:30:42.882000),10.0,
S5_LieDown_2_extracted,Event_7,android.sensor.gyroscope,android.sensor.gyroscope_Event_7.data,495,4,0,0,0,epoch milliseconds (2018-03-13 14:30:42.878000),10.0,
S5_LieDown_2_extracted,Event_8,JinsAccelerometer,JinsAccelerometer_Event_8.data,100,4,0,0,0,epoch milliseconds (2018-03-13 14:30:55.738000),38.0,
S5_LieDown_2_extracted,Event_8,JinsBlinkSpeed,JinsBlinkSpeed_Event_8.data,100,2,0,0,0,epoch milliseconds (2018-03-13 14:30:55.738000),38.0,
S5_LieDown_2_extracted,Event_8,JinsBlinkStrength,JinsBlinkStrength_Event_8.data,100,2,0,0,0,epoch milliseconds (2018-03-13 14:30:55.738000),38.0,
S5_LieDown_2_extracted,Event_8,JinsEyeMovement,JinsEyeMovement_Event_8.data,100,5,0,0,0,epoch milliseconds (2018-03-13 14:30:55.738000),38.0,
S5_LieDown_2_extracted,Event_8,JinsGyroscope,JinsGyroscope_Event_8.data,100,4,0,0,0,epoch milliseconds (2018-03-13 14:30:55.738000),38.0,
S5_LieDown_2_extracted,Event_8,PhoneAccelerometer,PhoneAccelerometer_Event_8.data,1003,4,0,0,0,epoch milliseconds (2018-03-13 14:30:55.731000),5.0,
S5_LieDown_2_extracted,Event_8,PhoneGravity,PhoneGravity_Event_8.data,1002,4,0,0,0,epoch milliseconds (2018-03-13 14:30:55.734000),5.0,
S5_LieDown_2_extracted,Event_8,PhoneGyroscope,PhoneGyroscope_Event_8.data,1006,4,0,0,0,epoch milliseconds (2018-03-13 14:30:55.731000),5.0,
S5_LieDown_2_extracted,Event_8,PhoneLinearAccelerometer,PhoneLinearAccelerometer_Event_8.data,1005,4,0,0,0,epoch milliseconds (2018-03-13 14:30:55.734000),5.0,
S5_LieDown_2_extracted,Event_8,PhoneMagnetometer,PhoneMagnetometer_Event_8.data,501,4,0,0,0,epoch milliseconds (2018-03-13 14:30:55.738000),10.0,
S5_LieDown_2_extracted,Event_8,android.sensor.accelerometer,android.sensor.accelerometer_Event_8.data,506,4,0,0,0,epoch milliseconds (2018-03-13 14:30:55.739000),10.0,
S5_LieDown_2_extracted,Event_8,android.sensor.gyroscope,android.sensor.gyroscope_Event_8.data,506,4,0,0,0,epoch milliseconds (2018-03-13 14:30:55.731000),10.0,
S5_LieDown_2_extracted,Event_9,JinsAccelerometer,JinsAccelerometer_Event_9.data,100,4,0,0,0,epoch milliseconds (2018-03-13 14:31:08.412000),38.0,
S5_LieDown_2_extracted,Event_9,JinsBlinkSpeed,JinsBlinkSpeed_Event_9.data,100,2,0,0,0,epoch milliseconds (2018-03-13 14:31:08.412000),38.0,
S5_LieDown_2_extracted,Event_9,JinsBlinkStrength,JinsBlinkStrength_Event_9.data,100,2,0,0,0,epoch milliseconds (2018-03-13 14:31:08.412000),38.0,
S5_LieDown_2_extracted,Event_9,JinsEyeMovement,JinsEyeMovement_Event_9.data,100,5,0,0,0,epoch milliseconds (2018-03-13 14:31:08.412000),38.0,
S5_LieDown_2_extracted,Event_9,JinsGyroscope,JinsGyroscope_Event_9.data,100,4,0,0,0,epoch milliseconds (2018-03-13 14:31:08.412000),38.0,
S5_LieDown_2_extracted,Event_9,PhoneAccelerometer,PhoneAccelerometer_Event_9.data,1003,4,0,0,0,epoch milliseconds (2018-03-13 14:31:08.400000),5.0,
S5_LieDown_2_extracted,Event_9,PhoneGravity,PhoneGravity_Event_9.data,1003,4,0,0,0,epoch milliseconds (2018-03-13 14:31:08.398000),5.0,
S5_LieDown_2_extracted,Event_9,PhoneGyroscope,PhoneGyroscope_Event_9.data,1004,4,0,0,0,epoch milliseconds (2018-03-13 14:31:08.398000),5.0,
S5_LieDown_2_extracted,Event_9,PhoneLinearAccelerometer,PhoneLinearAccelerometer_Event_9.data,1006,4,0,0,0,epoch milliseconds (2018-03-13 14:31:08.399000),5.0,
S5_LieDown_2_extracted,Event_9,PhoneMagnetometer,PhoneMagnetometer_Event_9.data,502,4,0,0,0,epoch milliseconds (2018-03-13 14:31:08.400000),10.0,
S5_LieDown_2_extracted,Event_9,android.sensor.accelerometer,android.sensor.accelerometer_Event_9.data,503,4,0,0,0,epoch milliseconds (2018-03-13 14:31:08.441000),10.0,
S5_LieDown_2_extracted,Event_9,android.sensor.gyroscope,android.sensor.gyroscope_Event_9.data,502,4,0,0,0,epoch milliseconds (2018-03-13 14:31:08.437000),10.0,
S5_Lying_1_extracted,Event_3,JinsAccelerometer,JinsAccelerometer_Event_3.data,100,4,0,0,0,epoch milliseconds (2018-03-13 14:22:09.423000),38.5,
S5_Lying_1_extracted,Event_3,JinsBlinkSpeed,JinsBlinkSpeed_Event_3.data,100,2,0,0,0,epoch milliseconds (2018-03-13 14:22:09.423000),38.5,
S5_Lying_1_extracted,Event_3,JinsBlinkStrength,JinsBlinkStrength_Event_3.data,100,2,0,0,0,epoch milliseconds (2018-03-13 14:22:09.423000),38.5,
S5_Lying_1_extracted,Event_3,JinsEyeMovement,JinsEyeMovement_Event_3.data,100,5,0,0,0,epoch milliseconds (2018-03-13 14:22:09.423000),38.5,
S5_Lying_1_extracted,Event_3,JinsGyroscope,JinsGyroscope_Event_3.data,100,4,0,0,0,epoch milliseconds (2018-03-13 14:22:09.423000),38.5,
S5_Lying_1_extracted,Event_3,PhoneAccelerometer,PhoneAccelerometer_Event_3.data,1005,4,0,0,0,epoch milliseconds (2018-03-13 14:22:09.400000),5.0,
S5_Lying_1_extracted,Event_3,PhoneGravity,PhoneGravity_Event_3.data,1003,4,0,0,0,epoch milliseconds (2018-03-13 14:22:09.401000),5.0,
S5_Lying_1_extracted,Event_3,PhoneGyroscope,PhoneGyroscope_Event_3.data,1003,4,0,0,0,epoch milliseconds (2018-03-13 14:22:09.401000),5.0,
S5_Lying_1_extracted,Event_3,PhoneLinearAccelerometer,PhoneLinearAccelerometer_Event_3.data,1004,4,0,0,0,epoch milliseconds (2018-03-13 14:22:09.399000),5.0,
S5_Lying_1_extracted,Event_3,PhoneMagnetometer,PhoneMagnetometer_Event_3.data,501,4,0,0,0,epoch milliseconds (2018-03-13 14:22:09.400000),10.0,
S5_Lying_1_extracted,Event_3,android.sensor.accelerometer,android.sensor.accelerometer_Event_3.data,507,4,0,0,0,epoch milliseconds (2018-03-13 14:22:09.403000),10.0,
S5_Lying_1_extracted,Event_3,android.sensor.gyroscope,android.sensor.gyroscope_Event_3.data,507,4,0,0,0,epoch milliseconds (2018-03-13 14:22:09.406000),10.0,
S5_Lying_1_extracted,Event_4,JinsAccelerometer,JinsAccelerometer_Event_4.data,100,4,0,0,0,epoch milliseconds (2018-03-13 14:22:22.023000),38.0,
S5_Lying_1_extracted,Event_4,JinsBlinkSpeed,JinsBlinkSpeed_Event_4.data,100,2,0,0,0,epoch milliseconds (2018-03-13 14:22:22.023000),38.0,
S5_Lying_1_extracted,Event_4,JinsBlinkStrength,JinsBlinkStrength_Event_4.data,100,2,0,0,0,epoch milliseconds (2018-03-13 14:22:22.023000),38.0,
S5_Lying_1_extracted,Event_4,JinsEyeMovement,JinsEyeMovement_Event_4.data,100,5,0,0,0,epoch milliseconds (2018-03-13 14:22:22.023000),38.0,
S5_Lying_1_extracted,Event_4,JinsGyroscope,JinsGyroscope_Event_4.data,100,4,0,0,0,epoch milliseconds (2018-03-13 14:22:22.023000),38.0,
S5_Lying_1_extracted,Event_4,PhoneAccelerometer,PhoneAccelerometer_Event_4.data,1004,4,0,0,0,epoch milliseconds (2018-03-13 14:22:22.015000),5.0,
S5_Lying_1_extracted,Event_4,PhoneGravity,PhoneGravity_Event_4.data,1005,4,0,0,0,epoch milliseconds (2018-03-13 14:22:22.017000),5.0,
S5_Lying_1_extracted,Event_4,PhoneGyroscope,PhoneGyroscope_Event_4.data,1004,4,0,0,0,epoch milliseconds (2018-03-13 14:22:22.015000),5.0,
S5_Lying_1_extracted,Event_4,PhoneLinearAccelerometer,PhoneLinearAccelerometer_Event_4.data,1023,4,0,0,0,epoch milliseconds (2018-03-13 14:22:22.016000),5.0,
S5_Lying_1_extracted,Event_4,PhoneMagnetometer,PhoneMagnetometer_Event_4.data,502,4,0,0,0,epoch milliseconds (2018-03-13 14:22:22.024000),10.0,
S5_Lying_1_extracted,Event_4,android.sensor.accelerometer,android.sensor.accelerometer_Event_4.data,509,4,0,0,0,epoch milliseconds (2018-03-13 14:22:22.019000),10.0,
S5_Lying_1_extracted,Event_4,android.sensor.gyroscope,android.sensor.gyroscope_Event_4.data,508,4,0,0,0,epoch milliseconds (2018-03-13 14:22:22.024000),10.0,
S5_Lying_1_extracted,Event_5,JinsAccelerometer,JinsAccelerometer_Event_5.data,101,4,0,0,0,epoch milliseconds (2018-03-13 14:22:33.688000),38.0,
S5_Lying_1_extracted,Event_5,JinsBlinkSpeed,JinsBlinkSpeed_Event_5.data,101,2,0,0,0,epoch milliseconds (2018-03-13 14:22:33.688000),38.0,
S5_Lying_1_extracted,Event_5,JinsBlinkStrength,JinsBlinkStrength_Event_5.data,101,2,0,0,0,epoch milliseconds (2018-03-13 14:22:33.688000),38.0,
S5_Lying_1_extracted,Event_5,JinsEyeMovement,JinsEyeMovement_Event_5.data,101,5,0,0,0,epoch milliseconds (2018-03-13 14:22:33.688000),38.0,
S5_Lying_1_extracted,Event_5,JinsGyroscope,JinsGyroscope_Event_5.data,101,4,0,0,0,epoch milliseconds (2018-03-13 14:22:33.688000),38.0,
S5_Lying_1_extracted,Event_5,PhoneAccelerometer,PhoneAccelerometer_Event_5.data,1003,4,0,0,0,epoch milliseconds (2018-03-13 14:22:33.690000),5.0,
S5_Lying_1_extracted,Event_5,PhoneGravity,PhoneGravity_Event_5.data,1004,4,0,0,0,epoch milliseconds (2018-03-13 14:22:33.690000),5.0,
S5_Lying_1_extracted,Event_5,PhoneGyroscope,PhoneGyroscope_Event_5.data,1003,4,0,0,0,epoch milliseconds (2018-03-13 14:22:33.686000),5.0,
S5_Lying_1_extracted,Event_5,PhoneLinearAccelerometer,PhoneLinearAccelerometer_Event_5.data,1004,4,0,0,0,epoch milliseconds (2018-03-13 14:22:33.687000),5.0,
S5_Lying_1_extracted,Event_5,PhoneMagnetometer,PhoneMagnetometer_Event_5.data,501,4,0,0,0,epoch milliseconds (2018-03-13 14:22:33.688000),10.0,
S5_Lying_1_extracted,Event_5,android.sensor.accelerometer,android.sensor.accelerometer_Event_5.data,506,4,0,0,0,epoch milliseconds (2018-03-13 14:22:33.689000),10.0,
S5_Lying_1_extracted,Event_5,android.sensor.gyroscope,android.sensor.gyroscope_Event_5.data,505,4,0,0,0,epoch milliseconds (2018-03-13 14:22:33.693000),10.0,
S5_Lying_1_extracted,Event_6,JinsAccelerometer,JinsAccelerometer_Event_6.data,100,4,0,0,0,epoch milliseconds (2018-03-13 14:22:45.048000),38.0,
S5_Lying_1_extracted,Event_6,JinsBlinkSpeed,JinsBlinkSpeed_Event_6.data,100,2,0,0,0,epoch milliseconds (2018-03-13 14:22:45.048000),38.0,
S5_Lying_1_extracted,Event_6,JinsBlinkStrength,JinsBlinkStrength_Event_6.data,100,2,0,0,0,epoch milliseconds (2018-03-13 14:22:45.048000),38.0,
S5_Lying_1_extracted,Event_6,JinsEyeMovement,JinsEyeMovement_Event_6.data,100,5,0,0,0,epoch milliseconds (2018-03-13 14:22:45.048000),38.0,
S5_Lying_1_extracted,Event_6,JinsGyroscope,JinsGyroscope_Event_6.data,100,4,0,0,0,epoch milliseconds (2018-03-13 14:22:45.048000),38.0,
S5_Lying_1_extracted,Event_6,PhoneAccelerometer,PhoneAccelerometer_Event_6.data,998,4,0,0,0,epoch milliseconds (2018-03-13 14:22:45.028000),5.0,
S5_Lying_1_extracted,Event_6,PhoneGravity,PhoneGravity_Event_6.data,1002,4,0,0,0,epoch milliseconds (2018-03-13 14:22:45.029000),5.0,
S5_Lying_1_extracted,Event_6,PhoneGyroscope,PhoneGyroscope_Event_6.data,1004,4,0,0,0,epoch milliseconds (2018-03-13 14:22:45.027000),5.0,
S5_Lying_1_extracted,Event_6,PhoneLinearAccelerometer,PhoneLinearAccelerometer_Event_6.data,1004,4,0,0,0,epoch milliseconds (2018-03-13 14:22:45.027000),5.0,
S5_Lying_1_extracted,Event_6,PhoneMagnetometer,PhoneMagnetometer_Event_6.data,501,4,0,0,0,epoch milliseconds (2018-03-13 14:22:45.027000),10.0,
S5_Lying_1_extracted,Event_6,android.sensor.accelerometer,android.sensor.accelerometer_Event_6.data,495,4,0,0,0,epoch milliseconds (2018-03-13 14:22:45.124000),10.0,
S5_Lying_1_extracted,Event_6,android.sensor.gyroscope,android.sensor.gyroscope_Event_6.data,496,4,0,0,0,epoch milliseconds (2018-03-13 14:22:45.132000),10.0,
S5_Lying_1_extracted,Event_7,JinsAccelerometer,JinsAccelerometer_Event_7.data,100,4,0,0,0,epoch milliseconds (2018-03-13 14:22:56.301000),38.0,
S5_Lying_1_extracted,Event_7,JinsBlinkSpeed,JinsBlinkSpeed_Event_7.data,100,2,0,0,0,epoch milliseconds (2018-03-13 14:22:56.301000),38.0,
S5_Lying_1_extracted,Event_7,JinsBlinkStrength,JinsBlinkStrength_Event_7.data,100,2,0,0,0,epoch milliseconds (2018-03-13 14:22:56.301000),38.0,
S5_Lying_1_extracted,Event_7,JinsEyeMovement,JinsEyeMovement_Event_7.data,100,5,0,0,0,epoch milliseconds (2018-03-13 14:22:56.301000),38.0,
S5_Lying_1_extracted,Event_7,JinsGyroscope,JinsGyroscope_Event_7.data,100,4,0,0,0,epoch milliseconds (2018-03-13 14:22:56.301000),38.0,
S5_Lying_1_extracted,Event_7,PhoneAccelerometer,PhoneAccelerometer_Event_7.data,1005,4,0,0,0,epoch milliseconds (2018-03-13 14:22:56.262000),5.0,
S5_Lying_1_extracted,Event_7,PhoneGravity,PhoneGravity_Event_7.data,1005,4,0,0,0,epoch milliseconds (2018-03-13 14:22:56.262000),5.0,
S5_Lying_1_extracted,Event_7,PhoneGyroscope,PhoneGyroscope_Event_7.data,1004,4,0,0,0,epoch milliseconds (2018-03-13 14:22:56.259000),5.0,
S5_Lying_1_extracted,Event_7,PhoneLinearAccelerometer,PhoneLinearAccelerometer_Event_7.data,1004,4,0,0,0,epoch milliseconds (2018-03-13 14:22:56.264000),5.0,
S5_Lying_1_extracted,Event_7,PhoneMagnetometer,PhoneMagnetometer_Event_7.data,501,4,0,0,0,epoch milliseconds (2018-03-13 14:22:56.262000),10.0,
S5_Lying_1_extracted,Event_7,android.sensor.accelerometer,android.sensor.accelerometer_Event_7.data,497,4,0,0,0,epoch milliseconds (2018-03-13 14:22:56.265000),10.0,
S5_Lying_1_extracted,Event_7,android.sensor.gyroscope,android.sensor.gyroscope_Event_7.data,497,4,0,0,0,epoch milliseconds (2018-03-13 14:22:56.259000),10.0,
S5_Lying_1_extracted,Event_8,JinsAccelerometer,JinsAccelerometer_Event_8.data,100,4,0,0,0,epoch milliseconds (2018-03-13 14:23:07.289000),38.0,
S5_Lying_1_extracted,Event_8,JinsBlinkSpeed,JinsBlinkSpeed_Event_8.data,100,2,0,0,0,epoch milliseconds (2018-03-13 14:23:07.289000),38.0,
S5_Lying_1_extracted,Event_8,JinsBlinkStrength,JinsBlinkStrength_Event_8.data,100,2,0,0,0,epoch milliseconds (2018-03-13 14:23:07.289000),38.0,
S5_Lying_1_extracted,Event_8,JinsEyeMovement,JinsEyeMovement_Event_8.data,100,5,0,0,0,epoch milliseconds (2018-03-13 14:23:07.289000),38.0,
S5_Lying_1_extracted,Event_8,JinsGyroscope,JinsGyroscope_Event_8.data,100,4,0,0,0,epoch milliseconds (2018-03-13 14:23:07.289000),38.0,
S5_Lying_1_extracted,Event_8,PhoneAccelerometer,PhoneAccelerometer_Event_8.data,1003,4,0,0,0,epoch milliseconds (2018-03-13 14:23:07.264000),5.0,
S5_Lying_1_extracted,Event_8,PhoneGravity,PhoneGravity_Event_8.data,1004,4,0,0,0,epoch milliseconds (2018-03-13 14:23:07.268000),5.0,
S5_Lying_1_extracted,Event_8,PhoneGyroscope,PhoneGyroscope_Event_8.data,1003,4,0,0,0,epoch milliseconds (2018-03-13 14:23:07.265000),5.0,
S5_Lying_1_extracted,Event_8,PhoneLinearAccelerometer,PhoneLinearAccelerometer_Event_8.data,1003,4,0,0,0,epoch milliseconds (2018-03-13 14:23:07.268000),5.0,
S5_Lying_1_extracted,Event_8,PhoneMagnetometer,PhoneMagnetometer_Event_8.data,500,4,0,0,0,epoch milliseconds (2018-03-13 14:23:07.272000),10.0,
S5_Lying_1_extracted,Event_8,android.sensor.accelerometer,android.sensor.accelerometer_Event_8.data,509,4,0,0,0,epoch milliseconds (2018-03-13 14:23:07.271000),10.0,
S5_Lying_1_extracted,Event_8,android.sensor.gyroscope,android.sensor.gyroscope_Event_8.data,510,4,0,0,0,epoch milliseconds (2018-03-13 14:23:07.267000),10.0,
S5_Lying_1_extracted,Event_9,JinsAccelerometer,JinsAccelerometer_Event_9.data,100,4,0,0,0,epoch milliseconds (2018-03-13 14:23:18.653000),38.0,
S5_Lying_1_extracted,Event_9,JinsBlinkSpeed,JinsBlinkSpeed_Event_9.data,100,2,0,0,0,epoch milliseconds (2018-03-13 14:23:18.653000),38.0,
S5_Lying_1_extracted,Event_9,JinsBlinkStrength,JinsBlinkStrength_Event_9.data,100,2,0,0,0,epoch milliseconds (2018-03-13 14:23:18.653000),38.0,
S5_Lying_1_extracted,Event_9,JinsEyeMovement,JinsEyeMovement_Event_9.data,100,5,0,0,0,epoch milliseconds (2018-03-13 14:23:18.653000),38.0,
S5_Lying_1_extracted,Event_9,JinsGyroscope,JinsGyroscope_Event_9.data,100,4,0,0,0,epoch milliseconds (2018-03-13 14:23:18.653000),38.0,
S5_Lying_1_extracted,Event_9,PhoneAccelerometer,PhoneAccelerometer_Event_9.data,1004,4,0,0,0,epoch milliseconds (2018-03-13 14:23:18.639000),5.0,
S5_Lying_1_extracted,Event_9,PhoneGravity,PhoneGravity_Event_9.data,1006,4,0,0,0,epoch milliseconds (2018-03-13 14:23:18.637000),5.0,
S5_Lying_1_extracted,Event_9,PhoneGyroscope,PhoneGyroscope_Event_9.data,1003,4,0,0,0,epoch milliseconds (2018-03-13 14:23:18.638000),5.0,
S5_Lying_1_extracted,Event_9,PhoneLinearAccelerometer,PhoneLinearAccelerometer_Event_9.data,1007,4,0,0,0,epoch milliseconds (2018-03-13 14:23:18.635000),5.0,
S5_Lying_1_extracted,Event_9,PhoneMagnetometer,PhoneMagnetometer_Event_9.data,501,4,0,0,0,epoch milliseconds (2018-03-13 14:23:18.641000),10.0,
S5_Lying_1_extracted,Event_9,android.sensor.accelerometer,android.sensor.accelerometer_Event_9.data,494,4,0,0,0,epoch milliseconds (2018-03-13 14:23:18.644000),10.0,
S5_Lying_1_extracted,Event_9,android.sensor.gyroscope,android.sensor.gyroscope_Event_9.data,494,4,0,0,0,epoch milliseconds (2018-03-13 14:23:18.641000),10.0,
S5_Lying_2_extracted,Event_0,JinsAccelerometer,JinsAccelerometer_Event_0.data,100,4,0,0,0,epoch milliseconds (2018-03-13 14:25:07.595000),38.0,
S5_Lying_2_extracted,Event_0,JinsBlinkSpeed,JinsBlinkSpeed_Event_0.data,100,2,0,0,0,epoch milliseconds (2018-03-13 14:25:07.595000),38.0,
S5_Lying_2_extracted,Event_0,JinsBlinkStrength,JinsBlinkStrength_Event_0.data,100,2,0,0,0,epoch milliseconds (2018-03-13 14:25:07.595000),38.0,
S5_Lying_2_extracted,Event_0,JinsEyeMovement,JinsEyeMovement_Event_0.data,100,5,0,0,0,epoch milliseconds (2018-03-13 14:25:07.595000),38.0,
S5_Lying_2_extracted,Event_0,JinsGyroscope,JinsGyroscope_Event_0.data,100,4,0,0,0,epoch milliseconds (2018-03-13 14:25:07.595000),38.0,
S5_Lying_2_extracted,Event_0,PhoneAccelerometer,PhoneAccelerometer_Event_0.data,1003,4,0,0,0,epoch milliseconds (2018-03-13 14:25:07.573000),5.0,
S5_Lying_2_extracted,Event_0,PhoneGravity,PhoneGravity_Event_0.data,1013,4,0,0,0,epoch milliseconds (2018-03-13 14:25:07.573000),5.0,
S5_Lying_2_extracted,Event_0,PhoneGyroscope,PhoneGyroscope_Event_0.data,1010,4,0,0,0,epoch milliseconds (2018-03-13 14:25:07.575000),5.0,
S5_Lying_2_extracted,Event_0,PhoneLinearAccelerometer,PhoneLinearAccelerometer_Event_0.data,1012,4,0,0,0,epoch milliseconds (2018-03-13 14:25:07.571000),5.0,
S5_Lying_2_extracted,Event_0,PhoneMagnetometer,PhoneMagnetometer_Event_0.data,503,4,0,0,0,epoch milliseconds (2018-03-13 14:25:07.572000),10.0,
S5_Lying_2_extracted,Event_0,android.sensor.accelerometer,android.sensor.accelerometer_Event_0.data,495,4,0,0,0,epoch milliseconds (2018-03-13 14:25:07.577000),10.0,
S5_Lying_2_extracted,Event_0,android.sensor.gyroscope,android.sensor.gyroscope_Event_0.data,495,4,0,0,0,epoch milliseconds (2018-03-13 14:25:07.573000),10.0,
S5_Lying_2_extracted,Event_1,JinsAccelerometer,JinsAccelerometer_Event_1.data,101,4,0,0,0,epoch milliseconds (2018-03-13 14:25:18.877000),38.0,
S5_Lying_2_extracted,Event_1,JinsBlinkSpeed,JinsBlinkSpeed_Event_1.data,101,2,0,0,0,epoch milliseconds (2018-03-13 14:25:18.877000),38.0,
S5_Lying_2_extracted,Event_1,JinsBlinkStrength,JinsBlinkStrength_Event_1.data,101,2,0,0,0,epoch milliseconds (2018-03-13 14:25:18.877000),38.0,
S5_Lying_2_extracted,Event_1,JinsEyeMovement,JinsEyeMovement_Event_1.data,101,5,0,0,0,epoch milliseconds (2018-03-13 14:25:18.877000),38.0,
S5_Lying_2_extracted,Event_1,JinsGyroscope,JinsGyroscope_Event_1.data,101,4,0,0,0,epoch milliseconds (2018-03-13 14:25:18.877000),38.0,
S5_Lying_2_extracted,Event_1,PhoneAccelerometer,PhoneAccelerometer_Event_1.data,1004,4,0,0,0,epoch milliseconds (2018-03-13 14:25:18.834000),5.0,
S5_Lying_2_extracted,Event_1,PhoneGravity,PhoneGravity_Event_1.data,1003,4,0,0,0,epoch milliseconds (2018-03-13 14:25:18.834000),5.0,
S5_Lying_2_extracted,Event_1,PhoneGyroscope,PhoneGyroscope_Event_1.data,1004,4,0,0,0,epoch milliseconds (2018-03-13 14:25:18.835000),5.0,
S5_Lying_2_extracted,Event_1,PhoneLinearAccelerometer,PhoneLinearAccelerometer_Event_1.data,1004,4,0,0,0,epoch milliseconds (2018-03-13 14:25:18.838000),5.0,
S5_Lying_2_extracted,Event_1,PhoneMagnetometer,PhoneMagnetometer_Event_1.data,501,4,0,0,0,epoch milliseconds (2018-03-13 14:25:18.839000),10.0,
S5_Lying_2_extracted,Event_1,android.sensor.accelerometer,android.sensor.accelerometer_Event_1.data,505,4,0,0,0,epoch milliseconds (2018-03-13 14:25:18.838000),10.0,
S5_Lying_2_extracted,Event_1,android.sensor.gyroscope,android.sensor.gyroscope_Event_1.data,505,4,0,0,0,epoch milliseconds (2018-03-13 14:25:18.841000),10.0,
S5_Lying_2_extracted,Event_2,JinsAccelerometer,JinsAccelerometer_Event_2.data,100,4,0,0,0,epoch milliseconds (2018-03-13 14:25:29.974000),38.0,
S5_Lying_2_extracted,Event_2,JinsBlinkSpeed,JinsBlinkSpeed_Event_2.data,100,2,0,0,0,epoch milliseconds (2018-03-13 14:25:29.974000),38.0,
S5_Lying_2_extracted,Event_2,JinsBlinkStrength,JinsBlinkStrength_Event_2.data,100,2,0,0,0,epoch milliseconds (2018-03-13 14:25:29.974000),38.0,
S5_Lying_2_extracted,Event_2,JinsEyeMovement,JinsEyeMovement_Event_2.data,100,5,0,0,0,epoch milliseconds (2018-03-13 14:25:29.974000),38.0,
S5_Lying_2_extracted,Event_2,JinsGyroscope,JinsGyroscope_Event_2.data,100,4,0,0,0,epoch milliseconds (2018-03-13 14:25:29.974000),38.0,
S5_Lying_2_extracted,Event_2,PhoneAccelerometer,PhoneAccelerometer_Event_2.data,1003,4,0,0,0,epoch milliseconds (2018-03-13 14:25:29.961000),5.0,
S5_Lying_2_extracted,Event_2,PhoneGravity,PhoneGravity_Event_2.data,1004,4,0,0,0,epoch milliseconds (2018-03-13 14:25:29.960000),5.0,
S5_Lying_2_extracted,Event_2,PhoneGyroscope,PhoneGyroscope_Event_2.data,1005,4,0,0,0,epoch milliseconds (2018-03-13 14:25:29.960000),5.0,
S5_Lying_2_extracted,Event_2,PhoneLinearAccelerometer,PhoneLinearAccelerometer_Event_2.data,1004,4,0,0,0,epoch milliseconds (2018-03-13 14:25:29.959000),5.0,
S5_Lying_2_extracted,Event_2,PhoneMagnetometer,PhoneMagnetometer_Event_2.data,501,4,0,0,0,epoch milliseconds (2018-03-13 14:25:29.964000),10.0,
S5_Lying_2_extracted,Event_2,android.sensor.accelerometer,android.sensor.accelerometer_Event_2.data,501,4,0,0,0,epoch milliseconds (2018-03-13 14:25:29.967000),10.0,
S5_Lying_2_extracted,Event_2,android.sensor.gyroscope,android.sensor.gyroscope_Event_2.data,501,4,0,0,0,epoch milliseconds (2018-03-13 14:25:29.961000),10.0,
S5_Lying_2_extracted,Event_3,JinsAccelerometer,JinsAccelerometer_Event_3.data,104,4,0,0,0,epoch milliseconds (2018-03-13 14:25:41.838000),38.0,
S5_Lying_2_extracted,Event_3,JinsBlinkSpeed,JinsBlinkSpeed_Event_3.data,104,2,0,0,0,epoch milliseconds (2018-03-13 14:25:41.838000),38.0,
S5_Lying_2_extracted,Event_3,JinsBlinkStrength,JinsBlinkStrength_Event_3.data,104,2,0,0,0,epoch milliseconds (2018-03-13 14:25:41.838000),38.0,
S5_Lying_2_extracted,Event_3,JinsEyeMovement,JinsEyeMovement_Event_3.data,104,5,0,0,0,epoch milliseconds (2018-03-13 14:25:41.838000),38.0,
S5_Lying_2_extracted,Event_3,JinsGyroscope,JinsGyroscope_Event_3.data,104,4,0,0,0,epoch milliseconds (2018-03-13 14:25:41.838000),38.0,
S5_Lying_2_extracted,Event_3,PhoneAccelerometer,PhoneAccelerometer_Event_3.data,997,4,0,0,0,epoch milliseconds (2018-03-13 14:25:41.806000),5.0,
S5_Lying_2_extracted,Event_3,PhoneGravity,PhoneGravity_Event_3.data,1000,4,0,0,0,epoch milliseconds (2018-03-13 14:25:41.807000),5.0,
S5_Lying_2_extracted,Event_3,PhoneGyroscope,PhoneGyroscope_Event_3.data,1001,4,0,0,0,epoch milliseconds (2018-03-13 14:25:41.807000),5.0,
S5_Lying_2_extracted,Event_3,PhoneLinearAccelerometer,PhoneLinearAccelerometer_Event_3.data,991,4,0,0,0,epoch milliseconds (2018-03-13 14:25:41.810000),5.0,
S5_Lying_2_extracted,Event_3,PhoneMagnetometer,PhoneMagnetometer_Event_3.data,497,4,0,0,0,epoch milliseconds (2018-03-13 14:25:41.811000),10.0,
S5_Lying_2_extracted,Event_3,android.sensor.accelerometer,android.sensor.accelerometer_Event_3.data,494,4,0,0,0,epoch milliseconds (2018-03-13 14:25:41.812000),10.0,
S5_Lying_2_extracted,Event_3,android.sensor.gyroscope,android.sensor.gyroscope_Event_3.data,499,4,0,0,0,epoch milliseconds (2018-03-13 14:25:41.808000),10.0,
S5_Lying_2_extracted,Event_4,JinsAccelerometer,JinsAccelerometer_Event_4.data,100,4,0,0,0,epoch milliseconds (2018-03-13 14:25:53.630000),38.0,
S5_Lying_2_extracted,Event_4,JinsBlinkSpeed,JinsBlinkSpeed_Event_4.data,100,2,0,0,0,epoch milliseconds (2018-03-13 14:25:53.630000),38.0,
S5_Lying_2_extracted,Event_4,JinsBlinkStrength,JinsBlinkStrength_Event_4.data,100,2,0,0,0,epoch milliseconds (2018-03-13 14:25:53.630000),38.0,
S5_Lying_2_extracted,Event_4,JinsEyeMovement,JinsEyeMovement_Event_4.data,100,5,0,0,0,epoch milliseconds (2018-03-13 14:25:53.630000),38.0,
S5_Lying_2_extracted,Event_4,JinsGyroscope,JinsGyroscope_Event_4.data,100,4,0,0,0,epoch milliseconds (2018-03-13 14:25:53.630000),38.0,
S5_Lying_2_extracted,Event_4,PhoneAccelerometer,PhoneAccelerometer_Event_4.data,1014,4,0,0,0,epoch milliseconds (2018-03-13 14:25:53.576000),5.0,
S5_Lying_2_extracted,Event_4,PhoneGravity,PhoneGravity_Event_4.data,1042,4,0,0,0,epoch milliseconds (2018-03-13 14:25:53.578000),5.0,
S5_Lying_2_extracted,Event_4,PhoneGyroscope,PhoneGyroscope_Event_4.data,1014,4,0,0,0,epoch milliseconds (2018-03-13 14:25:53.579000),5.0,
S5_Lying_2_extracted,Event_4,PhoneLinearAccelerometer,PhoneLinearAccelerometer_Event_4.data,1015,4,0,0,0,epoch milliseconds (2018-03-13 14:25:53.579000),5.0,
S5_Lying_2_extracted,Event_4,PhoneMagnetometer,PhoneMagnetometer_Event_4.data,521,4,0,0,0,epoch milliseconds (2018-03-13 14:25:53.579000),10.0,
S5_Lying_2_extracted,Event_4,android.sensor.accelerometer,android.sensor.accelerometer_Event_4.data,491,4,0,0,0,epoch milliseconds (2018-03-13 14:25:53.580000),10.0,
S5_Lying_2_extracted,Event_4,android.sensor.gyroscope,android.sensor.gyroscope_Event_4.data,492,4,0,0,0,epoch milliseconds (2018-03-13 14:25:53.578000),10.0,
S5_Lying_2_extracted,Event_5,JinsAccelerometer,JinsAccelerometer_Event_5.data,100,4,0,0,0,epoch milliseconds (2018-03-13 14:26:04.887000),38.0,
S5_Lying_2_extracted,Event_5,JinsBlinkSpeed,JinsBlinkSpeed_Event_5.data,100,2,0,0,0,epoch milliseconds (2018-03-13 14:26:04.887000),38.0,
S5_Lying_2_extracted,Event_5,JinsBlinkStrength,JinsBlinkStrength_Event_5.data,100,2,0,0,0,epoch milliseconds (2018-03-13 14:26:04.887000),38.0,
S5_Lying_2_extracted,Event_5,JinsEyeMovement,JinsEyeMovement_Event_5.data,100,5,0,0,0,epoch milliseconds (2018-03-13 14:26:04.887000),38.0,
S5_Lying_2_extracted,Event_5,JinsGyroscope,JinsGyroscope_Event_5.data,100,4,0,0,0,epoch milliseconds (2018-03-13 14:26:04.887000),38.0,
S5_Lying_2_extracted,Event_5,PhoneAccelerometer,PhoneAccelerometer_Event_5.data,1006,4,0,0,0,epoch milliseconds (2018-03-13 14:26:04.862000),5.0,
S5_Lying_2_extracted,Event_5,PhoneGravity,PhoneGravity_Event_5.data,1005,4,0,0,0,epoch milliseconds (2018-03-13 14:26:04.863000),5.0,
S5_Lying_2_extracted,Event_5,PhoneGyroscope,PhoneGyroscope_Event_5.data,1006,4,0,0,0,epoch milliseconds (2018-03-13 14:26:04.861000),5.0,
S5_Lying_2_extracted,Event_5,PhoneLinearAccelerometer,PhoneLinearAccelerometer_Event_5.data,1005,4,0,0,0,epoch milliseconds (2018-03-13 14:26:04.861000),5.0,
S5_Lying_2_extracted,Event_5,PhoneMagnetometer,PhoneMagnetometer_Event_5.data,502,4,0,0,0,epoch milliseconds (2018-03-13 14:26:04.861000),10.0,
S5_Lying_2_extracted,Event_5,android.sensor.accelerometer,android.sensor.accelerometer_Event_5.data,507,4,0,0,0,epoch milliseconds (2018-03-13 14:26:04.862000),10.0,
S5_Lying_2_extracted,Event_5,android.sensor.gyroscope,android.sensor.gyroscope_Event_5.data,508,4,0,0,0,epoch milliseconds (2018-03-13 14:26:04.859000),10.0,
S5_Lying_2_extracted,Event_6,JinsAccelerometer,JinsAccelerometer_Event_6.data,100,4,0,0,0,epoch milliseconds (2018-03-13 14:26:16.365000),38.0,
S5_Lying_2_extracted,Event_6,JinsBlinkSpeed,JinsBlinkSpeed_Event_6.data,100,2,0,0,0,epoch milliseconds (2018-03-13 14:26:16.365000),38.0,
S5_Lying_2_extracted,Event_6,JinsBlinkStrength,JinsBlinkStrength_Event_6.data,100,2,0,0,0,epoch milliseconds (2018-03-13 14:26:16.365000),38.0,
S5_Lying_2_extracted,Event_6,JinsEyeMovement,JinsEyeMovement_Event_6.data,100,5,0,0,0,epoch milliseconds (2018-03-13 14:26:16.365000),38.0,
S5_Lying_2_extracted,Event_6,JinsGyroscope,JinsGyroscope_Event_6.data,100,4,0,0,0,epoch milliseconds (2018-03-13 14:26:16.365000),38.0,
S5_Lying_2_extracted,Event_6,PhoneAccelerometer,PhoneAccelerometer_Event_6.data,988,4,0,0,0,epoch milliseconds (2018-03-13 14:26:16.343000),5.0,
S5_Lying_2_extracted,Event_6,PhoneGravity,PhoneGravity_Event_6.data,991,4,0,0,0,epoch milliseconds (2018-03-13 14:26:16.342000),5.0,
S5_Lying_2_extracted,Event_6,PhoneGyroscope,PhoneGyroscope_Event_6.data,991,4,0,0,0,epoch milliseconds (2018-03-13 14:26:16.344000),5.0,
S5_Lying_2_extracted,Event_6,PhoneLinearAccelerometer,PhoneLinearAccelerometer_Event_6.data,991,4,0,0,0,epoch milliseconds (2018-03-13 14:26:16.343000),5.0,
S5_Lying_2_extracted,Event_6,PhoneMagnetometer,PhoneMagnetometer_Event_6.data,502,4,0,0,0,epoch milliseconds (2018-03-13 14:26:16.341000),10.0,
S5_Lying_2_extracted,Event_6,android.sensor.accelerometer,android.sensor.accelerometer_Event_6.data,500,4,0,0,0,epoch milliseconds (2018-03-13 14:26:16.344000),10.0,
S5_Lying_2_extracted,Event_6,android.sensor.gyroscope,android.sensor.gyroscope_Event_6.data,500,4,0,0,0,epoch milliseconds (2018-03-13 14:26:16.343000),10.0,
S5_Lying_2_extracted,Event_7,JinsAccelerometer,JinsAccelerometer_Event_7.data,100,4,0,0,0,epoch milliseconds (2018-03-13 14:26:29.339000),38.0,
S5_Lying_2_extracted,Event_7,JinsBlinkSpeed,JinsBlinkSpeed_Event_7.data,100,2,0,0,0,epoch milliseconds (2018-03-13 14:26:29.339000),38.0,
S5_Lying_2_extracted,Event_7,JinsBlinkStrength,JinsBlinkStrength_Event_7.data,100,2,0,0,0,epoch milliseconds (2018-03-13 14:26:29.339000),38.0,
S5_Lying_2_extracted,Event_7,JinsEyeMovement,JinsEyeMovement_Event_7.data,100,5,0,0,0,epoch milliseconds (2018-03-13 14:26:29.339000),38.0,
S5_Lying_2_extracted,Event_7,JinsGyroscope,JinsGyroscope_Event_7.data,100,4,0,0,0,epoch milliseconds (2018-03-13 14:26:29.339000),38.0,
S5_Lying_2_extracted,Event_7,PhoneAccelerometer,PhoneAccelerometer_Event_7.data,1003,4,0,0,0,epoch milliseconds (2018-03-13 14:26:29.317000),5.0,
S5_Lying_2_extracted,Event_7,PhoneGravity,PhoneGravity_Event_7.data,1004,4,0,0,0,epoch milliseconds (2018-03-13 14:26:29.316000),5.0,
S5_Lying_2_extracted,Event_7,PhoneGyroscope,PhoneGyroscope_Event_7.data,1004,4,0,0,0,epoch milliseconds (2018-03-13 14:26:29.316000),5.0,
S5_Lying_2_extracted,Event_7,PhoneLinearAccelerometer,PhoneLinearAccelerometer_Event_7.data,1005,4,0,0,0,epoch milliseconds (2018-03-13 14:26:29.317000),5.0,
S5_Lying_2_extracted,Event_7,PhoneMagnetometer,PhoneMagnetometer_Event_7.data,501,4,0,0,0,epoch milliseconds (2018-03-13 14:26:29.323000),10.0,
S5_Lying_2_extracted,Event_7,android.sensor.accelerometer,android.sensor.accelerometer_Event_7.data,499,4,0,0,0,epoch milliseconds (2018-03-13 14:26:29.323000),10.0,
S5_Lying_2_extracted,Event_7,android.sensor.gyroscope,android.sensor.gyroscope_Event_7.data,499,4,0,0,0,epoch milliseconds (2018-03-13 14:26:29.316000),10.0,
S5_Lying_2_extracted,Event_8,JinsAccelerometer,JinsAccelerometer_Event_8.data,101,4,0,0,0,epoch milliseconds (2018-03-13 14:26:42.539000),38.0,
S5_Lying_2_extracted,Event_8,JinsBlinkSpeed,JinsBlinkSpeed_Event_8.data,101,2,0,0,0,epoch milliseconds (2018-03-13 14:26:42.539000),38.0,
S5_Lying_2_extracted,Event_8,JinsBlinkStrength,JinsBlinkStrength_Event_8.data,101,2,0,0,0,epoch milliseconds (2018-03-13 14:26:42.539000),38.0,
S5_Lying_2_extracted,Event_8,JinsEyeMovement,JinsEyeMovement_Event_8.data,101,5,0,0,0,epoch milliseconds (2018-03-13 14:26:42.539000),38.0,
S5_Lying_2_extracted,Event_8,JinsGyroscope,JinsGyroscope_Event_8.data,101,4,0,0,0,epoch milliseconds (2018-03-13 14:26:42.539000),38.0,
S5_Lying_2_extracted,Event_8,PhoneAccelerometer,PhoneAccelerometer_Event_8.data,1004,4,0,0,0,epoch milliseconds (2018-03-13 14:26:42.531000),5.0,
S5_Lying_2_extracted,Event_8,PhoneGravity,PhoneGravity_Event_8.data,1003,4,0,0,0,epoch milliseconds (2018-03-13 14:26:42.532000),5.0,
S5_Lying_2_extracted,Event_8,PhoneGyroscope,PhoneGyroscope_Event_8.data,1007,4,0,0,0,epoch milliseconds (2018-03-13 14:26:42.531000),5.0,
S5_Lying_2_extracted,Event_8,PhoneLinearAccelerometer,PhoneLinearAccelerometer_Event_8.data,1007,4,0,0,0,epoch milliseconds (2018-03-13 14:26:42.533000),5.0,
S5_Lying_2_extracted,Event_8,PhoneMagnetometer,PhoneMagnetometer_Event_8.data,501,4,0,0,0,epoch milliseconds (2018-03-13 14:26:42.534000),10.0,
S5_Lying_2_extracted,Event_8,android.sensor.accelerometer,android.sensor.accelerometer_Event_8.data,499,4,0,0,0,epoch milliseconds (2018-03-13 14:26:42.536000),10.0,
S5_Lying_2_extracted,Event_8,android.sensor.gyroscope,android.sensor.gyroscope_Event_8.data,499,4,0,0,0,epoch milliseconds (2018-03-13 14:26:42.530000),10.0,
S5_Lying_2_extracted,Event_9,JinsAccelerometer,JinsAccelerometer_Event_9.data,101,4,0,0,0,epoch milliseconds (2018-03-13 14:26:53.790000),38.0,
S5_Lying_2_extracted,Event_9,JinsBlinkSpeed,JinsBlinkSpeed_Event_9.data,101,2,0,0,0,epoch milliseconds (2018-03-13 14:26:53.790000),38.0,
S5_Lying_2_extracted,Event_9,JinsBlinkStrength,JinsBlinkStrength_Event_9.data,101,2,0,0,0,epoch milliseconds (2018-03-13 14:26:53.790000),38.0,
S5_Lying_2_extracted,Event_9,JinsEyeMovement,JinsEyeMovement_Event_9.data,101,5,0,0,0,epoch milliseconds (2018-03-13 14:26:53.790000),38.0,
S5_Lying_2_extracted,Event_9,JinsGyroscope,JinsGyroscope_Event_9.data,101,4,0,0,0,epoch milliseconds (2018-03-13 14:26:53.790000),38.0,
S5_Lying_2_extracted,Event_9,PhoneAccelerometer,PhoneAccelerometer_Event_9.data,1004,4,0,0,0,epoch milliseconds (2018-03-13 14:26:53.780000),5.0,
S5_Lying_2_extracted,Event_9,PhoneGravity,PhoneGravity_Event_9.data,1005,4,0,0,0,epoch milliseconds (2018-03-13 14:26:53.780000),5.0,
S5_Lying_2_extracted,Event_9,PhoneGyroscope,PhoneGyroscope_Event_9.data,1002,4,0,0,0,epoch milliseconds (2018-03-13 14:26:53.781000),5.0,
S5_Lying_2_extracted,Event_9,PhoneLinearAccelerometer,PhoneLinearAccelerometer_Event_9.data,1004,4,0,0,0,epoch milliseconds (2018-03-13 14:26:53.781000),5.0,
S5_Lying_2_extracted,Event_9,PhoneMagnetometer,PhoneMagnetometer_Event_9.data,500,4,0,0,0,epoch milliseconds (2018-03-13 14:26:53.789000),10.0,
S5_Lying_2_extracted,Event_9,android.sensor.accelerometer,android.sensor.accelerometer_Event_9.data,499,4,0,0,0,epoch milliseconds (2018-03-13 14:26:53.783000),10.0,
S5_Lying_2_extracted,Event_9,android.sensor.gyroscope,android.sensor.gyroscope_Event_9.data,500,4,0,0,0,epoch milliseconds (2018-03-13 14:26:53.787000),10.0,
S5_OpenBag_1_extracted,Event_0,JinsAccelerometer,JinsAccelerometer_Event_0.data,100,4,0,0,0,epoch milliseconds (2018-03-12 12:42:18.098000),53.0,
S5_OpenBag_1_extracted,Event_0,JinsBlinkSpeed,JinsBlinkSpeed_Event_0.data,100,2,0,0,0,epoch milliseconds (2018-03-12 12:42:18.098000),53.0,
S5_OpenBag_1_extracted,Event_0,JinsBlinkStrength,JinsBlinkStrength_Event_0.data,100,2,0,0,0,epoch milliseconds (2018-03-12 12:42:18.098000),53.0,
S5_OpenBag_1_extracted,Event_0,JinsEyeMovement,JinsEyeMovement_Event_0.data,100,5,0,0,0,epoch milliseconds (2018-03-12 12:42:18.098000),53.0,
S5_OpenBag_1_extracted,Event_0,JinsGyroscope,JinsGyroscope_Event_0.data,100,4,0,0,0,epoch milliseconds (2018-03-12 12:42:18.098000),53.0,
S5_OpenBag_1_extracted,Event_0,PhoneAccelerometer,PhoneAccelerometer_Event_0.data,991,4,0,0,0,epoch milliseconds (2018-03-12 12:42:18.062000),5.0,
S5_OpenBag_1_extracted,Event_0,PhoneGravity,PhoneGravity_Event_0.data,992,4,0,0,0,epoch milliseconds (2018-03-12 12:42:18.062000),5.0,
S5_OpenBag_1_extracted,Event_0,PhoneGyroscope,PhoneGyroscope_Event_0.data,991,4,0,0,0,epoch milliseconds (2018-03-12 12:42:18.065000),5.0,
S5_OpenBag_1_extracted,Event_0,PhoneLinearAccelerometer,PhoneLinearAccelerometer_Event_0.data,991,4,0,0,0,epoch milliseconds (2018-03-12 12:42:18.066000),5.0,
S5_OpenBag_1_extracted,Event_0,PhoneMagnetometer,PhoneMagnetometer_Event_0.data,507,4,0,0,0,epoch milliseconds (2018-03-12 12:42:18.157000),10.0,
S5_OpenBag_1_extracted,Event_0,android.sensor.accelerometer,android.sensor.accelerometer_Event_0.data,501,4,0,0,0,epoch milliseconds (2018-03-12 12:42:18.069000),10.0,
S5_OpenBag_1_extracted,Event_0,android.sensor.gyroscope,android.sensor.gyroscope_Event_0.data,500,4,0,0,0,epoch milliseconds (2018-03-12 12:42:18.071000),10.0,
S5_OpenBag_1_extracted,Event_1,JinsAccelerometer,JinsAccelerometer_Event_1.data,100,4,0,0,0,epoch milliseconds (2018-03-12 12:42:31.117000),52.0,
S5_OpenBag_1_extracted,Event_1,JinsBlinkSpeed,JinsBlinkSpeed_Event_1.data,100,2,0,0,0,epoch milliseconds (2018-03-12 12:42:31.117000),52.0,
S5_OpenBag_1_extracted,Event_1,JinsBlinkStrength,JinsBlinkStrength_Event_1.data,100,2,0,0,0,epoch milliseconds (2018-03-12 12:42:31.117000),52.0,
S5_OpenBag_1_extracted,Event_1,JinsEyeMovement,JinsEyeMovement_Event_1.data,100,5,0,0,0,epoch milliseconds (2018-03-12 12:42:31.117000),52.0,
S5_OpenBag_1_extracted,Event_1,JinsGyroscope,JinsGyroscope_Event_1.data,100,4,0,0,0,epoch milliseconds (2018-03-12 12:42:31.117000),52.0,
S5_OpenBag_1_extracted,Event_1,PhoneAccelerometer,PhoneAccelerometer_Event_1.data,990,4,0,0,0,epoch milliseconds (2018-03-12 12:42:31.110000),5.0,
S5_OpenBag_1_extracted,Event_1,PhoneGravity,PhoneGravity_Event_1.data,990,4,0,0,0,epoch milliseconds (2018-03-12 12:42:31.112000),5.0,
S5_OpenBag_1_extracted,Event_1,PhoneGyroscope,PhoneGyroscope_Event_1.data,989,4,0,0,0,epoch milliseconds (2018-03-12 12:42:31.109000),5.0,
S5_OpenBag_1_extracted,Event_1,PhoneLinearAccelerometer,PhoneLinearAccelerometer_Event_1.data,992,4,0,0,0,epoch milliseconds (2018-03-12 12:42:31.110000),5.0,
S5_OpenBag_1_extracted,Event_1,PhoneMagnetometer,PhoneMagnetometer_Event_1.data,501,4,0,0,0,epoch milliseconds (2018-03-12 12:42:31.111000),10.0,
S5_OpenBag_1_extracted,Event_1,android.sensor.accelerometer,android.sensor.accelerometer_Event_1.data,496,4,0,0,0,epoch milliseconds (2018-03-12 12:42:31.109000),10.0,
S5_OpenBag_1_extracted,Event_1,android.sensor.gyroscope,android.sensor.gyroscope_Event_1.data,497,4,0,0,0,epoch milliseconds (2018-03-12 12:42:31.109000),10.0,
S5_OpenBag_1_extracted,Event_2,JinsAccelerometer,JinsAccelerometer_Event_2.data,99,4,0,0,0,epoch milliseconds (2018-03-12 12:42:46.948000),52.0,
S5_OpenBag_1_extracted,Event_2,JinsBlinkSpeed,JinsBlinkSpeed_Event_2.data,99,2,0,0,0,epoch milliseconds (2018-03-12 12:42:46.948000),52.0,
S5_OpenBag_1_extracted,Event_2,JinsBlinkStrength,JinsBlinkStrength_Event_2.data,99,2,0,0,0,epoch milliseconds (2018-03-12 12:42:46.948000),52.0,
S5_OpenBag_1_extracted,Event_2,JinsEyeMovement,JinsEyeMovement_Event_2.data,99,5,0,0,0,epoch milliseconds (2018-03-12 12:42:46.948000),52.0,
S5_OpenBag_1_extracted,Event_2,JinsGyroscope,JinsGyroscope_Event_2.data,99,4,0,0,0,epoch milliseconds (2018-03-12 12:42:46.948000),52.0,
S5_OpenBag_1_extracted,Event_2,PhoneAccelerometer,PhoneAccelerometer_Event_2.data,991,4,0,0,0,epoch milliseconds (2018-03-12 12:42:46.901000),5.0,
S5_OpenBag_1_extracted,Event_2,PhoneGravity,PhoneGravity_Event_2.data,992,4,0,0,0,epoch milliseconds (2018-03-12 12:42:46.900000),5.0,
S5_OpenBag_1_extracted,Event_2,PhoneGyroscope,PhoneGyroscope_Event_2.data,992,4,0,0,0,epoch milliseconds (2018-03-12 12:42:46.901000),5.0,
S5_OpenBag_1_extracted,Event_2,PhoneLinearAccelerometer,PhoneLinearAccelerometer_Event_2.data,991,4,0,0,0,epoch milliseconds (2018-03-12 12:42:46.901000),5.0,
S5_OpenBag_1_extracted,Event_2,PhoneMagnetometer,PhoneMagnetometer_Event_2.data,500,4,0,0,0,epoch milliseconds (2018-03-12 12:42:46.909000),10.0,
S5_OpenBag_1_extracted,Event_2,android.sensor.accelerometer,android.sensor.accelerometer_Event_2.data,501,4,0,0,0,epoch milliseconds (2018-03-12 12:42:46.907000),10.0,
S5_OpenBag_1_extracted,Event_2,android.sensor.gyroscope,android.sensor.gyroscope_Event_2.data,501,4,0,0,0,epoch milliseconds (2018-03-12 12:42:46.909000),10.0,
S5_OpenBag_1_extracted,Event_3,JinsAccelerometer,JinsAccelerometer_Event_3.data,100,4,0,0,0,epoch milliseconds (2018-03-12 12:42:59.308000),52.0,
S5_OpenBag_1_extracted,Event_3,JinsBlinkSpeed,JinsBlinkSpeed_Event_3.data,100,2,0,0,0,epoch milliseconds (2018-03-12 12:42:59.308000),52.0,
S5_OpenBag_1_extracted,Event_3,JinsBlinkStrength,JinsBlinkStrength_Event_3.data,100,2,0,0,0,epoch milliseconds (2018-03-12 12:42:59.308000),52.0,
S5_OpenBag_1_extracted,Event_3,JinsEyeMovement,JinsEyeMovement_Event_3.data,100,5,0,0,0,epoch milliseconds (2018-03-12 12:42:59.308000),52.0,
S5_OpenBag_1_extracted,Event_3,JinsGyroscope,JinsGyroscope_Event_3.data,100,4,0,0,0,epoch milliseconds (2018-03-12 12:42:59.308000),52.0,
S5_OpenBag_1_extracted,Event_3,PhoneAccelerometer,PhoneAccelerometer_Event_3.data,991,4,0,0,0,epoch milliseconds (2018-03-12 12:42:59.284000),5.0,
S5_OpenBag_1_extracted,Event_3,PhoneGravity,PhoneGravity_Event_3.data,991,4,0,0,0,epoch milliseconds (2018-03-12 12:42:59.284000),5.0,
S5_OpenBag_1_extracted,Event_3,PhoneGyroscope,PhoneGyroscope_Event_3.data,990,4,0,0,0,epoch milliseconds (2018-03-12 12:42:59.285000),5.0,
S5_OpenBag_1_extracted,Event_3,PhoneLinearAccelerometer,PhoneLinearAccelerometer_Event_3.data,991,4,0,0,0,epoch milliseconds (2018-03-12 12:42:59.286000),5.0,
S5_OpenBag_1_extracted,Event_3,PhoneMagnetometer,PhoneMagnetometer_Event_3.data,501,4,0,0,0,epoch milliseconds (2018-03-12 12:42:59.284000),10.0,
S5_OpenBag_1_extracted,Event_3,android.sensor.accelerometer,android.sensor.accelerometer_Event_3.data,495,4,0,0,0,epoch milliseconds (2018-03-12 12:42:59.285000),10.0,
S5_OpenBag_1_extracted,Event_3,android.sensor.gyroscope,android.sensor.gyroscope_Event_3.data,495,4,0,0,0,epoch milliseconds (2018-03-12 12:42:59.291000),10.0,
S5_OpenBag_1_extracted,Event_4,JinsAccelerometer,JinsAccelerometer_Event_4.data,100,4,0,0,0,epoch milliseconds (2018-03-12 12:43:11.912000),52.0,
S5_OpenBag_1_extracted,Event_4,JinsBlinkSpeed,JinsBlinkSpeed_Event_4.data,100,2,0,0,0,epoch milliseconds (2018-03-12 12:43:11.912000),52.0,
S5_OpenBag_1_extracted,Event_4,JinsBlinkStrength,JinsBlinkStrength_Event_4.data,100,2,0,0,0,epoch milliseconds (2018-03-12 12:43:11.912000),52.0,
S5_OpenBag_1_extracted,Event_4,JinsEyeMovement,JinsEyeMovement_Event_4.data,100,5,0,0,0,epoch milliseconds (2018-03-12 12:43:11.912000),52.0,
S5_OpenBag_1_extracted,Event_4,JinsGyroscope,JinsGyroscope_Event_4.data,100,4,0,0,0,epoch milliseconds (2018-03-12 12:43:11.912000),52.0,
S5_OpenBag_1_extracted,Event_4,PhoneAccelerometer,PhoneAccelerometer_Event_4.data,991,4,0,0,0,epoch milliseconds (2018-03-12 12:43:11.870000),5.0,
S5_OpenBag_1_extracted,Event_4,PhoneGravity,PhoneGravity_Event_4.data,990,4,0,0,0,epoch milliseconds (2018-03-12 12:43:11.872000),5.0,
S5_OpenBag_1_extracted,Event_4,PhoneGyroscope,PhoneGyroscope_Event_4.data,992,4,0,0,0,epoch milliseconds (2018-03-12 12:43:11.869000),5.0,
S5_OpenBag_1_extracted,Event_4,PhoneLinearAccelerometer,PhoneLinearAccelerometer_Event_4.data,990,4,0,0,0,epoch milliseconds (2018-03-12 12:43:11.871000),5.0,
S5_OpenBag_1_extracted,Event_4,PhoneMagnetometer,PhoneMagnetometer_Event_4.data,501,4,0,0,0,epoch milliseconds (2018-03-12 12:43:11.875000),10.0,
S5_OpenBag_1_extracted,Event_4,android.sensor.accelerometer,android.sensor.accelerometer_Event_4.data,497,4,0,0,0,epoch milliseconds (2018-03-12 12:43:11.869000),10.0,
S5_OpenBag_1_extracted,Event_4,android.sensor.gyroscope,android.sensor.gyroscope_Event_4.data,497,4,0,0,0,epoch milliseconds (2018-03-12 12:43:11.877000),10.0,
S5_OpenBag_1_extracted,Event_5,JinsAccelerometer,JinsAccelerometer_Event_5.data,100,4,0,0,0,epoch milliseconds (2018-03-12 12:43:25.245000),52.0,
S5_OpenBag_1_extracted,Event_5,JinsBlinkSpeed,JinsBlinkSpeed_Event_5.data,100,2,0,0,0,epoch milliseconds (2018-03-12 12:43:25.245000),52.0,
S5_OpenBag_1_extracted,Event_5,JinsBlinkStrength,JinsBlinkStrength_Event_5.data,100,2,0,0,0,epoch milliseconds (2018-03-12 12:43:25.245000),52.0,
S5_OpenBag_1_extracted,Event_5,JinsEyeMovement,JinsEyeMovement_Event_5.data,100,5,0,0,0,epoch milliseconds (2018-03-12 12:43:25.245000),52.0,
S5_OpenBag_1_extracted,Event_5,JinsGyroscope,JinsGyroscope_Event_5.data,100,4,0,0,0,epoch milliseconds (2018-03-12 12:43:25.245000),52.0,
S5_OpenBag_1_extracted,Event_5,PhoneAccelerometer,PhoneAccelerometer_Event_5.data,991,4,0,0,0,epoch milliseconds (2018-03-12 12:43:25.231000),5.0,
S5_OpenBag_1_extracted,Event_5,PhoneGravity,PhoneGravity_Event_5.data,991,4,0,0,0,epoch milliseconds (2018-03-12 12:43:25.232000),5.0,
S5_OpenBag_1_extracted,Event_5,PhoneGyroscope,PhoneGyroscope_Event_5.data,991,4,0,0,0,epoch milliseconds (2018-03-12 12:43:25.228000),5.0,
S5_OpenBag_1_extracted,Event_5,PhoneLinearAccelerometer,PhoneLinearAccelerometer_Event_5.data,991,4,0,0,0,epoch milliseconds (2018-03-12 12:43:25.230000),5.0,
S5_OpenBag_1_extracted,Event_5,PhoneMagnetometer,PhoneMagnetometer_Event_5.data,501,4,0,0,0,epoch milliseconds (2018-03-12 12:43:25.234000),10.0,
S5_OpenBag_1_extracted,Event_5,android.sensor.accelerometer,android.sensor.accelerometer_Event_5.data,501,4,0,0,0,epoch milliseconds (2018-03-12 12:43:25.231000),10.0,
S5_OpenBag_1_extracted,Event_5,android.sensor.gyroscope,android.sensor.gyroscope_Event_5.data,500,4,0,0,0,epoch milliseconds (2018-03-12 12:43:25.232000),10.0,
S5_OpenBag_1_extracted,Event_6,JinsAccelerometer,JinsAccelerometer_Event_6.data,100,4,0,0,0,epoch milliseconds (2018-03-12 12:43:38.606000),52.0,
S5_OpenBag_1_extracted,Event_6,JinsBlinkSpeed,JinsBlinkSpeed_Event_6.data,100,2,0,0,0,epoch milliseconds (2018-03-12 12:43:38.606000),52.0,
S5_OpenBag_1_extracted,Event_6,JinsBlinkStrength,JinsBlinkStrength_Event_6.data,100,2,0,0,0,epoch milliseconds (2018-03-12 12:43:38.606000),52.0,
S5_OpenBag_1_extracted,Event_6,JinsEyeMovement,JinsEyeMovement_Event_6.data,100,5,0,0,0,epoch milliseconds (2018-03-12 12:43:38.606000),52.0,
S5_OpenBag_1_extracted,Event_6,JinsGyroscope,JinsGyroscope_Event_6.data,100,4,0,0,0,epoch milliseconds (2018-03-12 12:43:38.606000),52.0,
S5_OpenBag_1_extracted,Event_6,PhoneAccelerometer,PhoneAccelerometer_Event_6.data,992,4,0,0,0,epoch milliseconds (2018-03-12 12:43:38.581000),5.0,
S5_OpenBag_1_extracted,Event_6,PhoneGravity,PhoneGravity_Event_6.data,992,4,0,0,0,epoch milliseconds (2018-03-12 12:43:38.580000),5.0,
S5_OpenBag_1_extracted,Event_6,PhoneGyroscope,PhoneGyroscope_Event_6.data,992,4,0,0,0,epoch milliseconds (2018-03-12 12:43:38.580000),5.0,
S5_OpenBag_1_extracted,Event_6,PhoneLinearAccelerometer,PhoneLinearAccelerometer_Event_6.data,991,4,0,0,0,epoch milliseconds (2018-03-12 12:43:38.582000),5.0,
S5_OpenBag_1_extracted,Event_6,PhoneMagnetometer,PhoneMagnetometer_Event_6.data,501,4,0,0,0,epoch milliseconds (2018-03-12 12:43:38.584000),10.0,
S5_OpenBag_1_extracted,Event_6,android.sensor.accelerometer,android.sensor.accelerometer_Event_6.data,507,4,0,0,0,epoch milliseconds (2018-03-12 12:43:38.580000),10.0,
S5_OpenBag_1_extracted,Event_6,android.sensor.gyroscope,android.sensor.gyroscope_Event_6.data,507,4,0,0,0,epoch milliseconds (2018-03-12 12:43:38.582000),10.0,
S5_OpenBag_1_extracted,Event_7,JinsAccelerometer,JinsAccelerometer_Event_7.data,100,4,0,0,0,epoch milliseconds (2018-03-12 12:43:51.207000),52.0,
S5_OpenBag_1_extracted,Event_7,JinsBlinkSpeed,JinsBlinkSpeed_Event_7.data,100,2,0,0,0,epoch milliseconds (2018-03-12 12:43:51.207000),52.0,
S5_OpenBag_1_extracted,Event_7,JinsBlinkStrength,JinsBlinkStrength_Event_7.data,100,2,0,0,0,epoch milliseconds (2018-03-12 12:43:51.207000),52.0,
S5_OpenBag_1_extracted,Event_7,JinsEyeMovement,JinsEyeMovement_Event_7.data,100,5,0,0,0,epoch milliseconds (2018-03-12 12:43:51.207000),52.0,
S5_OpenBag_1_extracted,Event_7,JinsGyroscope,JinsGyroscope_Event_7.data,100,4,0,0,0,epoch milliseconds (2018-03-12 12:43:51.207000),52.0,
S5_OpenBag_1_extracted,Event_7,PhoneAccelerometer,PhoneAccelerometer_Event_7.data,991,4,0,0,0,epoch milliseconds (2018-03-12 12:43:51.173000),5.0,
S5_OpenBag_1_extracted,Event_7,PhoneGravity,PhoneGravity_Event_7.data,990,4,0,0,0,epoch milliseconds (2018-03-12 12:43:51.172000),5.0,
S5_OpenBag_1_extracted,Event_7,PhoneGyroscope,PhoneGyroscope_Event_7.data,990,4,0,0,0,epoch milliseconds (2018-03-12 12:43:51.175000),5.0,
S5_OpenBag_1_extracted,Event_7,PhoneLinearAccelerometer,PhoneLinearAccelerometer_Event_7.data,991,4,0,0,0,epoch milliseconds (2018-03-12 12:43:51.173000),5.0,
S5_OpenBag_1_extracted,Event_7,PhoneMagnetometer,PhoneMagnetometer_Event_7.data,501,4,0,0,0,epoch milliseconds (2018-03-12 12:43:51.179000),10.0,
S5_OpenBag_1_extracted,Event_7,android.sensor.accelerometer,android.sensor.accelerometer_Event_7.data,504,4,0,0,0,epoch milliseconds (2018-03-12 12:43:51.174000),10.0,
S5_OpenBag_1_extracted,Event_7,android.sensor.gyroscope,android.sensor.gyroscope_Event_7.data,503,4,0,0,0,epoch milliseconds (2018-03-12 12:43:51.174000),10.0,
S5_OpenBag_1_extracted,Event_8,JinsAccelerometer,JinsAccelerometer_Event_8.data,100,4,0,0,0,epoch milliseconds (2018-03-12 12:44:04.567000),52.0,
S5_OpenBag_1_extracted,Event_8,JinsBlinkSpeed,JinsBlinkSpeed_Event_8.data,100,2,0,0,0,epoch milliseconds (2018-03-12 12:44:04.567000),52.0,
S5_OpenBag_1_extracted,Event_8,JinsBlinkStrength,JinsBlinkStrength_Event_8.data,100,2,0,0,0,epoch milliseconds (2018-03-12 12:44:04.567000),52.0,
S5_OpenBag_1_extracted,Event_8,JinsEyeMovement,JinsEyeMovement_Event_8.data,100,5,0,0,0,epoch milliseconds (2018-03-12 12:44:04.567000),52.0,
S5_OpenBag_1_extracted,Event_8,JinsGyroscope,JinsGyroscope_Event_8.data,100,4,0,0,0,epoch milliseconds (2018-03-12 12:44:04.567000),52.0,
S5_OpenBag_1_extracted,Event_8,PhoneAccelerometer,PhoneAccelerometer_Event_8.data,991,4,0,0,0,epoch milliseconds (2018-03-12 12:44:04.529000),5.0,
S5_OpenBag_1_extracted,Event_8,PhoneGravity,PhoneGravity_Event_8.data,991,4,0,0,0,epoch milliseconds (2018-03-12 12:44:04.528000),5.0,
S5_OpenBag_1_extracted,Event_8,PhoneGyroscope,PhoneGyroscope_Event_8.data,991,4,0,0,0,epoch milliseconds (2018-03-12 12:44:04.526000),5.0,
S5_OpenBag_1_extracted,Event_8,PhoneLinearAccelerometer,PhoneLinearAccelerometer_Event_8.data,992,4,0,0,0,epoch milliseconds (2018-03-12 12:44:04.524000),5.0,
S5_OpenBag_1_extracted,Event_8,PhoneMagnetometer,PhoneMagnetometer_Event_8.data,500,4,0,0,0,epoch milliseconds (2018-03-12 12:44:04.529000),10.0,
S5_OpenBag_1_extracted,Event_8,android.sensor.accelerometer,android.sensor.accelerometer_Event_8.data,498,4,0,0,0,epoch milliseconds (2018-03-12 12:44:04.533000),10.0,
S5_OpenBag_1_extracted,Event_8,android.sensor.gyroscope,android.sensor.gyroscope_Event_8.data,499,4,0,0,0,epoch milliseconds (2018-03-12 12:44:04.532000),10.0,
S5_OpenBag_1_extracted,Event_9,JinsAccelerometer,JinsAccelerometer_Event_9.data,101,4,0,0,0,epoch milliseconds (2018-03-12 12:44:17.169000),53.0,
S5_OpenBag_1_extracted,Event_9,JinsBlinkSpeed,JinsBlinkSpeed_Event_9.data,101,2,0,0,0,epoch milliseconds (2018-03-12 12:44:17.169000),53.0,
S5_OpenBag_1_extracted,Event_9,JinsBlinkStrength,JinsBlinkStrength_Event_9.data,101,2,0,0,0,epoch milliseconds (2018-03-12 12:44:17.169000),53.0,
S5_OpenBag_1_extracted,Event_9,JinsEyeMovement,JinsEyeMovement_Event_9.data,101,5,0,0,0,epoch milliseconds (2018-03-12 12:44:17.169000),53.0,
S5_OpenBag_1_extracted,Event_9,JinsGyroscope,JinsGyroscope_Event_9.data,101,4,0,0,0,epoch milliseconds (2018-03-12 12:44:17.169000),53.0,
S5_OpenBag_1_extracted,Event_9,PhoneAccelerometer,PhoneAccelerometer_Event_9.data,990,4,0,0,0,epoch milliseconds (2018-03-12 12:44:17.167000),5.0,
S5_OpenBag_1_extracted,Event_9,PhoneGravity,PhoneGravity_Event_9.data,991,4,0,0,0,epoch milliseconds (2018-03-12 12:44:17.167000),5.0,
S5_OpenBag_1_extracted,Event_9,PhoneGyroscope,PhoneGyroscope_Event_9.data,991,4,0,0,0,epoch milliseconds (2018-03-12 12:44:17.166000),5.0,
S5_OpenBag_1_extracted,Event_9,PhoneLinearAccelerometer,PhoneLinearAccelerometer_Event_9.data,993,4,0,0,0,epoch milliseconds (2018-03-12 12:44:17.167000),5.0,
S5_OpenBag_1_extracted,Event_9,PhoneMagnetometer,PhoneMagnetometer_Event_9.data,498,4,0,0,0,epoch milliseconds (2018-03-12 12:44:17.165000),10.0,
S5_OpenBag_1_extracted,Event_9,android.sensor.accelerometer,android.sensor.accelerometer_Event_9.data,501,4,0,0,0,epoch milliseconds (2018-03-12 12:44:17.164000),10.0,
S5_OpenBag_1_extracted,Event_9,android.sensor.gyroscope,android.sensor.gyroscope_Event_9.data,500,4,0,0,0,epoch milliseconds (2018-03-12 12:44:17.170000),10.0,
S5_OpenBag_2_extracted,Event_0,JinsAccelerometer,JinsAccelerometer_Event_0.data,100,4,0,0,0,epoch milliseconds (2018-03-13 17:52:10.270000),52.0,
S5_OpenBag_2_extracted,Event_0,JinsBlinkSpeed,JinsBlinkSpeed_Event_0.data,100,2,0,0,0,epoch milliseconds (2018-03-13 17:52:10.270000),52.0,
S5_OpenBag_2_extracted,Event_0,JinsBlinkStrength,JinsBlinkStrength_Event_0.data,100,2,0,0,0,epoch milliseconds (2018-03-13 17:52:10.270000),52.0,
S5_OpenBag_2_extracted,Event_0,JinsEyeMovement,JinsEyeMovement_Event_0.data,100,5,0,0,0,epoch milliseconds (2018-03-13 17:52:10.270000),52.0,
S5_OpenBag_2_extracted,Event_0,JinsGyroscope,JinsGyroscope_Event_0.data,100,4,0,0,0,epoch milliseconds (2018-03-13 17:52:10.270000),52.0,
S5_OpenBag_2_extracted,Event_0,PhoneAccelerometer,PhoneAccelerometer_Event_0.data,992,4,0,0,0,epoch milliseconds (2018-03-13 17:52:10.262000),5.0,
S5_OpenBag_2_extracted,Event_0,PhoneGravity,PhoneGravity_Event_0.data,990,4,0,0,0,epoch milliseconds (2018-03-13 17:52:10.261000),5.0,
S5_OpenBag_2_extracted,Event_0,PhoneGyroscope,PhoneGyroscope_Event_0.data,991,4,0,0,0,epoch milliseconds (2018-03-13 17:52:10.263000),5.0,
S5_OpenBag_2_extracted,Event_0,PhoneLinearAccelerometer,PhoneLinearAccelerometer_Event_0.data,990,4,0,0,0,epoch milliseconds (2018-03-13 17:52:10.265000),5.0,
S5_OpenBag_2_extracted,Event_0,PhoneMagnetometer,PhoneMagnetometer_Event_0.data,501,4,0,0,0,epoch milliseconds (2018-03-13 17:52:10.265000),10.0,
S5_OpenBag_2_extracted,Event_0,android.sensor.accelerometer,android.sensor.accelerometer_Event_0.data,507,4,0,0,0,epoch milliseconds (2018-03-13 17:52:10.266000),10.0,
S5_OpenBag_2_extracted,Event_0,android.sensor.gyroscope,android.sensor.gyroscope_Event_0.data,506,4,0,0,0,epoch milliseconds (2018-03-13 17:52:10.267000),10.0,
S5_OpenBag_2_extracted,Event_1,JinsAccelerometer,JinsAccelerometer_Event_1.data,100,4,0,0,0,epoch milliseconds (2018-03-13 17:52:26.080000),52.0,
S5_OpenBag_2_extracted,Event_1,JinsBlinkSpeed,JinsBlinkSpeed_Event_1.data,100,2,0,0,0,epoch milliseconds (2018-03-13 17:52:26.080000),52.0,
S5_OpenBag_2_extracted,Event_1,JinsBlinkStrength,JinsBlinkStrength_Event_1.data,100,2,0,0,0,epoch milliseconds (2018-03-13 17:52:26.080000),52.0,
S5_OpenBag_2_extracted,Event_1,JinsEyeMovement,JinsEyeMovement_Event_1.data,100,5,0,0,0,epoch milliseconds (2018-03-13 17:52:26.080000),52.0,
S5_OpenBag_2_extracted,Event_1,JinsGyroscope,JinsGyroscope_Event_1.data,100,4,0,0,0,epoch milliseconds (2018-03-13 17:52:26.080000),52.0,
S5_OpenBag_2_extracted,Event_1,PhoneAccelerometer,PhoneAccelerometer_Event_1.data,990,4,0,0,0,epoch milliseconds (2018-03-13 17:52:26.072000),5.0,
S5_OpenBag_2_extracted,Event_1,PhoneGravity,PhoneGravity_Event_1.data,991,4,0,0,0,epoch milliseconds (2018-03-13 17:52:26.070000),5.0,
S5_OpenBag_2_extracted,Event_1,PhoneGyroscope,PhoneGyroscope_Event_1.data,991,4,0,0,0,epoch milliseconds (2018-03-13 17:52:26.069000),5.0,
S5_OpenBag_2_extracted,Event_1,PhoneLinearAccelerometer,PhoneLinearAccelerometer_Event_1.data,990,4,0,0,0,epoch milliseconds (2018-03-13 17:52:26.072000),5.0,
S5_OpenBag_2_extracted,Event_1,PhoneMagnetometer,PhoneMagnetometer_Event_1.data,497,4,0,0,0,epoch milliseconds (2018-03-13 17:52:26.077000),10.0,
S5_OpenBag_2_extracted,Event_1,android.sensor.accelerometer,android.sensor.accelerometer_Event_1.data,498,4,0,0,0,epoch milliseconds (2018-03-13 17:52:26.069000),10.0,
S5_OpenBag_2_extracted,Event_1,android.sensor.gyroscope,android.sensor.gyroscope_Event_1.data,498,4,0,0,0,epoch milliseconds (2018-03-13 17:52:26.078000),10.0,
S5_OpenBag_2_extracted,Event_2,JinsAccelerometer,JinsAccelerometer_Event_2.data,100,4,0,0,0,epoch milliseconds (2018-03-13 17:52:39.776000),52.0,
S5_OpenBag_2_extracted,Event_2,JinsBlinkSpeed,JinsBlinkSpeed_Event_2.data,100,2,0,0,0,epoch milliseconds (2018-03-13 17:52:39.776000),52.0,
S5_OpenBag_2_extracted,Event_2,JinsBlinkStrength,JinsBlinkStrength_Event_2.data,100,2,0,0,0,epoch milliseconds (2018-03-13 17:52:39.776000),52.0,
S5_OpenBag_2_extracted,Event_2,JinsEyeMovement,JinsEyeMovement_Event_2.data,100,5,0,0,0,epoch milliseconds (2018-03-13 17:52:39.776000),52.0,
S5_OpenBag_2_extracted,Event_2,JinsGyroscope,JinsGyroscope_Event_2.data,100,4,0,0,0,epoch milliseconds (2018-03-13 17:52:39.776000),52.0,
S5_OpenBag_2_extracted,Event_2,PhoneAccelerometer,PhoneAccelerometer_Event_2.data,991,4,0,0,0,epoch milliseconds (2018-03-13 17:52:39.752000),5.0,
S5_OpenBag_2_extracted,Event_2,PhoneGravity,PhoneGravity_Event_2.data,990,4,0,0,0,epoch milliseconds (2018-03-13 17:52:39.751000),5.0,
S5_OpenBag_2_extracted,Event_2,PhoneGyroscope,PhoneGyroscope_Event_2.data,991,4,0,0,0,epoch milliseconds (2018-03-13 17:52:39.750000),5.0,
S5_OpenBag_2_extracted,Event_2,PhoneLinearAccelerometer,PhoneLinearAccelerometer_Event_2.data,992,4,0,0,0,epoch milliseconds (2018-03-13 17:52:39.749000),5.0,
S5_OpenBag_2_extracted,Event_2,PhoneMagnetometer,PhoneMagnetometer_Event_2.data,501,4,0,0,0,epoch milliseconds (2018-03-13 17:52:39.755000),10.0,
S5_OpenBag_2_extracted,Event_2,android.sensor.accelerometer,android.sensor.accelerometer_Event_2.data,492,4,0,0,0,epoch milliseconds (2018-03-13 17:52:39.755000),10.0,
S5_OpenBag_2_extracted,Event_2,android.sensor.gyroscope,android.sensor.gyroscope_Event_2.data,493,4,0,0,0,epoch milliseconds (2018-03-13 17:52:39.753000),10.0,
S5_OpenBag_2_extracted,Event_3,JinsAccelerometer,JinsAccelerometer_Event_3.data,100,4,0,0,0,epoch milliseconds (2018-03-13 17:52:52.692000),52.0,
S5_OpenBag_2_extracted,Event_3,JinsBlinkSpeed,JinsBlinkSpeed_Event_3.data,100,2,0,0,0,epoch milliseconds (2018-03-13 17:52:52.692000),52.0,
S5_OpenBag_2_extracted,Event_3,JinsBlinkStrength,JinsBlinkStrength_Event_3.data,100,2,0,0,0,epoch milliseconds (2018-03-13 17:52:52.692000),52.0,
S5_OpenBag_2_extracted,Event_3,JinsEyeMovement,JinsEyeMovement_Event_3.data,100,5,0,0,0,epoch milliseconds (2018-03-13 17:52:52.692000),52.0,
S5_OpenBag_2_extracted,Event_3,JinsGyroscope,JinsGyroscope_Event_3.data,100,4,0,0,0,epoch milliseconds (2018-03-13 17:52:52.692000),52.0,
S5_OpenBag_2_extracted,Event_3,PhoneAccelerometer,PhoneAccelerometer_Event_3.data,992,4,0,0,0,epoch milliseconds (2018-03-13 17:52:52.645000),5.0,
S5_OpenBag_2_extracted,Event_3,PhoneGravity,PhoneGravity_Event_3.data,990,4,0,0,0,epoch milliseconds (2018-03-13 17:52:52.647000),5.0,
S5_OpenBag_2_extracted,Event_3,PhoneGyroscope,PhoneGyroscope_Event_3.data,991,4,0,0,0,epoch milliseconds (2018-03-13 17:52:52.646000),5.0,
S5_OpenBag_2_extracted,Event_3,PhoneLinearAccelerometer,PhoneLinearAccelerometer_Event_3.data,991,4,0,0,0,epoch milliseconds (2018-03-13 17:52:52.650000),5.0,
S5_OpenBag_2_extracted,Event_3,PhoneMagnetometer,PhoneMagnetometer_Event_3.data,501,4,0,0,0,epoch milliseconds (2018-03-13 17:52:52.648000),10.0,
S5_OpenBag_2_extracted,Event_3,android.sensor.accelerometer,android.sensor.accelerometer_Event_3.data,500,4,0,0,0,epoch milliseconds (2018-03-13 17:52:52.650000),10.0,
S5_OpenBag_2_extracted,Event_3,android.sensor.gyroscope,android.sensor.gyroscope_Event_3.data,499,4,0,0,0,epoch milliseconds (2018-03-13 17:52:52.650000),10.0,
S5_OpenBag_2_extracted,Event_4,JinsAccelerometer,JinsAccelerometer_Event_4.data,100,4,0,0,0,epoch milliseconds (2018-03-13 17:53:14.584000),52.0,
S5_OpenBag_2_extracted,Event_4,JinsBlinkSpeed,JinsBlinkSpeed_Event_4.data,100,2,0,0,0,epoch milliseconds (2018-03-13 17:53:14.584000),52.0,
S5_OpenBag_2_extracted,Event_4,JinsBlinkStrength,JinsBlinkStrength_Event_4.data,100,2,0,0,0,epoch milliseconds (2018-03-13 17:53:14.584000),52.0,
S5_OpenBag_2_extracted,Event_4,JinsEyeMovement,JinsEyeMovement_Event_4.data,100,5,0,0,0,epoch milliseconds (2018-03-13 17:53:14.584000),52.0,
S5_OpenBag_2_extracted,Event_4,JinsGyroscope,JinsGyroscope_Event_4.data,100,4,0,0,0,epoch milliseconds (2018-03-13 17:53:14.584000),52.0,
S5_OpenBag_2_extracted,Event_4,PhoneAccelerometer,PhoneAccelerometer_Event_4.data,991,4,0,0,0,epoch milliseconds (2018-03-13 17:53:14.560000),5.0,
S5_OpenBag_2_extracted,Event_4,PhoneGravity,PhoneGravity_Event_4.data,992,4,0,0,0,epoch milliseconds (2018-03-13 17:53:14.559000),5.0,
S5_OpenBag_2_extracted,Event_4,PhoneGyroscope,PhoneGyroscope_Event_4.data,991,4,0,0,0,epoch milliseconds (2018-03-13 17:53:14.560000),5.0,
S5_OpenBag_2_extracted,Event_4,PhoneLinearAccelerometer,PhoneLinearAccelerometer_Event_4.data,991,4,0,0,0,epoch milliseconds (2018-03-13 17:53:14.560000),5.0,
S5_OpenBag_2_extracted,Event_4,PhoneMagnetometer,PhoneMagnetometer_Event_4.data,501,4,0,0,0,epoch milliseconds (2018-03-13 17:53:14.559000),10.0,
S5_OpenBag_2_extracted,Event_4,android.sensor.accelerometer,android.sensor.accelerometer_Event_4.data,501,4,0,0,0,epoch milliseconds (2018-03-13 17:53:14.573000),10.0,
S5_OpenBag_2_extracted,Event_4,android.sensor.gyroscope,android.sensor.gyroscope_Event_4.data,502,4,0,0,0,epoch milliseconds (2018-03-13 17:53:14.576000),10.0,
S5_OpenBag_2_extracted,Event_5,JinsAccelerometer,JinsAccelerometer_Event_5.data,99,4,0,0,0,epoch milliseconds (2018-03-13 17:53:26.031000),52.0,
S5_OpenBag_2_extracted,Event_5,JinsBlinkSpeed,JinsBlinkSpeed_Event_5.data,99,2,0,0,0,epoch milliseconds (2018-03-13 17:53:26.031000),52.0,
S5_OpenBag_2_extracted,Event_5,JinsBlinkStrength,JinsBlinkStrength_Event_5.data,99,2,0,0,0,epoch milliseconds (2018-03-13 17:53:26.031000),52.0,
S5_OpenBag_2_extracted,Event_5,JinsEyeMovement,JinsEyeMovement_Event_5.data,99,5,0,0,0,epoch milliseconds (2018-03-13 17:53:26.031000),52.0,
S5_OpenBag_2_extracted,Event_5,JinsGyroscope,JinsGyroscope_Event_5.data,99,4,0,0,0,epoch milliseconds (2018-03-13 17:53:26.031000),52.0,
S5_OpenBag_2_extracted,Event_5,PhoneAccelerometer,PhoneAccelerometer_Event_5.data,990,4,0,0,0,epoch milliseconds (2018-03-13 17:53:25.999000),5.0,
S5_OpenBag_2_extracted,Event_5,PhoneGravity,PhoneGravity_Event_5.data,991,4,0,0,0,epoch milliseconds (2018-03-13 17:53:25.999000),5.0,
S5_OpenBag_2_extracted,Event_5,PhoneGyroscope,PhoneGyroscope_Event_5.data,990,4,0,0,0,epoch milliseconds (2018-03-13 17:53:25.997000),5.0,
S5_OpenBag_2_extracted,Event_5,PhoneLinearAccelerometer,PhoneLinearAccelerometer_Event_5.data,991,4,0,0,0,epoch milliseconds (2018-03-13 17:53:25.999000),5.0,
S5_OpenBag_2_extracted,Event_5,PhoneMagnetometer,PhoneMagnetometer_Event_5.data,501,4,0,0,0,epoch milliseconds (2018-03-13 17:53:26.002000),10.0,
S5_OpenBag_2_extracted,Event_5,android.sensor.accelerometer,android.sensor.accelerometer_Event_5.data,501,4,0,0,0,epoch milliseconds (2018-03-13 17:53:26.004000),10.0,
S5_OpenBag_2_extracted,Event_5,android.sensor.gyroscope,android.sensor.gyroscope_Event_5.data,502,4,0,0,0,epoch milliseconds (2018-03-13 17:53:25.999000),10.0,
S5_OpenBag_2_extracted,Event_6,JinsAccelerometer,JinsAccelerometer_Event_6.data,100,4,0,0,0,epoch milliseconds (2018-03-13 17:53:39.291000),52.0,
S5_OpenBag_2_extracted,Event_6,JinsBlinkSpeed,JinsBlinkSpeed_Event_6.data,100,2,0,0,0,epoch milliseconds (2018-03-13 17:53:39.291000),52.0,
S5_OpenBag_2_extracted,Event_6,JinsBlinkStrength,JinsBlinkStrength_Event_6.data,100,2,0,0,0,epoch milliseconds (2018-03-13 17:53:39.291000),52.0,
S5_OpenBag_2_extracted,Event_6,JinsEyeMovement,JinsEyeMovement_Event_6.data,100,5,0,0,0,epoch milliseconds (2018-03-13 17:53:39.291000),52.0,
S5_OpenBag_2_extracted,Event_6,JinsGyroscope,JinsGyroscope_Event_6.data,100,4,0,0,0,epoch milliseconds (2018-03-13 17:53:39.291000),52.0,
S5_OpenBag_2_extracted,Event_6,PhoneAccelerometer,PhoneAccelerometer_Event_6.data,992,4,0,0,0,epoch milliseconds (2018-03-13 17:53:39.260000),5.0,
S5_OpenBag_2_extracted,Event_6,PhoneGravity,PhoneGravity_Event_6.data,992,4,0,0,0,epoch milliseconds (2018-03-13 17:53:39.264000),5.0,
S5_OpenBag_2_extracted,Event_6,PhoneGyroscope,PhoneGyroscope_Event_6.data,992,4,0,0,0,epoch milliseconds (2018-03-13 17:53:39.261000),5.0,
S5_OpenBag_2_extracted,Event_6,PhoneLinearAccelerometer,PhoneLinearAccelerometer_Event_6.data,991,4,0,0,0,epoch milliseconds (2018-03-13 17:53:39.263000),5.0,
S5_OpenBag_2_extracted,Event_6,PhoneMagnetometer,PhoneMagnetometer_Event_6.data,501,4,0,0,0,epoch milliseconds (2018-03-13 17:53:39.263000),10.0,
S5_OpenBag_2_extracted,Event_6,android.sensor.accelerometer,android.sensor.accelerometer_Event_6.data,487,4,0,0,0,epoch milliseconds (2018-03-13 17:53:39.263000),10.0,
S5_OpenBag_2_extracted,Event_6,android.sensor.gyroscope,android.sensor.gyroscope_Event_6.data,487,4,0,0,0,epoch milliseconds (2018-03-13 17:53:39.264000),10.0,
S5_OpenBag_2_extracted,Event_7,JinsAccelerometer,JinsAccelerometer_Event_7.data,99,4,0,0,0,epoch milliseconds (2018-03-13 17:53:51.678000),52.0,
S5_OpenBag_2_extracted,Event_7,JinsBlinkSpeed,JinsBlinkSpeed_Event_7.data,99,2,0,0,0,epoch milliseconds (2018-03-13 17:53:51.678000),52.0,
S5_OpenBag_2_extracted,Event_7,JinsBlinkStrength,JinsBlinkStrength_Event_7.data,99,2,0,0,0,epoch milliseconds (2018-03-13 17:53:51.678000),52.0,
S5_OpenBag_2_extracted,Event_7,JinsEyeMovement,JinsEyeMovement_Event_7.data,99,5,0,0,0,epoch milliseconds (2018-03-13 17:53:51.678000),52.0,
S5_OpenBag_2_extracted,Event_7,JinsGyroscope,JinsGyroscope_Event_7.data,99,4,0,0,0,epoch milliseconds (2018-03-13 17:53:51.678000),52.0,
S5_OpenBag_2_extracted,Event_7,PhoneAccelerometer,PhoneAccelerometer_Event_7.data,991,4,0,0,0,epoch milliseconds (2018-03-13 17:53:51.640000),5.0,
S5_OpenBag_2_extracted,Event_7,PhoneGravity,PhoneGravity_Event_7.data,991,4,0,0,0,epoch milliseconds (2018-03-13 17:53:51.637000),5.0,
S5_OpenBag_2_extracted,Event_7,PhoneGyroscope,PhoneGyroscope_Event_7.data,992,4,0,0,0,epoch milliseconds (2018-03-13 17:53:51.636000),5.0,
S5_OpenBag_2_extracted,Event_7,PhoneLinearAccelerometer,PhoneLinearAccelerometer_Event_7.data,990,4,0,0,0,epoch milliseconds (2018-03-13 17:53:51.639000),5.0,
S5_OpenBag_2_extracted,Event_7,PhoneMagnetometer,PhoneMagnetometer_Event_7.data,500,4,0,0,0,epoch milliseconds (2018-03-13 17:53:51.644000),10.0,
S5_OpenBag_2_extracted,Event_7,android.sensor.accelerometer,android.sensor.accelerometer_Event_7.data,489,4,0,0,0,epoch milliseconds (2018-03-13 17:53:51.641000),10.0,
S5_OpenBag_2_extracted,Event_7,android.sensor.gyroscope,android.sensor.gyroscope_Event_7.data,488,4,0,0,0,epoch milliseconds (2018-03-13 17:53:51.645000),10.0,
S5_OpenBag_2_extracted,Event_8,JinsAccelerometer,JinsAccelerometer_Event_8.data,100,4,0,0,0,epoch milliseconds (2018-03-13 17:54:09.738000),52.0,
S5_OpenBag_2_extracted,Event_8,JinsBlinkSpeed,JinsBlinkSpeed_Event_8.data,100,2,0,0,0,epoch milliseconds (2018-03-13 17:54:09.738000),52.0,
S5_OpenBag_2_extracted,Event_8,JinsBlinkStrength,JinsBlinkStrength_Event_8.data,100,2,0,0,0,epoch milliseconds (2018-03-13 17:54:09.738000),52.0,
S5_OpenBag_2_extracted,Event_8,JinsEyeMovement,JinsEyeMovement_Event_8.data,100,5,0,0,0,epoch milliseconds (2018-03-13 17:54:09.738000),52.0,
S5_OpenBag_2_extracted,Event_8,JinsGyroscope,JinsGyroscope_Event_8.data,100,4,0,0,0,epoch milliseconds (2018-03-13 17:54:09.738000),52.0,
S5_OpenBag_2_extracted,Event_8,PhoneAccelerometer,PhoneAccelerometer_Event_8.data,991,4,0,0,0,epoch milliseconds (2018-03-13 17:54:09.720000),5.0,
S5_OpenBag_2_extracted,Event_8,PhoneGravity,PhoneGravity_Event_8.data,991,4,0,0,0,epoch milliseconds (2018-03-13 17:54:09.720000),5.0,
S5_OpenBag_2_extracted,Event_8,PhoneGyroscope,PhoneGyroscope_Event_8.data,991,4,0,0,0,epoch milliseconds (2018-03-13 17:54:09.718000),5.0,
S5_OpenBag_2_extracted,Event_8,PhoneLinearAccelerometer,PhoneLinearAccelerometer_Event_8.data,992,4,0,0,0,epoch milliseconds (2018-03-13 17:54:09.717000),5.0,
S5_OpenBag_2_extracted,Event_8,PhoneMagnetometer,PhoneMagnetometer_Event_8.data,501,4,0,0,0,epoch milliseconds (2018-03-13 17:54:09.720000),10.0,
S5_OpenBag_2_extracted,Event_8,android.sensor.accelerometer,android.sensor.accelerometer_Event_8.data,497,4,0,0,0,epoch milliseconds (2018-03-13 17:54:09.717000),10.0,
S5_OpenBag_2_extracted,Event_8,android.sensor.gyroscope,android.sensor.gyroscope_Event_8.data,496,4,0,0,0,epoch milliseconds (2018-03-13 17:54:09.722000),10.0,
S5_OpenBag_2_extracted,Event_9,JinsAccelerometer,JinsAccelerometer_Event_9.data,100,4,0,0,0,epoch milliseconds (2018-03-13 17:54:22.889000),52.0,
S5_OpenBag_2_extracted,Event_9,JinsBlinkSpeed,JinsBlinkSpeed_Event_9.data,100,2,0,0,0,epoch milliseconds (2018-03-13 17:54:22.889000),52.0,
S5_OpenBag_2_extracted,Event_9,JinsBlinkStrength,JinsBlinkStrength_Event_9.data,100,2,0,0,0,epoch milliseconds (2018-03-13 17:54:22.889000),52.0,
S5_OpenBag_2_extracted,Event_9,JinsEyeMovement,JinsEyeMovement_Event_9.data,100,5,0,0,0,epoch milliseconds (2018-03-13 17:54:22.889000),52.0,
S5_OpenBag_2_extracted,Event_9,JinsGyroscope,JinsGyroscope_Event_9.data,100,4,0,0,0,epoch milliseconds (2018-03-13 17:54:22.889000),52.0,
S5_OpenBag_2_extracted,Event_9,PhoneAccelerometer,PhoneAccelerometer_Event_9.data,992,4,0,0,0,epoch milliseconds (2018-03-13 17:54:22.878000),5.0,
S5_OpenBag_2_extracted,Event_9,PhoneGravity,PhoneGravity_Event_9.data,991,4,0,0,0,epoch milliseconds (2018-03-13 17:54:22.879000),5.0,
S5_OpenBag_2_extracted,Event_9,PhoneGyroscope,PhoneGyroscope_Event_9.data,991,4,0,0,0,epoch milliseconds (2018-03-13 17:54:22.877000),5.0,
S5_OpenBag_2_extracted,Event_9,PhoneLinearAccelerometer,PhoneLinearAccelerometer_Event_9.data,991,4,0,0,0,epoch milliseconds (2018-03-13 17:54:22.879000),5.0,
S5_OpenBag_2_extracted,Event_9,PhoneMagnetometer,PhoneMagnetometer_Event_9.data,505,4,0,0,0,epoch milliseconds (2018-03-13 17:54:22.882000),10.0,
S5_OpenBag_2_extracted,Event_9,android.sensor.accelerometer,android.sensor.accelerometer_Event_9.data,500,4,0,0,0,epoch milliseconds (2018-03-13 17:54:22.881000),10.0,
S5_OpenBag_2_extracted,Event_9,android.sensor.gyroscope,android.sensor.gyroscope_Event_9.data,501,4,0,0,0,epoch milliseconds (2018-03-13 17:54:22.877000),10.0,
