original_folder,event,sensor,file,rows,columns,malformed_rows,missing_values,bad_timestamps,timestamp_format,median_interval_ms,error
S7_Dryoffhands_1_extracted,Event_0,JinsAccelerometer,JinsAccelerometer_Event_0.data,101,4,0,0,0,epoch milliseconds (2018-03-09 11:44:18.373000),52.0,
S7_Dryoffhands_1_extracted,Event_0,JinsBlinkSpeed,JinsBlinkSpeed_Event_0.data,101,2,0,0,0,epoch milliseconds (2018-03-09 11:44:18.373000),52.0,
S7_Dryoffhands_1_extracted,Event_0,JinsBlinkStrength,JinsBlinkStrength_Event_0.data,101,2,0,0,0,epoch milliseconds (2018-03-09 11:44:18.373000),52.0,
S7_Dryoffhands_1_extracted,Event_0,JinsEyeMovement,JinsEyeMovement_Event_0.data,101,5,0,0,0,epoch milliseconds (2018-03-09 11:44:18.373000),52.0,
S7_Dryoffhands_1_extracted,Event_0,JinsGyroscope,JinsGyroscope_Event_0.data,101,4,0,0,0,epoch milliseconds (2018-03-09 11:44:18.373000),52.0,
S7_Dryoffhands_1_extracted,Event_0,PhoneAccelerometer,PhoneAccelerometer_Event_0.data,1003,4,0,0,0,epoch milliseconds (2018-03-09 11:44:18.367000),5.0,
S7_Dryoffhands_1_extracted,Event_0,PhoneGravity,PhoneGravity_Event_0.data,1004,4,0,0,0,epoch milliseconds (2018-03-09 11:44:18.368000),5.0,
S7_Dryoffhands_1_extracted,Event_0,PhoneGyroscope,PhoneGyroscope_Event_0.data,1002,4,0,0,0,epoch milliseconds (2018-03-09 11:44:18.369000),5.0,
S7_Dryoffhands_1_extracted,Event_0,PhoneLinearAccelerometer,PhoneLinearAccelerometer_Event_0.data,1002,4,0,0,0,epoch milliseconds (2018-03-09 11:44:18.369000),5.0,
S7_Dryoffhands_1_extracted,Event_0,PhoneMagnetometer,PhoneMagnetometer_Event_0.data,501,4,0,0,0,epoch milliseconds (2018-03-09 11:44:18.374000),10.0,
S7_Dryoffhands_1_extracted,Event_0,android.sensor.accelerometer,android.sensor.accelerometer_Event_0.data,500,4,0,0,0,epoch milliseconds (2018-03-09 11:44:18.373000),10.0,
S7_Dryoffhands_1_extracted,Event_0,android.sensor.gyroscope,android.sensor.gyroscope_Event_0.data,498,4,0,0,0,epoch milliseconds (2018-03-09 11:44:18.367000),10.0,
S7_Dryoffhands_1_extracted,Event_1,JinsAccelerometer,JinsAccelerometer_Event_1.data,100,4,0,0,0,epoch milliseconds (2018-03-09 11:44:29.137000),52.5,
S7_Dryoffhands_1_extracted,Event_1,JinsBlinkSpeed,JinsBlinkSpeed_Event_1.data,100,2,0,0,0,epoch milliseconds (2018-03-09 11:44:29.137000),52.5,
S7_Dryoffhands_1_extracted,Event_1,JinsBlinkStrength,JinsBlinkStrength_Event_1.data,100,2,0,0,0,epoch milliseconds (2018-03-09 11:44:29.137000),52.5,
S7_Dryoffhands_1_extracted,Event_1,JinsEyeMovement,JinsEyeMovement_Event_1.data,100,5,0,0,0,epoch milliseconds (2018-03-09 11:44:29.137000),52.5,
S7_Dryoffhands_1_extracted,Event_1,JinsGyroscope,JinsGyroscope_Event_1.data,100,4,0,0,0,epoch milliseconds (2018-03-09 11:44:29.137000),52.5,
S7_Dryoffhands_1_extracted,Event_1,PhoneAccelerometer,PhoneAccelerometer_Event_1.data,1003,4,0,0,0,epoch milliseconds (2018-03-09 11:44:29.103000),5.0,
S7_Dryoffhands_1_extracted,Event_1,PhoneGravity,PhoneGravity_Event_1.data,1004,4,0,0,0,epoch milliseconds (2018-03-09 11:44:29.102000),5.0,
S7_Dryoffhands_1_extracted,Event_1,PhoneGyroscope,PhoneGyroscope_Event_1.data,1005,4,0,0,0,epoch milliseconds (2018-03-09 11:44:29.103000),5.0,
S7_Dryoffhands_1_extracted,Event_1,PhoneLinearAccelerometer,PhoneLinearAccelerometer_Event_1.data,1004,4,0,0,0,epoch milliseconds (2018-03-09 11:44:29.105000),5.0,
S7_Dryoffhands_1_extracted,Event_1,PhoneMagnetometer,PhoneMagnetometer_Event_1.data,501,4,0,0,0,epoch milliseconds (2018-03-09 11:44:29.106000),10.0,
S7_Dryoffhands_1_extracted,Event_1,android.sensor.accelerometer,android.sensor.accelerometer_Event_1.data,497,4,0,0,0,epoch milliseconds (2018-03-09 11:44:29.101000),10.0,
S7_Dryoffhands_1_extracted,Event_1,android.sensor.gyroscope,android.sensor.gyroscope_Event_1.data,496,4,0,0,0,epoch milliseconds (2018-03-09 11:44:29.109000),10.0,
S7_Dryoffhands_1_extracted,Event_2,JinsAccelerometer,JinsAccelerometer_Event_2.data,101,4,0,0,0,epoch milliseconds (2018-03-09 11:44:44.104000),53.0,
S7_Dryoffhands_1_extracted,Event_2,JinsBlinkSpeed,JinsBlinkSpeed_Event_2.data,101,2,0,0,0,epoch milliseconds (2018-03-09 11:44:44.104000),53.0,
S7_Dryoffhands_1_extracted,Event_2,JinsBlinkStrength,JinsBlinkStrength_Event_2.data,101,2,0,0,0,epoch milliseconds (2018-03-09 11:44:44.104000),53.0,
S7_Dryoffhands_1_extracted,Event_2,JinsEyeMovement,JinsEyeMovement_Event_2.data,101,5,0,0,0,epoch milliseconds (2018-03-09 11:44:44.104000),53.0,
S7_Dryoffhands_1_extracted,Event_2,JinsGyroscope,JinsGyroscope_Event_2.data,101,4,0,0,0,epoch milliseconds (2018-03-09 11:44:44.104000),53.0,
S7_Dryoffhands_1_extracted,Event_2,PhoneAccelerometer,PhoneAccelerometer_Event_2.data,1003,4,0,0,0,epoch milliseconds (2018-03-09 11:44:44.093000),5.0,
S7_Dryoffhands_1_extracted,Event_2,PhoneGravity,PhoneGravity_Event_2.data,1003,4,0,0,0,epoch milliseconds (2018-03-09 11:44:44.092000),5.0,
S7_Dryoffhands_1_extracted,Event_2,PhoneGyroscope,PhoneGyroscope_Event_2.data,1002,4,0,0,0,epoch milliseconds (2018-03-09 11:44:44.092000),5.0,
S7_Dryoffhands_1_extracted,Event_2,PhoneLinearAccelerometer,PhoneLinearAccelerometer_Event_2.data,1003,4,0,0,0,epoch milliseconds (2018-03-09 11:44:44.090000),5.0,
S7_Dryoffhands_1_extracted,Event_2,PhoneMagnetometer,PhoneMagnetometer_Event_2.data,500,4,0,0,0,epoch milliseconds (2018-03-09 11:44:44.095000),10.0,
S7_Dryoffhands_1_extracted,Event_2,android.sensor.accelerometer,android.sensor.accelerometer_Event_2.data,506,4,0,0,0,epoch milliseconds (2018-03-09 11:44:44.097000),10.0,
S7_Dryoffhands_1_extracted,Event_2,android.sensor.gyroscope,android.sensor.gyroscope_Event_2.data,509,4,0,0,0,epoch milliseconds (2018-03-09 11:44:44.090000),10.0,
S7_Dryoffhands_1_extracted,Event_3,JinsAccelerometer,JinsAccelerometer_Event_3.data,100,4,0,0,0,epoch milliseconds (2018-03-09 11:44:57.040000),52.0,
S7_Dryoffhands_1_extracted,Event_3,JinsBlinkSpeed,JinsBlinkSpeed_Event_3.data,100,2,0,0,0,epoch milliseconds (2018-03-09 11:44:57.040000),52.0,
S7_Dryoffhands_1_extracted,Event_3,JinsBlinkStrength,JinsBlinkStrength_Event_3.data,100,2,0,0,0,epoch milliseconds (2018-03-09 11:44:57.040000),52.0,
S7_Dryoffhands_1_extracted,Event_3,JinsEyeMovement,JinsEyeMovement_Event_3.data,100,5,0,0,0,epoch milliseconds (2018-03-09 11:44:57.040000),52.0,
S7_Dryoffhands_1_extracted,Event_3,JinsGyroscope,JinsGyroscope_Event_3.data,100,4,0,0,0,epoch milliseconds (2018-03-09 11:44:57.040000),52.0,
S7_Dryoffhands_1_extracted,Event_3,PhoneAccelerometer,PhoneAccelerometer_Event_3.data,1004,4,0,0,0,epoch milliseconds (2018-03-09 11:44:57.008000),5.0,
S7_Dryoffhands_1_extracted,Event_3,PhoneGravity,PhoneGravity_Event_3.data,1004,4,0,0,0,epoch milliseconds (2018-03-09 11:44:57.010000),5.0,
S7_Dryoffhands_1_extracted,Event_3,PhoneGyroscope,PhoneGyroscope_Event_3.data,1005,4,0,0,0,epoch milliseconds (2018-03-09 11:44:57.011000),5.0,
S7_Dryoffhands_1_extracted,Event_3,PhoneLinearAccelerometer,PhoneLinearAccelerometer_Event_3.data,1004,4,0,0,0,epoch milliseconds (2018-03-09 11:44:57.010000),5.0,
S7_Dryoffhands_1_extracted,Event_3,PhoneMagnetometer,PhoneMagnetometer_Event_3.data,497,4,0,0,0,epoch milliseconds (2018-03-09 11:44:57.018000),10.0,
S7_Dryoffhands_1_extracted,Event_3,android.sensor.accelerometer,android.sensor.accelerometer_Event_3.data,497,4,0,0,0,epoch milliseconds (2018-03-09 11:44:57.012000),10.0,
S7_Dryoffhands_1_extracted,Event_3,android.sensor.gyroscope,android.sensor.gyroscope_Event_3.data,498,4,0,0,0,epoch milliseconds (2018-03-09 11:44:57.009000),10.0,
S7_Dryoffhands_1_extracted,Event_4,JinsAccelerometer,JinsAccelerometer_Event_4.data,99,4,0,0,0,epoch milliseconds (2018-03-09 11:45:08.617000),52.0,
S7_Dryoffhands_1_extracted,Event_4,JinsBlinkSpeed,JinsBlinkSpeed_Event_4.data,99,2,0,0,0,epoch milliseconds (2018-03-09 11:45:08.617000),52.0,
S7_Dryoffhands_1_extracted,Event_4,JinsBlinkStrength,JinsBlinkStrength_Event_4.data,99,2,0,0,0,epoch milliseconds (2018-03-09 11:45:08.617000),52.0,
S7_Dryoffhands_1_extracted,Event_4,JinsEyeMovement,JinsEyeMovement_Event_4.data,99,5,0,0,0,epoch milliseconds (2018-03-09 11:45:08.617000),52.0,
S7_Dryoffhands_1_extracted,Event_4,JinsGyroscope,JinsGyroscope_Event_4.data,99,4,0,0,0,epoch milliseconds (2018-03-09 11:45:08.617000),52.0,
S7_Dryoffhands_1_extracted,Event_4,PhoneAccelerometer,PhoneAccelerometer_Event_4.data,1003,4,0,0,0,epoch milliseconds (2018-03-09 11:45:08.578000),5.0,
S7_Dryoffhands_1_extracted,Event_4,PhoneGravity,PhoneGravity_Event_4.data,1004,4,0,0,0,epoch milliseconds (2018-03-09 11:45:08.575000),5.0,
S7_Dryoffhands_1_extracted,Event_4,PhoneGyroscope,PhoneGyroscope_Event_4.data,1002,4,0,0,0,epoch milliseconds (2018-03-09 11:45:08.578000),5.0,
S7_Dryoffhands_1_extracted,Event_4,PhoneLinearAccelerometer,PhoneLinearAccelerometer_Event_4.data,1003,4,0,0,0,epoch milliseconds (2018-03-09 11:45:08.579000),5.0,
S7_Dryoffhands_1_extracted,Event_4,PhoneMagnetometer,PhoneMagnetometer_Event_4.data,501,4,0,0,0,epoch milliseconds (2018-03-09 11:45:08.576000),10.0,
S7_Dryoffhands_1_extracted,Event_4,android.sensor.accelerometer,android.sensor.accelerometer_Event_4.data,491,4,0,0,0,epoch milliseconds (2018-03-09 11:45:08.580000),10.0,
S7_Dryoffhands_1_extracted,Event_4,android.sensor.gyroscope,android.sensor.gyroscope_Event_4.data,491,4,0,0,0,epoch milliseconds (2018-03-09 11:45:08.578000),10.0,
S7_Dryoffhands_1_extracted,Event_5,JinsAccelerometer,JinsAccelerometer_Event_5.data,95,4,0,0,0,epoch milliseconds (2018-03-09 11:45:18.564000),52.0,
S7_Dryoffhands_1_extracted,Event_5,JinsBlinkSpeed,JinsBlinkSpeed_Event_5.data,95,2,0,0,0,epoch milliseconds (2018-03-09 11:45:18.564000),52.0,
S7_Dryoffhands_1_extracted,Event_5,JinsBlinkStrength,JinsBlinkStrength_Event_5.data,95,2,0,0,0,epoch milliseconds (2018-03-09 11:45:18.564000),52.0,
S7_Dryoffhands_1_extracted,Event_5,JinsEyeMovement,JinsEyeMovement_Event_5.data,95,5,0,0,0,epoch milliseconds (2018-03-09 11:45:18.564000),52.0,
S7_Dryoffhands_1_extracted,Event_5,JinsGyroscope,JinsGyroscope_Event_5.data,95,4,0,0,0,epoch milliseconds (2018-03-09 11:45:18.564000),52.0,
S7_Dryoffhands_1_extracted,Event_5,PhoneAccelerometer,PhoneAccelerometer_Event_5.data,1003,4,0,0,0,epoch milliseconds (2018-03-09 11:45:18.517000),5.0,
S7_Dryoffhands_1_extracted,Event_5,PhoneGravity,PhoneGravity_Event_5.data,1003,4,0,0,0,epoch milliseconds (2018-03-09 11:45:18.515000),5.0,
S7_Dryoffhands_1_extracted,Event_5,PhoneGyroscope,PhoneGyroscope_Event_5.data,1002,4,0,0,0,epoch milliseconds (2018-03-09 11:45:18.513000),5.0,
S7_Dryoffhands_1_extracted,Event_5,PhoneLinearAccelerometer,PhoneLinearAccelerometer_Event_5.data,1004,4,0,0,0,epoch milliseconds (2018-03-09 11:45:18.515000),5.0,
S7_Dryoffhands_1_extracted,Event_5,PhoneMagnetometer,PhoneMagnetometer_Event_5.data,508,4,0,0,0,epoch milliseconds (2018-03-09 11:45:18.517000),10.0,
S7_Dryoffhands_1_extracted,Event_5,android.sensor.accelerometer,android.sensor.accelerometer_Event_5.data,504,4,0,0,0,epoch milliseconds (2018-03-09 11:45:18.521000),10.0,
S7_Dryoffhands_1_extracted,Event_5,android.sensor.gyroscope,android.sensor.gyroscope_Event_5.data,504,4,0,0,0,epoch milliseconds (2018-03-09 11:45:18.519000),10.0,
S7_Dryoffhands_1_extracted,Event_6,JinsAccelerometer,JinsAccelerometer_Event_6.data,100,4,0,0,0,epoch milliseconds (2018-03-09 11:45:28.328000),53.0,
S7_Dryoffhands_1_extracted,Event_6,JinsBlinkSpeed,JinsBlinkSpeed_Event_6.data,100,2,0,0,0,epoch milliseconds (2018-03-09 11:45:28.328000),53.0,
S7_Dryoffhands_1_extracted,Event_6,JinsBlinkStrength,JinsBlinkStrength_Event_6.data,100,2,0,0,0,epoch milliseconds (2018-03-09 11:45:28.328000),53.0,
S7_Dryoffhands_1_extracted,Event_6,JinsEyeMovement,JinsEyeMovement_Event_6.data,100,5,0,0,0,epoch milliseconds (2018-03-09 11:45:28.328000),53.0,
S7_Dryoffhands_1_extracted,Event_6,JinsGyroscope,JinsGyroscope_Event_6.data,100,4,0,0,0,epoch milliseconds (2018-03-09 11:45:28.328000),53.0,
S7_Dryoffhands_1_extracted,Event_6,PhoneAccelerometer,PhoneAccelerometer_Event_6.data,1003,4,0,0,0,epoch milliseconds (2018-03-09 11:45:28.318000),5.0,
S7_Dryoffhands_1_extracted,Event_6,PhoneGravity,PhoneGravity_Event_6.data,1002,4,0,0,0,epoch milliseconds (2018-03-09 11:45:28.320000),5.0,
S7_Dryoffhands_1_extracted,Event_6,PhoneGyroscope,PhoneGyroscope_Event_6.data,1000,4,0,0,0,epoch milliseconds (2018-03-09 11:45:28.354000),5.0,
S7_Dryoffhands_1_extracted,Event_6,PhoneLinearAccelerometer,PhoneLinearAccelerometer_Event_6.data,1000,4,0,0,0,epoch milliseconds (2018-03-09 11:45:28.355000),5.0,
S7_Dryoffhands_1_extracted,Event_6,PhoneMagnetometer,PhoneMagnetometer_Event_6.data,501,4,0,0,0,epoch milliseconds (2018-03-09 11:45:28.320000),10.0,
S7_Dryoffhands_1_extracted,Event_6,android.sensor.accelerometer,android.sensor.accelerometer_Event_6.data,495,4,0,0,0,epoch milliseconds (2018-03-09 11:45:28.323000),10.0,
S7_Dryoffhands_1_extracted,Event_6,android.sensor.gyroscope,android.sensor.gyroscope_Event_6.data,499,4,0,0,0,epoch milliseconds (2018-03-09 11:45:28.319000),10.0,
S7_Dryoffhands_1_extracted,Event_7,JinsAccelerometer,JinsAccelerometer_Event_7.data,100,4,0,0,0,epoch milliseconds (2018-03-09 11:45:37.782000),52.0,
S7_Dryoffhands_1_extracted,Event_7,JinsBlinkSpeed,JinsBlinkSpeed_Event_7.data,100,2,0,0,0,epoch milliseconds (2018-03-09 11:45:37.782000),52.0,
S7_Dryoffhands_1_extracted,Event_7,JinsBlinkStrength,JinsBlinkStrength_Event_7.data,100,2,0,0,0,epoch milliseconds (2018-03-09 11:45:37.782000),52.0,
S7_Dryoffhands_1_extracted,Event_7,JinsEyeMovement,JinsEyeMovement_Event_7.data,100,5,0,0,0,epoch milliseconds (2018-03-09 11:45:37.782000),52.0,
S7_Dryoffhands_1_extracted,Event_7,JinsGyroscope,JinsGyroscope_Event_7.data,100,4,0,0,0,epoch milliseconds (2018-03-09 11:45:37.782000),52.0,
S7_Dryoffhands_1_extracted,Event_7,PhoneAccelerometer,PhoneAccelerometer_Event_7.data,1002,4,0,0,0,epoch milliseconds (2018-03-09 11:45:37.770000),5.0,
S7_Dryoffhands_1_extracted,Event_7,PhoneGravity,PhoneGravity_Event_7.data,1004,4,0,0,0,epoch milliseconds (2018-03-09 11:45:37.769000),5.0,
S7_Dryoffhands_1_extracted,Event_7,PhoneGyroscope,PhoneGyroscope_Event_7.data,1005,4,0,0,0,epoch milliseconds (2018-03-09 11:45:37.773000),5.0,
S7_Dryoffhands_1_extracted,Event_7,PhoneLinearAccelerometer,PhoneLinearAccelerometer_Event_7.data,1006,4,0,0,0,epoch milliseconds (2018-03-09 11:45:37.768000),5.0,
S7_Dryoffhands_1_extracted,Event_7,PhoneMagnetometer,PhoneMagnetometer_Event_7.data,501,4,0,0,0,epoch milliseconds (2018-03-09 11:45:37.768000),10.0,
S7_Dryoffhands_1_extracted,Event_7,android.sensor.accelerometer,android.sensor.accelerometer_Event_7.data,508,4,0,0,0,epoch milliseconds (2018-03-09 11:45:37.773000),10.0,
S7_Dryoffhands_1_extracted,Event_7,android.sensor.gyroscope,android.sensor.gyroscope_Event_7.data,509,4,0,0,0,epoch milliseconds (2018-03-09 11:45:37.770000),10.0,
S7_Dryoffhands_1_extracted,Event_8,JinsAccelerometer,JinsAccelerometer_Event_8.data,100,4,0,0,0,epoch milliseconds (2018-03-09 11:45:47.378000),53.0,
S7_Dryoffhands_1_extracted,Event_8,JinsBlinkSpeed,JinsBlinkSpeed_Event_8.data,100,2,0,0,0,epoch milliseconds (2018-03-09 11:45:47.378000),53.0,
S7_Dryoffhands_1_extracted,Event_8,JinsBlinkStrength,JinsBlinkStrength_Event_8.data,100,2,0,0,0,epoch milliseconds (2018-03-09 11:45:47.378000),53.0,
S7_Dryoffhands_1_extracted,Event_8,JinsEyeMovement,JinsEyeMovement_Event_8.data,100,5,0,0,0,epoch milliseconds (2018-03-09 11:45:47.378000),53.0,
S7_Dryoffhands_1_extracted,Event_8,JinsGyroscope,JinsGyroscope_Event_8.data,100,4,0,0,0,epoch milliseconds (2018-03-09 11:45:47.378000),53.0,
S7_Dryoffhands_1_extracted,Event_8,PhoneAccelerometer,PhoneAccelerometer_Event_8.data,1004,4,0,0,0,epoch milliseconds (2018-03-09 11:45:47.333000),5.0,
S7_Dryoffhands_1_extracted,Event_8,PhoneGravity,PhoneGravity_Event_8.data,1030,4,0,0,0,epoch milliseconds (2018-03-09 11:45:47.332000),5.0,
S7_Dryoffhands_1_extracted,Event_8,PhoneGyroscope,PhoneGyroscope_Event_8.data,1009,4,0,0,0,epoch milliseconds (2018-03-09 11:45:47.333000),5.0,
S7_Dryoffhands_1_extracted,Event_8,PhoneLinearAccelerometer,PhoneLinearAccelerometer_Event_8.data,1002,4,0,0,0,epoch milliseconds (2018-03-09 11:45:47.333000),5.0,
S7_Dryoffhands_1_extracted,Event_8,PhoneMagnetometer,PhoneMagnetometer_Event_8.data,502,4,0,0,0,epoch milliseconds (2018-03-09 11:45:47.333000),10.0,
S7_Dryoffhands_1_extracted,Event_8,android.sensor.accelerometer,android.sensor.accelerometer_Event_8.data,507,4,0,0,0,epoch milliseconds (2018-03-09 11:45:47.339000),10.0,
S7_Dryoffhands_1_extracted,Event_8,android.sensor.gyroscope,android.sensor.gyroscope_Event_8.data,507,4,0,0,0,epoch milliseconds (2018-03-09 11:45:47.334000),10.0,
S7_Dryoffhands_1_extracted,Event_9,JinsAccelerometer,JinsAccelerometer_Event_9.data,99,4,0,0,0,epoch milliseconds (2018-03-09 11:45:56.260000),52.0,
S7_Dryoffhands_1_extracted,Event_9,JinsBlinkSpeed,JinsBlinkSpeed_Event_9.data,99,2,0,0,0,epoch milliseconds (2018-03-09 11:45:56.260000),52.0,
S7_Dryoffhands_1_extracted,Event_9,JinsBlinkStrength,JinsBlinkStrength_Event_9.data,99,2,0,0,0,epoch milliseconds (2018-03-09 11:45:56.260000),52.0,
S7_Dryoffhands_1_extracted,Event_9,JinsEyeMovement,JinsEyeMovement_Event_9.data,99,5,0,0,0,epoch milliseconds (2018-03-09 11:45:56.260000),52.0,
S7_Dryoffhands_1_extracted,Event_9,JinsGyroscope,JinsGyroscope_Event_9.data,99,4,0,0,0,epoch milliseconds (2018-03-09 11:45:56.260000),52.0,
S7_Dryoffhands_1_extracted,Event_9,PhoneAccelerometer,PhoneAccelerometer_Event_9.data,1007,4,0,0,0,epoch milliseconds (2018-03-09 11:45:56.234000),5.0,
S7_Dryoffhands_1_extracted,Event_9,PhoneGravity,PhoneGravity_Event_9.data,1003,4,0,0,0,epoch milliseconds (2018-03-09 11:45:56.233000),5.0,
S7_Dryoffhands_1_extracted,Event_9,PhoneGyroscope,PhoneGyroscope_Event_9.data,1004,4,0,0,0,epoch milliseconds (2018-03-09 11:45:56.233000),5.0,
S7_Dryoffhands_1_extracted,Event_9,PhoneLinearAccelerometer,PhoneLinearAccelerometer_Event_9.data,1006,4,0,0,0,epoch milliseconds (2018-03-09 11:45:56.233000),5.0,
S7_Dryoffhands_1_extracted,Event_9,PhoneMagnetometer,PhoneMagnetometer_Event_9.data,501,4,0,0,0,epoch milliseconds (2018-03-09 11:45:56.235000),10.0,
S7_Dryoffhands_1_extracted,Event_9,android.sensor.accelerometer,android.sensor.accelerometer_Event_9.data,503,4,0,0,0,epoch milliseconds (2018-03-09 11:45:56.258000),10.0,
S7_Dryoffhands_1_extracted,Event_9,android.sensor.gyroscope,android.sensor.gyroscope_Event_9.data,503,4,0,0,0,epoch milliseconds (2018-03-09 11:45:56.236000),10.0,
S7_Dryoffhands_2_extracted,Event_0,JinsAccelerometer,JinsAccelerometer_Event_0.data,101,4,0,0,0,epoch milliseconds (2018-03-19 10:46:41.694000),52.0,
S7_Dryoffhands_2_extracted,Event_0,JinsBlinkSpeed,JinsBlinkSpeed_Event_0.data,101,2,0,0,0,epoch milliseconds (2018-03-19 10:46:41.694000),52.0,
S7_Dryoffhands_2_extracted,Event_0,JinsBlinkStrength,JinsBlinkStrength_Event_0.data,101,2,0,0,0,epoch milliseconds (2018-03-19 10:46:41.694000),52.0,
S7_Dryoffhands_2_extracted,Event_0,JinsEyeMovement,JinsEyeMovement_Event_0.data,101,5,0,0,0,epoch milliseconds (2018-03-19 10:46:41.694000),52.0,
S7_Dryoffhands_2_extracted,Event_0,JinsGyroscope,JinsGyroscope_Event_0.data,101,4,0,0,0,epoch milliseconds (2018-03-19 10:46:41.694000),52.0,
S7_Dryoffhands_2_extracted,Event_0,PhoneAccelerometer,PhoneAccelerometer_Event_0.data,988,4,0,0,0,epoch milliseconds (2018-03-19 10:46:41.696000),5.0,
S7_Dryoffhands_2_extracted,Event_0,PhoneGravity,PhoneGravity_Event_0.data,988,4,0,0,0,epoch milliseconds (2018-03-19 10:46:41.694000),5.0,
S7_Dryoffhands_2_extracted,Event_0,PhoneGyroscope,PhoneGyroscope_Event_0.data,982,4,0,0,0,epoch milliseconds (2018-03-19 10:46:41.697000),5.0,
S7_Dryoffhands_2_extracted,Event_0,PhoneLinearAccelerometer,PhoneLinearAccelerometer_Event_0.data,982,4,0,0,0,epoch milliseconds (2018-03-19 10:46:41.697000),5.0,
S7_Dryoffhands_2_extracted,Event_0,PhoneMagnetometer,PhoneMagnetometer_Event_0.data,503,4,0,0,0,epoch milliseconds (2018-03-19 10:46:41.695000),10.0,
S7_Dryoffhands_2_extracted,Event_0,android.sensor.accelerometer,android.sensor.accelerometer_Event_0.data,465,4,0,0,0,epoch milliseconds (2018-03-19 10:46:41.698000),10.0,
S7_Dryoffhands_2_extracted,Event_0,android.sensor.gyroscope,android.sensor.gyroscope_Event_0.data,465,4,0,0,0,epoch milliseconds (2018-03-19 10:46:41.701000),10.0,
S7_Dryoffhands_2_extracted,Event_1,JinsAccelerometer,JinsAccelerometer_Event_1.data,100,4,0,0,0,epoch milliseconds (2018-03-19 10:46:50.671000),52.0,
S7_Dryoffhands_2_extracted,Event_1,JinsBlinkSpeed,JinsBlinkSpeed_Event_1.data,100,2,0,0,0,epoch milliseconds (2018-03-19 10:46:50.671000),52.0,
S7_Dryoffhands_2_extracted,Event_1,JinsBlinkStrength,JinsBlinkStrength_Event_1.data,100,2,0,0,0,epoch milliseconds (2018-03-19 10:46:50.671000),52.0,
S7_Dryoffhands_2_extracted,Event_1,JinsEyeMovement,JinsEyeMovement_Event_1.data,100,5,0,0,0,epoch milliseconds (2018-03-19 10:46:50.671000),52.0,
S7_Dryoffhands_2_extracted,Event_1,JinsGyroscope,JinsGyroscope_Event_1.data,100,4,0,0,0,epoch milliseconds (2018-03-19 10:46:50.671000),52.0,
S7_Dryoffhands_2_extracted,Event_1,PhoneAccelerometer,PhoneAccelerometer_Event_1.data,994,4,0,0,0,epoch milliseconds (2018-03-19 10:46:50.671000),5.0,
S7_Dryoffhands_2_extracted,Event_1,PhoneGravity,PhoneGravity_Event_1.data,984,4,0,0,0,epoch milliseconds (2018-03-19 10:46:50.671000),5.0,
S7_Dryoffhands_2_extracted,Event_1,PhoneGyroscope,PhoneGyroscope_Event_1.data,984,4,0,0,0,epoch milliseconds (2018-03-19 10:46:50.668000),5.0,
S7_Dryoffhands_2_extracted,Event_1,PhoneLinearAccelerometer,PhoneLinearAccelerometer_Event_1.data,986,4,0,0,0,epoch milliseconds (2018-03-19 10:46:50.670000),5.0,
S7_Dryoffhands_2_extracted,Event_1,PhoneMagnetometer,PhoneMagnetometer_Event_1.data,500,4,0,0,0,epoch milliseconds (2018-03-19 10:46:50.676000),10.0,
S7_Dryoffhands_2_extracted,Event_1,android.sensor.accelerometer,android.sensor.accelerometer_Event_1.data,486,4,0,0,0,epoch milliseconds (2018-03-19 10:46:50.671000),10.0,
S7_Dryoffhands_2_extracted,Event_1,android.sensor.gyroscope,android.sensor.gyroscope_Event_1.data,484,4,0,0,0,epoch milliseconds (2018-03-19 10:46:50.671000),10.0,
S7_Dryoffhands_2_extracted,Event_2,JinsAccelerometer,JinsAccelerometer_Event_2.data,100,4,0,0,0,epoch milliseconds (2018-03-19 10:47:00.018000),52.0,
S7_Dryoffhands_2_extracted,Event_2,JinsBlinkSpeed,JinsBlinkSpeed_Event_2.data,100,2,0,0,0,epoch milliseconds (2018-03-19 10:47:00.018000),52.0,
S7_Dryoffhands_2_extracted,Event_2,JinsBlinkStrength,JinsBlinkStrength_Event_2.data,100,2,0,0,0,epoch milliseconds (2018-03-19 10:47:00.018000),52.0,
S7_Dryoffhands_2_extracted,Event_2,JinsEyeMovement,JinsEyeMovement_Event_2.data,100,5,0,0,0,epoch milliseconds (2018-03-19 10:47:00.018000),52.0,
S7_Dryoffhands_2_extracted,Event_2,JinsGyroscope,JinsGyroscope_Event_2.data,100,4,0,0,0,epoch milliseconds (2018-03-19 10:47:00.018000),52.0,
S7_Dryoffhands_2_extracted,Event_2,PhoneAccelerometer,PhoneAccelerometer_Event_2.data,980,4,0,0,0,epoch milliseconds (2018-03-19 10:46:59.980000),5.0,
S7_Dryoffhands_2_extracted,Event_2,PhoneGravity,PhoneGravity_Event_2.data,1001,4,0,0,0,epoch milliseconds (2018-03-19 10:46:59.977000),5.0,
S7_Dryoffhands_2_extracted,Event_2,PhoneGyroscope,PhoneGyroscope_Event_2.data,1001,4,0,0,0,epoch milliseconds (2018-03-19 10:46:59.976000),5.0,
S7_Dryoffhands_2_extracted,Event_2,PhoneLinearAccelerometer,PhoneLinearAccelerometer_Event_2.data,1021,4,0,0,0,epoch milliseconds (2018-03-19 10:46:59.977000),5.0,
S7_Dryoffhands_2_extracted,Event_2,PhoneMagnetometer,PhoneMagnetometer_Event_2.data,502,4,0,0,0,epoch milliseconds (2018-03-19 10:46:59.981000),10.0,
S7_Dryoffhands_2_extracted,Event_2,android.sensor.accelerometer,android.sensor.accelerometer_Event_2.data,525,4,0,0,0,epoch milliseconds (2018-03-19 10:47:00.102000),10.0,
S7_Dryoffhands_2_extracted,Event_2,android.sensor.gyroscope,android.sensor.gyroscope_Event_2.data,524,4,0,0,0,epoch milliseconds (2018-03-19 10:47:00.107000),10.0,
S7_Dryoffhands_2_extracted,Event_3,JinsAccelerometer,JinsAccelerometer_Event_3.data,101,4,0,0,0,epoch milliseconds (2018-03-19 10:47:09.050000),52.0,
S7_Dryoffhands_2_extracted,Event_3,JinsBlinkSpeed,JinsBlinkSpeed_Event_3.data,101,2,0,0,0,epoch milliseconds (2018-03-19 10:47:09.050000),52.0,
S7_Dryoffhands_2_extracted,Event_3,JinsBlinkStrength,JinsBlinkStrength_Event_3.data,101,2,0,0,0,epoch milliseconds (2018-03-19 10:47:09.050000),52.0,
S7_Dryoffhands_2_extracted,Event_3,JinsEyeMovement,JinsEyeMovement_Event_3.data,101,5,0,0,0,epoch milliseconds (2018-03-19 10:47:09.050000),52.0,
S7_Dryoffhands_2_extracted,Event_3,JinsGyroscope,JinsGyroscope_Event_3.data,101,4,0,0,0,epoch milliseconds (2018-03-19 10:47:09.050000),52.0,
S7_Dryoffhands_2_extracted,Event_3,PhoneAccelerometer,PhoneAccelerometer_Event_3.data,986,4,0,0,0,epoch milliseconds (2018-03-19 10:47:09.046000),5.0,
S7_Dryoffhands_2_extracted,Event_3,PhoneGravity,PhoneGravity_Event_3.data,988,4,0,0,0,epoch milliseconds (2018-03-19 10:47:09.046000),5.0,
S7_Dryoffhands_2_extracted,Event_3,PhoneGyroscope,PhoneGyroscope_Event_3.data,989,4,0,0,0,epoch milliseconds (2018-03-19 10:47:09.046000),5.0,
S7_Dryoffhands_2_extracted,Event_3,PhoneLinearAccelerometer,PhoneLinearAccelerometer_Event_3.data,987,4,0,0,0,epoch milliseconds (2018-03-19 10:47:09.046000),5.0,
S7_Dryoffhands_2_extracted,Event_3,PhoneMagnetometer,PhoneMagnetometer_Event_3.data,501,4,0,0,0,epoch milliseconds (2018-03-19 10:47:09.049000),10.0,
S7_Dryoffhands_2_extracted,Event_3,android.sensor.accelerometer,android.sensor.accelerometer_Event_3.data,545,4,0,0,0,epoch milliseconds (2018-03-19 10:47:09.046000),10.0,
S7_Dryoffhands_2_extracted,Event_3,android.sensor.gyroscope,android.sensor.gyroscope_Event_3.data,546,4,0,0,0,epoch milliseconds (2018-03-19 10:47:09.049000),10.0,
S7_Dryoffhands_2_extracted,Event_4,JinsAccelerometer,JinsAccelerometer_Event_4.data,100,4,0,0,0,epoch milliseconds (2018-03-19 10:47:18.279000),52.0,
S7_Dryoffhands_2_extracted,Event_4,JinsBlinkSpeed,JinsBlinkSpeed_Event_4.data,100,2,0,0,0,epoch milliseconds (2018-03-19 10:47:18.279000),52.0,
S7_Dryoffhands_2_extracted,Event_4,JinsBlinkStrength,JinsBlinkStrength_Event_4.data,100,2,0,0,0,epoch milliseconds (2018-03-19 10:47:18.279000),52.0,
S7_Dryoffhands_2_extracted,Event_4,JinsEyeMovement,JinsEyeMovement_Event_4.data,100,5,0,0,0,epoch milliseconds (2018-03-19 10:47:18.279000),52.0,
S7_Dryoffhands_2_extracted,Event_4,JinsGyroscope,JinsGyroscope_Event_4.data,100,4,0,0,0,epoch milliseconds (2018-03-19 10:47:18.279000),52.0,
S7_Dryoffhands_2_extracted,Event_4,PhoneAccelerometer,PhoneAccelerometer_Event_4.data,995,4,0,0,0,epoch milliseconds (2018-03-19 10:47:18.208000),5.0,
S7_Dryoffhands_2_extracted,Event_4,PhoneGravity,PhoneGravity_Event_4.data,1002,4,0,0,0,epoch milliseconds (2018-03-19 10:47:18.209000),5.0,
S7_Dryoffhands_2_extracted,Event_4,PhoneGyroscope,PhoneGyroscope_Event_4.data,1002,4,0,0,0,epoch milliseconds (2018-03-19 10:47:18.209000),5.0,
S7_Dryoffhands_2_extracted,Event_4,PhoneLinearAccelerometer,PhoneLinearAccelerometer_Event_4.data,1003,4,0,0,0,epoch milliseconds (2018-03-19 10:47:18.207000),5.0,
S7_Dryoffhands_2_extracted,Event_4,PhoneMagnetometer,PhoneMagnetometer_Event_4.data,502,4,0,0,0,epoch milliseconds (2018-03-19 10:47:18.212000),10.0,
S7_Dryoffhands_2_extracted,Event_4,android.sensor.accelerometer,android.sensor.accelerometer_Event_4.data,506,4,0,0,0,epoch milliseconds (2018-03-19 10:47:18.216000),10.0,
S7_Dryoffhands_2_extracted,Event_4,android.sensor.gyroscope,android.sensor.gyroscope_Event_4.data,507,4,0,0,0,epoch milliseconds (2018-03-19 10:47:18.213000),10.0,
S7_Dryoffhands_2_extracted,Event_5,JinsAccelerometer,JinsAccelerometer_Event_5.data,101,4,0,0,0,epoch milliseconds (2018-03-19 10:47:27.944000),52.0,
S7_Dryoffhands_2_extracted,Event_5,JinsBlinkSpeed,JinsBlinkSpeed_Event_5.data,101,2,0,0,0,epoch milliseconds (2018-03-19 10:47:27.944000),52.0,
S7_Dryoffhands_2_extracted,Event_5,JinsBlinkStrength,JinsBlinkStrength_Event_5.data,101,2,0,0,0,epoch milliseconds (2018-03-19 10:47:27.944000),52.0,
S7_Dryoffhands_2_extracted,Event_5,JinsEyeMovement,JinsEyeMovement_Event_5.data,101,5,0,0,0,epoch milliseconds (2018-03-19 10:47:27.944000),52.0,
S7_Dryoffhands_2_extracted,Event_5,JinsGyroscope,JinsGyroscope_Event_5.data,101,4,0,0,0,epoch milliseconds (2018-03-19 10:47:27.944000),52.0,
S7_Dryoffhands_2_extracted,Event_5,PhoneAccelerometer,PhoneAccelerometer_Event_5.data,988,4,0,0,0,epoch milliseconds (2018-03-19 10:47:27.943000),5.0,
S7_Dryoffhands_2_extracted,Event_5,PhoneGravity,PhoneGravity_Event_5.data,1000,4,0,0,0,epoch milliseconds (2018-03-19 10:47:27.945000),5.0,
S7_Dryoffhands_2_extracted,Event_5,PhoneGyroscope,PhoneGyroscope_Event_5.data,992,4,0,0,0,epoch milliseconds (2018-03-19 10:47:27.943000),5.0,
S7_Dryoffhands_2_extracted,Event_5,PhoneLinearAccelerometer,PhoneLinearAccelerometer_Event_5.data,1000,4,0,0,0,epoch milliseconds (2018-03-19 10:47:27.944000),5.0,
S7_Dryoffhands_2_extracted,Event_5,PhoneMagnetometer,PhoneMagnetometer_Event_5.data,499,4,0,0,0,epoch milliseconds (2018-03-19 10:47:27.943000),10.0,
S7_Dryoffhands_2_extracted,Event_5,android.sensor.accelerometer,android.sensor.accelerometer_Event_5.data,502,4,0,0,0,epoch milliseconds (2018-03-19 10:47:27.944000),10.0,
S7_Dryoffhands_2_extracted,Event_5,android.sensor.gyroscope,android.sensor.gyroscope_Event_5.data,494,4,0,0,0,epoch milliseconds (2018-03-19 10:47:27.950000),10.0,
S7_Dryoffhands_2_extracted,Event_6,JinsAccelerometer,JinsAccelerometer_Event_6.data,99,4,0,0,0,epoch milliseconds (2018-03-19 10:47:37.057000),52.0,
S7_Dryoffhands_2_extracted,Event_6,JinsBlinkSpeed,JinsBlinkSpeed_Event_6.data,99,2,0,0,0,epoch milliseconds (2018-03-19 10:47:37.057000),52.0,
S7_Dryoffhands_2_extracted,Event_6,JinsBlinkStrength,JinsBlinkStrength_Event_6.data,99,2,0,0,0,epoch milliseconds (2018-03-19 10:47:37.057000),52.0,
S7_Dryoffhands_2_extracted,Event_6,JinsEyeMovement,JinsEyeMovement_Event_6.data,99,5,0,0,0,epoch milliseconds (2018-03-19 10:47:37.057000),52.0,
S7_Dryoffhands_2_extracted,Event_6,JinsGyroscope,JinsGyroscope_Event_6.data,99,4,0,0,0,epoch milliseconds (2018-03-19 10:47:37.057000),52.0,
S7_Dryoffhands_2_extracted,Event_6,PhoneAccelerometer,PhoneAccelerometer_Event_6.data,991,4,0,0,0,epoch milliseconds (2018-03-19 10:47:37.030000),5.0,
S7_Dryoffhands_2_extracted,Event_6,PhoneGravity,PhoneGravity_Event_6.data,993,4,0,0,0,epoch milliseconds (2018-03-19 10:47:37.027000),5.0,
S7_Dryoffhands_2_extracted,Event_6,PhoneGyroscope,PhoneGyroscope_Event_6.data,993,4,0,0,0,epoch milliseconds (2018-03-19 10:47:37.030000),5.0,
S7_Dryoffhands_2_extracted,Event_6,PhoneLinearAccelerometer,PhoneLinearAccelerometer_Event_6.data,996,4,0,0,0,epoch milliseconds (2018-03-19 10:47:37.028000),5.0,
S7_Dryoffhands_2_extracted,Event_6,PhoneMagnetometer,PhoneMagnetometer_Event_6.data,501,4,0,0,0,epoch milliseconds (2018-03-19 10:47:37.032000),10.0,
S7_Dryoffhands_2_extracted,Event_6,android.sensor.accelerometer,android.sensor.accelerometer_Event_6.data,510,4,0,0,0,epoch milliseconds (2018-03-19 10:47:37.031000),10.0,
S7_Dryoffhands_2_extracted,Event_6,android.sensor.gyroscope,android.sensor.gyroscope_Event_6.data,523,4,0,0,0,epoch milliseconds (2018-03-19 10:47:37.029000),10.0,
S7_Dryoffhands_2_extracted,Event_7,JinsAccelerometer,JinsAccelerometer_Event_7.data,100,4,0,0,0,epoch milliseconds (2018-03-19 10:47:46.419000),52.0,
S7_Dryoffhands_2_extracted,Event_7,JinsBlinkSpeed,JinsBlinkSpeed_Event_7.data,100,2,0,0,0,epoch milliseconds (2018-03-19 10:47:46.419000),52.0,
S7_Dryoffhands_2_extracted,Event_7,JinsBlinkStrength,JinsBlinkStrength_Event_7.data,100,2,0,0,0,epoch milliseconds (2018-03-19 10:47:46.419000),52.0,
S7_Dryoffhands_2_extracted,Event_7,JinsEyeMovement,JinsEyeMovement_Event_7.data,100,5,0,0,0,epoch milliseconds (2018-03-19 10:47:46.419000),52.0,
S7_Dryoffhands_2_extracted,Event_7,JinsGyroscope,JinsGyroscope_Event_7.data,100,4,0,0,0,epoch milliseconds (2018-03-19 10:47:46.419000),52.0,
S7_Dryoffhands_2_extracted,Event_7,PhoneAccelerometer,PhoneAccelerometer_Event_7.data,984,4,0,0,0,epoch milliseconds (2018-03-19 10:47:46.385000),5.0,
S7_Dryoffhands_2_extracted,Event_7,PhoneGravity,PhoneGravity_Event_7.data,1003,4,0,0,0,epoch milliseconds (2018-03-19 10:47:46.387000),5.0,
S7_Dryoffhands_2_extracted,Event_7,PhoneGyroscope,PhoneGyroscope_Event_7.data,983,4,0,0,0,epoch milliseconds (2018-03-19 10:47:46.385000),5.0,
S7_Dryoffhands_2_extracted,Event_7,PhoneLinearAccelerometer,PhoneLinearAccelerometer_Event_7.data,985,4,0,0,0,epoch milliseconds (2018-03-19 10:47:46.387000),5.0,
S7_Dryoffhands_2_extracted,Event_7,PhoneMagnetometer,PhoneMagnetometer_Event_7.data,502,4,0,0,0,epoch milliseconds (2018-03-19 10:47:46.384000),10.0,
S7_Dryoffhands_2_extracted,Event_7,android.sensor.accelerometer,android.sensor.accelerometer_Event_7.data,495,4,0,0,0,epoch milliseconds (2018-03-19 10:47:46.388000),10.0,
S7_Dryoffhands_2_extracted,Event_7,android.sensor.gyroscope,android.sensor.gyroscope_Event_7.data,488,4,0,0,0,epoch milliseconds (2018-03-19 10:47:46.385000),10.0,
S7_Dryoffhands_2_extracted,Event_8,JinsAccelerometer,JinsAccelerometer_Event_8.data,102,4,0,0,0,epoch milliseconds (2018-03-19 10:47:55.738000),52.0,
S7_Dryoffhands_2_extracted,Event_8,JinsBlinkSpeed,JinsBlinkSpeed_Event_8.data,102,2,0,0,0,epoch milliseconds (2018-03-19 10:47:55.738000),52.0,
S7_Dryoffhands_2_extracted,Event_8,JinsBlinkStrength,JinsBlinkStrength_Event_8.data,102,2,0,0,0,epoch milliseconds (2018-03-19 10:47:55.738000),52.0,
S7_Dryoffhands_2_extracted,Event_8,JinsEyeMovement,JinsEyeMovement_Event_8.data,102,5,0,0,0,epoch milliseconds (2018-03-19 10:47:55.738000),52.0,
S7_Dryoffhands_2_extracted,Event_8,JinsGyroscope,JinsGyroscope_Event_8.data,102,4,0,0,0,epoch milliseconds (2018-03-19 10:47:55.738000),52.0,
S7_Dryoffhands_2_extracted,Event_8,PhoneAccelerometer,PhoneAccelerometer_Event_8.data,988,4,0,0,0,epoch milliseconds (2018-03-19 10:47:55.676000),5.0,
S7_Dryoffhands_2_extracted,Event_8,PhoneGravity,PhoneGravity_Event_8.data,1010,4,0,0,0,epoch milliseconds (2018-03-19 10:47:55.675000),5.0,
S7_Dryoffhands_2_extracted,Event_8,PhoneGyroscope,PhoneGyroscope_Event_8.data,1010,4,0,0,0,epoch milliseconds (2018-03-19 10:47:55.679000),5.0,
S7_Dryoffhands_2_extracted,Event_8,PhoneLinearAccelerometer,PhoneLinearAccelerometer_Event_8.data,1009,4,0,0,0,epoch milliseconds (2018-03-19 10:47:55.677000),5.0,
S7_Dryoffhands_2_extracted,Event_8,PhoneMagnetometer,PhoneMagnetometer_Event_8.data,502,4,0,0,0,epoch milliseconds (2018-03-19 10:47:55.675000),10.0,
S7_Dryoffhands_2_extracted,Event_8,android.sensor.accelerometer,android.sensor.accelerometer_Event_8.data,537,4,0,0,0,epoch milliseconds (2018-03-19 10:47:55.776000),10.0,
S7_Dryoffhands_2_extracted,Event_8,android.sensor.gyroscope,android.sensor.gyroscope_Event_8.data,536,4,0,0,0,epoch milliseconds (2018-03-19 10:47:55.781000),10.0,
S7_Dryoffhands_2_extracted,Event_9,JinsAccelerometer,JinsAccelerometer_Event_9.data,99,4,0,0,0,epoch milliseconds (2018-03-19 10:48:05.303000),52.0,
S7_Dryoffhands_2_extracted,Event_9,JinsBlinkSpeed,JinsBlinkSpeed_Event_9.data,99,2,0,0,0,epoch milliseconds (2018-03-19 10:48:05.303000),52.0,
S7_Dryoffhands_2_extracted,Event_9,JinsBlinkStrength,JinsBlinkStrength_Event_9.data,99,2,0,0,0,epoch milliseconds (2018-03-19 10:48:05.303000),52.0,
S7_Dryoffhands_2_extracted,Event_9,JinsEyeMovement,JinsEyeMovement_Event_9.data,99,5,0,0,0,epoch milliseconds (2018-03-19 10:48:05.303000),52.0,
S7_Dryoffhands_2_extracted,Event_9,JinsGyroscope,JinsGyroscope_Event_9.data,99,4,0,0,0,epoch milliseconds (2018-03-19 10:48:05.303000),52.0,
S7_Dryoffhands_2_extracted,Event_9,PhoneAccelerometer,PhoneAccelerometer_Event_9.data,990,4,0,0,0,epoch milliseconds (2018-03-19 10:48:05.282000),5.0,
S7_Dryoffhands_2_extracted,Event_9,PhoneGravity,PhoneGravity_Event_9.data,1000,4,0,0,0,epoch milliseconds (2018-03-19 10:48:05.285000),5.0,
S7_Dryoffhands_2_extracted,Event_9,PhoneGyroscope,PhoneGyroscope_Event_9.data,981,4,0,0,0,epoch milliseconds (2018-03-19 10:48:05.284000),5.0,
S7_Dryoffhands_2_extracted,Event_9,PhoneLinearAccelerometer,PhoneLinearAccelerometer_Event_9.data,1005,4,0,0,0,epoch milliseconds (2018-03-19 10:48:05.283000),5.0,
S7_Dryoffhands_2_extracted,Event_9,PhoneMagnetometer,PhoneMagnetometer_Event_9.data,503,4,0,0,0,epoch milliseconds (2018-03-19 10:48:05.281000),10.0,
S7_Dryoffhands_2_extracted,Event_9,android.sensor.accelerometer,android.sensor.accelerometer_Event_9.data,473,4,0,0,0,epoch milliseconds (2018-03-19 10:48:05.284000),10.0,
S7_Dryoffhands_2_extracted,Event_9,android.sensor.gyroscope,android.sensor.gyroscope_Event_9.data,473,4,0,0,0,epoch milliseconds (2018-03-19 10:48:05.286000),10.0,
S7_Openotherlid_1_extracted,Event_0,JinsAccelerometer,JinsAccelerometer_Event_0.data,101,4,0,0,0,epoch milliseconds (2018-03-08 11:04:31.986000),52.0,
S7_Openotherlid_1_extracted,Event_0,JinsBlinkSpeed,JinsBlinkSpeed_Event_0.data,101,2,0,0,0,epoch milliseconds (2018-03-08 11:04:31.986000),52.0,
S7_Openotherlid_1_extracted,Event_0,JinsBlinkStrength,JinsBlinkStrength_Event_0.data,101,2,0,0,0,epoch milliseconds (2018-03-08 11:04:31.986000),52.0,
S7_Openotherlid_1_extracted,Event_0,JinsEyeMovement,JinsEyeMovement_Event_0.data,101,5,0,0,0,epoch milliseconds (2018-03-08 11:04:31.986000),52.0,
S7_Openotherlid_1_extracted,Event_0,JinsGyroscope,JinsGyroscope_Event_0.data,101,4,0,0,0,epoch milliseconds (2018-03-08 11:04:31.986000),52.0,
S7_Openotherlid_1_extracted,Event_0,PhoneAccelerometer,PhoneAccelerometer_Event_0.data,993,4,0,0,0,epoch milliseconds (2018-03-08 11:04:31.988000),5.0,
S7_Openotherlid_1_extracted,Event_0,PhoneGravity,PhoneGravity_Event_0.data,996,4,0,0,0,epoch milliseconds (2018-03-08 11:04:31.989000),5.0,
S7_Openotherlid_1_extracted,Event_0,PhoneGyroscope,PhoneGyroscope_Event_0.data,998,4,0,0,0,epoch milliseconds (2018-03-08 11:04:31.989000),5.0,
S7_Openotherlid_1_extracted,Event_0,PhoneLinearAccelerometer,PhoneLinearAccelerometer_Event_0.data,998,4,0,0,0,epoch milliseconds (2018-03-08 11:04:31.987000),5.0,
S7_Openotherlid_1_extracted,Event_0,PhoneMagnetometer,PhoneMagnetometer_Event_0.data,502,4,0,0,0,epoch milliseconds (2018-03-08 11:04:31.989000),10.0,
S7_Openotherlid_1_extracted,Event_0,android.sensor.accelerometer,android.sensor.accelerometer_Event_0.data,499,4,0,0,0,epoch milliseconds (2018-03-08 11:04:31.993000),10.0,
S7_Openotherlid_1_extracted,Event_0,android.sensor.gyroscope,android.sensor.gyroscope_Event_0.data,500,4,0,0,0,epoch milliseconds (2018-03-08 11:04:31.987000),10.0,
S7_Openotherlid_1_extracted,Event_1,JinsAccelerometer,JinsAccelerometer_Event_1.data,100,4,0,0,0,epoch milliseconds (2018-03-08 11:04:42.324000),52.0,
S7_Openotherlid_1_extracted,Event_1,JinsBlinkSpeed,JinsBlinkSpeed_Event_1.data,100,2,0,0,0,epoch milliseconds (2018-03-08 11:04:42.324000),52.0,
S7_Openotherlid_1_extracted,Event_1,JinsBlinkStrength,JinsBlinkStrength_Event_1.data,100,2,0,0,0,epoch milliseconds (2018-03-08 11:04:42.324000),52.0,
S7_Openotherlid_1_extracted,Event_1,JinsEyeMovement,JinsEyeMovement_Event_1.data,100,5,0,0,0,epoch milliseconds (2018-03-08 11:04:42.324000),52.0,
S7_Openotherlid_1_extracted,Event_1,JinsGyroscope,JinsGyroscope_Event_1.data,100,4,0,0,0,epoch milliseconds (2018-03-08 11:04:42.324000),52.0,
S7_Openotherlid_1_extracted,Event_1,PhoneAccelerometer,PhoneAccelerometer_Event_1.data,1005,4,0,0,0,epoch milliseconds (2018-03-08 11:04:42.308000),5.0,
S7_Openotherlid_1_extracted,Event_1,PhoneGravity,PhoneGravity_Event_1.data,1004,4,0,0,0,epoch milliseconds (2018-03-08 11:04:42.307000),5.0,
S7_Openotherlid_1_extracted,Event_1,PhoneGyroscope,PhoneGyroscope_Event_1.data,1003,4,0,0,0,epoch milliseconds (2018-03-08 11:04:42.310000),5.0,
S7_Openotherlid_1_extracted,Event_1,PhoneLinearAccelerometer,PhoneLinearAccelerometer_Event_1.data,1003,4,0,0,0,epoch milliseconds (2018-03-08 11:04:42.310000),5.0,
S7_Openotherlid_1_extracted,Event_1,PhoneMagnetometer,PhoneMagnetometer_Event_1.data,500,4,0,0,0,epoch milliseconds (2018-03-08 11:04:42.313000),10.0,
S7_Openotherlid_1_extracted,Event_1,android.sensor.accelerometer,android.sensor.accelerometer_Event_1.data,489,4,0,0,0,epoch milliseconds (2018-03-08 11:04:42.316000),10.0,
S7_Openotherlid_1_extracted,Event_1,android.sensor.gyroscope,android.sensor.gyroscope_Event_1.data,489,4,0,0,0,epoch milliseconds (2018-03-08 11:04:42.313000),10.0,
S7_Openotherlid_1_extracted,Event_2,JinsAccelerometer,JinsAccelerometer_Event_2.data,99,4,0,0,0,epoch milliseconds (2018-03-08 11:04:55.321000),53.0,
S7_Openotherlid_1_extracted,Event_2,JinsBlinkSpeed,JinsBlinkSpeed_Event_2.data,99,2,0,0,0,epoch milliseconds (2018-03-08 11:04:55.321000),53.0,
S7_Openotherlid_1_extracted,Event_2,JinsBlinkStrength,JinsBlinkStrength_Event_2.data,99,2,0,0,0,epoch milliseconds (2018-03-08 11:04:55.321000),53.0,
S7_Openotherlid_1_extracted,Event_2,JinsEyeMovement,JinsEyeMovement_Event_2.data,99,5,0,0,0,epoch milliseconds (2018-03-08 11:04:55.321000),53.0,
S7_Openotherlid_1_extracted,Event_2,JinsGyroscope,JinsGyroscope_Event_2.data,99,4,0,0,0,epoch milliseconds (2018-03-08 11:04:55.321000),53.0,
S7_Openotherlid_1_extracted,Event_2,PhoneAccelerometer,PhoneAccelerometer_Event_2.data,1005,4,0,0,0,epoch milliseconds (2018-03-08 11:04:55.276000),5.0,
S7_Openotherlid_1_extracted,Event_2,PhoneGravity,PhoneGravity_Event_2.data,1003,4,0,0,0,epoch milliseconds (2018-03-08 11:04:55.277000),5.0,
S7_Openotherlid_1_extracted,Event_2,PhoneGyroscope,PhoneGyroscope_Event_2.data,1001,4,0,0,0,epoch milliseconds (2018-03-08 11:04:55.280000),5.0,
S7_Openotherlid_1_extracted,Event_2,PhoneLinearAccelerometer,PhoneLinearAccelerometer_Event_2.data,1003,4,0,0,0,epoch milliseconds (2018-03-08 11:04:55.278000),5.0,
S7_Openotherlid_1_extracted,Event_2,PhoneMagnetometer,PhoneMagnetometer_Event_2.data,500,4,0,0,0,epoch milliseconds (2018-03-08 11:04:55.284000),10.0,
S7_Openotherlid_1_extracted,Event_2,android.sensor.accelerometer,android.sensor.accelerometer_Event_2.data,507,4,0,0,0,epoch milliseconds (2018-03-08 11:04:55.284000),10.0,
S7_Openotherlid_1_extracted,Event_2,android.sensor.gyroscope,android.sensor.gyroscope_Event_2.data,507,4,0,0,0,epoch milliseconds (2018-03-08 11:04:55.278000),10.0,
S7_Openotherlid_1_extracted,Event_3,JinsAccelerometer,JinsAccelerometer_Event_3.data,100,4,0,0,0,epoch milliseconds (2018-03-08 11:05:07.135000),52.0,
S7_Openotherlid_1_extracted,Event_3,JinsBlinkSpeed,JinsBlinkSpeed_Event_3.data,100,2,0,0,0,epoch milliseconds (2018-03-08 11:05:07.135000),52.0,
S7_Openotherlid_1_extracted,Event_3,JinsBlinkStrength,JinsBlinkStrength_Event_3.data,100,2,0,0,0,epoch milliseconds (2018-03-08 11:05:07.135000),52.0,
S7_Openotherlid_1_extracted,Event_3,JinsEyeMovement,JinsEyeMovement_Event_3.data,100,5,0,0,0,epoch milliseconds (2018-03-08 11:05:07.135000),52.0,
S7_Openotherlid_1_extracted,Event_3,JinsGyroscope,JinsGyroscope_Event_3.data,100,4,0,0,0,epoch milliseconds (2018-03-08 11:05:07.135000),52.0,
S7_Openotherlid_1_extracted,Event_3,PhoneAccelerometer,PhoneAccelerometer_Event_3.data,1003,4,0,0,0,epoch milliseconds (2018-03-08 11:05:07.122000),5.0,
S7_Openotherlid_1_extracted,Event_3,PhoneGravity,PhoneGravity_Event_3.data,992,4,0,0,0,epoch milliseconds (2018-03-08 11:05:07.126000),5.0,
S7_Openotherlid_1_extracted,Event_3,PhoneGyroscope,PhoneGyroscope_Event_3.data,990,4,0,0,0,epoch milliseconds (2018-03-08 11:05:07.123000),5.0,
S7_Openotherlid_1_extracted,Event_3,PhoneLinearAccelerometer,PhoneLinearAccelerometer_Event_3.data,991,4,0,0,0,epoch milliseconds (2018-03-08 11:05:07.124000),5.0,
S7_Openotherlid_1_extracted,Event_3,PhoneMagnetometer,PhoneMagnetometer_Event_3.data,501,4,0,0,0,epoch milliseconds (2018-03-08 11:05:07.128000),10.0,
S7_Openotherlid_1_extracted,Event_3,android.sensor.accelerometer,android.sensor.accelerometer_Event_3.data,508,4,0,0,0,epoch milliseconds (2018-03-08 11:05:07.128000),10.0,
S7_Openotherlid_1_extracted,Event_3,android.sensor.gyroscope,android.sensor.gyroscope_Event_3.data,508,4,0,0,0,epoch milliseconds (2018-03-08 11:05:07.131000),10.0,
S7_Openotherlid_1_extracted,Event_4,JinsAccelerometer,JinsAccelerometer_Event_4.data,99,4,0,0,0,epoch milliseconds (2018-03-08 11:05:24.380000),52.0,
S7_Openotherlid_1_extracted,Event_4,JinsBlinkSpeed,JinsBlinkSpeed_Event_4.data,99,2,0,0,0,epoch milliseconds (2018-03-08 11:05:24.380000),52.0,
S7_Openotherlid_1_extracted,Event_4,JinsBlinkStrength,JinsBlinkStrength_Event_4.data,99,2,0,0,0,epoch milliseconds (2018-03-08 11:05:24.380000),52.0,
S7_Openotherlid_1_extracted,Event_4,JinsEyeMovement,JinsEyeMovement_Event_4.data,99,5,0,0,0,epoch milliseconds (2018-03-08 11:05:24.380000),52.0,
S7_Openotherlid_1_extracted,Event_4,JinsGyroscope,JinsGyroscope_Event_4.data,99,4,0,0,0,epoch milliseconds (2018-03-08 11:05:24.380000),52.0,
S7_Openotherlid_1_extracted,Event_4,PhoneAccelerometer,PhoneAccelerometer_Event_4.data,1004,4,0,0,0,epoch milliseconds (2018-03-08 11:05:24.335000),5.0,
S7_Openotherlid_1_extracted,Event_4,PhoneGravity,PhoneGravity_Event_4.data,1001,4,0,0,0,epoch milliseconds (2018-03-08 11:05:24.337000),5.0,
S7_Openotherlid_1_extracted,Event_4,PhoneGyroscope,PhoneGyroscope_Event_4.data,1001,4,0,0,0,epoch milliseconds (2018-03-08 11:05:24.337000),5.0,
S7_Openotherlid_1_extracted,Event_4,PhoneLinearAccelerometer,PhoneLinearAccelerometer_Event_4.data,1004,4,0,0,0,epoch milliseconds (2018-03-08 11:05:24.336000),5.0,
S7_Openotherlid_1_extracted,Event_4,PhoneMagnetometer,PhoneMagnetometer_Event_4.data,502,4,0,0,0,epoch milliseconds (2018-03-08 11:05:24.337000),10.0,
S7_Openotherlid_1_extracted,Event_4,android.sensor.accelerometer,android.sensor.accelerometer_Event_4.data,499,4,0,0,0,epoch milliseconds (2018-03-08 11:05:24.337000),10.0,
S7_Openotherlid_1_extracted,Event_4,android.sensor.gyroscope,android.sensor.gyroscope_Event_4.data,498,4,0,0,0,epoch milliseconds (2018-03-08 11:05:24.344000),10.0,
S7_Openotherlid_1_extracted,Event_5,JinsAccelerometer,JinsAccelerometer_Event_5.data,100,4,0,0,0,epoch milliseconds (2018-03-08 11:05:40.577000),52.0,
S7_Openotherlid_1_extracted,Event_5,JinsBlinkSpeed,JinsBlinkSpeed_Event_5.data,100,2,0,0,0,epoch milliseconds (2018-03-08 11:05:40.577000),52.0,
S7_Openotherlid_1_extracted,Event_5,JinsBlinkStrength,JinsBlinkStrength_Event_5.data,100,2,0,0,0,epoch milliseconds (2018-03-08 11:05:40.577000),52.0,
S7_Openotherlid_1_extracted,Event_5,JinsEyeMovement,JinsEyeMovement_Event_5.data,100,5,0,0,0,epoch milliseconds (2018-03-08 11:05:40.577000),52.0,
S7_Openotherlid_1_extracted,Event_5,JinsGyroscope,JinsGyroscope_Event_5.data,100,4,0,0,0,epoch milliseconds (2018-03-08 11:05:40.577000),52.0,
S7_Openotherlid_1_extracted,Event_5,PhoneAccelerometer,PhoneAccelerometer_Event_5.data,1003,4,0,0,0,epoch milliseconds (2018-03-08 11:05:40.554000),5.0,
S7_Openotherlid_1_extracted,Event_5,PhoneGravity,PhoneGravity_Event_5.data,1003,4,0,0,0,epoch milliseconds (2018-03-08 11:05:40.554000),5.0,
S7_Openotherlid_1_extracted,Event_5,PhoneGyroscope,PhoneGyroscope_Event_5.data,1004,4,0,0,0,epoch milliseconds (2018-03-08 11:05:40.552000),5.0,
S7_Openotherlid_1_extracted,Event_5,PhoneLinearAccelerometer,PhoneLinearAccelerometer_Event_5.data,1004,4,0,0,0,epoch milliseconds (2018-03-08 11:05:40.553000),5.0,
S7_Openotherlid_1_extracted,Event_5,PhoneMagnetometer,PhoneMagnetometer_Event_5.data,500,4,0,0,0,epoch milliseconds (2018-03-08 11:05:40.557000),10.0,
S7_Openotherlid_1_extracted,Event_5,android.sensor.accelerometer,android.sensor.accelerometer_Event_5.data,499,4,0,0,0,epoch milliseconds (2018-03-08 11:05:40.553000),10.0,
S7_Openotherlid_1_extracted,Event_5,android.sensor.gyroscope,android.sensor.gyroscope_Event_5.data,498,4,0,0,0,epoch milliseconds (2018-03-08 11:05:40.557000),10.0,
S7_Openotherlid_1_extracted,Event_6,JinsAccelerometer,JinsAccelerometer_Event_6.data,101,4,0,0,0,epoch milliseconds (2018-03-08 11:05:55.539000),52.0,
S7_Openotherlid_1_extracted,Event_6,JinsBlinkSpeed,JinsBlinkSpeed_Event_6.data,101,2,0,0,0,epoch milliseconds (2018-03-08 11:05:55.539000),52.0,
S7_Openotherlid_1_extracted,Event_6,JinsBlinkStrength,JinsBlinkStrength_Event_6.data,101,2,0,0,0,epoch milliseconds (2018-03-08 11:05:55.539000),52.0,
S7_Openotherlid_1_extracted,Event_6,JinsEyeMovement,JinsEyeMovement_Event_6.data,101,5,0,0,0,epoch milliseconds (2018-03-08 11:05:55.539000),52.0,
S7_Openotherlid_1_extracted,Event_6,JinsGyroscope,JinsGyroscope_Event_6.data,101,4,0,0,0,epoch milliseconds (2018-03-08 11:05:55.539000),52.0,
S7_Openotherlid_1_extracted,Event_6,PhoneAccelerometer,PhoneAccelerometer_Event_6.data,999,4,0,0,0,epoch milliseconds (2018-03-08 11:05:55.528000),5.0,
S7_Openotherlid_1_extracted,Event_6,PhoneGravity,PhoneGravity_Event_6.data,999,4,0,0,0,epoch milliseconds (2018-03-08 11:05:55.527000),5.0,
S7_Openotherlid_1_extracted,Event_6,PhoneGyroscope,PhoneGyroscope_Event_6.data,997,4,0,0,0,epoch milliseconds (2018-03-08 11:05:55.531000),5.0,
S7_Openotherlid_1_extracted,Event_6,PhoneLinearAccelerometer,PhoneLinearAccelerometer_Event_6.data,997,4,0,0,0,epoch milliseconds (2018-03-08 11:05:55.527000),5.0,
S7_Openotherlid_1_extracted,Event_6,PhoneMagnetometer,PhoneMagnetometer_Event_6.data,501,4,0,0,0,epoch milliseconds (2018-03-08 11:05:55.532000),10.0,
S7_Openotherlid_1_extracted,Event_6,android.sensor.accelerometer,android.sensor.accelerometer_Event_6.data,502,4,0,0,0,epoch milliseconds (2018-03-08 11:05:55.527000),10.0,
S7_Openotherlid_1_extracted,Event_6,android.sensor.gyroscope,android.sensor.gyroscope_Event_6.data,502,4,0,0,0,epoch milliseconds (2018-03-08 11:05:55.532000),10.0,
S7_Openotherlid_2_extracted,Event_0,JinsAccelerometer,JinsAccelerometer_Event_0.data,100,4,0,0,0,epoch milliseconds (2018-03-08 11:08:08.787000),52.0,
S7_Openotherlid_2_extracted,Event_0,JinsBlinkSpeed,JinsBlinkSpeed_Event_0.data,100,2,0,0,0,epoch milliseconds (2018-03-08 11:08:08.787000),52.0,
S7_Openotherlid_2_extracted,Event_0,JinsBlinkStrength,JinsBlinkStrength_Event_0.data,100,2,0,0,0,epoch milliseconds (2018-03-08 11:08:08.787000),52.0,
S7_Openotherlid_2_extracted,Event_0,JinsEyeMovement,JinsEyeMovement_Event_0.data,100,5,0,0,0,epoch milliseconds (2018-03-08 11:08:08.787000),52.0,
S7_Openotherlid_2_extracted,Event_0,JinsGyroscope,JinsGyroscope_Event_0.data,100,4,0,0,0,epoch milliseconds (2018-03-08 11:08:08.787000),52.0,
S7_Openotherlid_2_extracted,Event_0,PhoneAccelerometer,PhoneAccelerometer_Event_0.data,1003,4,0,0,0,epoch milliseconds (2018-03-08 11:08:08.765000),5.0,
S7_Openotherlid_2_extracted,Event_0,PhoneGravity,PhoneGravity_Event_0.data,1004,4,0,0,0,epoch milliseconds (2018-03-08 11:08:08.764000),5.0,
S7_Openotherlid_2_extracted,Event_0,PhoneGyroscope,PhoneGyroscope_Event_0.data,1005,4,0,0,0,epoch milliseconds (2018-03-08 11:08:08.762000),5.0,
S7_Openotherlid_2_extracted,Event_0,PhoneLinearAccelerometer,PhoneLinearAccelerometer_Event_0.data,1001,4,0,0,0,epoch milliseconds (2018-03-08 11:08:08.762000),5.0,
S7_Openotherlid_2_extracted,Event_0,PhoneMagnetometer,PhoneMagnetometer_Event_0.data,501,4,0,0,0,epoch milliseconds (2018-03-08 11:08:08.768000),10.0,
S7_Openotherlid_2_extracted,Event_0,android.sensor.accelerometer,android.sensor.accelerometer_Event_0.data,506,4,0,0,0,epoch milliseconds (2018-03-08 11:08:08.766000),10.0,
S7_Openotherlid_2_extracted,Event_0,android.sensor.gyroscope,android.sensor.gyroscope_Event_0.data,506,4,0,0,0,epoch milliseconds (2018-03-08 11:08:08.764000),10.0,
S7_Openotherlid_2_extracted,Event_1,JinsAccelerometer,JinsAccelerometer_Event_1.data,99,4,0,0,0,epoch milliseconds (2018-03-08 11:08:21.300000),52.0,
S7_Openotherlid_2_extracted,Event_1,JinsBlinkSpeed,JinsBlinkSpeed_Event_1.data,99,2,0,0,0,epoch milliseconds (2018-03-08 11:08:21.300000),52.0,
S7_Openotherlid_2_extracted,Event_1,JinsBlinkStrength,JinsBlinkStrength_Event_1.data,99,2,0,0,0,epoch milliseconds (2018-03-08 11:08:21.300000),52.0,
S7_Openotherlid_2_extracted,Event_1,JinsEyeMovement,JinsEyeMovement_Event_1.data,99,5,0,0,0,epoch milliseconds (2018-03-08 11:08:21.300000),52.0,
S7_Openotherlid_2_extracted,Event_1,JinsGyroscope,JinsGyroscope_Event_1.data,99,4,0,0,0,epoch milliseconds (2018-03-08 11:08:21.300000),52.0,
S7_Openotherlid_2_extracted,Event_1,PhoneAccelerometer,PhoneAccelerometer_Event_1.data,1004,4,0,0,0,epoch milliseconds (2018-03-08 11:08:21.284000),5.0,
S7_Openotherlid_2_extracted,Event_1,PhoneGravity,PhoneGravity_Event_1.data,1005,4,0,0,0,epoch milliseconds (2018-03-08 11:08:21.281000),5.0,
S7_Openotherlid_2_extracted,Event_1,PhoneGyroscope,PhoneGyroscope_Event_1.data,1003,4,0,0,0,epoch milliseconds (2018-03-08 11:08:21.280000),5.0,
S7_Openotherlid_2_extracted,Event_1,PhoneLinearAccelerometer,PhoneLinearAccelerometer_Event_1.data,1003,4,0,0,0,epoch milliseconds (2018-03-08 11:08:21.284000),5.0,
S7_Openotherlid_2_extracted,Event_1,PhoneMagnetometer,PhoneMagnetometer_Event_1.data,501,4,0,0,0,epoch milliseconds (2018-03-08 11:08:21.288000),10.0,
S7_Openotherlid_2_extracted,Event_1,android.sensor.accelerometer,android.sensor.accelerometer_Event_1.data,495,4,0,0,0,epoch milliseconds (2018-03-08 11:08:21.281000),10.0,
S7_Openotherlid_2_extracted,Event_1,android.sensor.gyroscope,android.sensor.gyroscope_Event_1.data,495,4,0,0,0,epoch milliseconds (2018-03-08 11:08:21.289000),10.0,
S7_Openotherlid_2_extracted,Event_2,JinsAccelerometer,JinsAccelerometer_Event_2.data,101,4,0,0,0,epoch milliseconds (2018-03-08 11:08:34.303000),52.0,
S7_Openotherlid_2_extracted,Event_2,JinsBlinkSpeed,JinsBlinkSpeed_Event_2.data,101,2,0,0,0,epoch milliseconds (2018-03-08 11:08:34.303000),52.0,
S7_Openotherlid_2_extracted,Event_2,JinsBlinkStrength,JinsBlinkStrength_Event_2.data,101,2,0,0,0,epoch milliseconds (2018-03-08 11:08:34.303000),52.0,
S7_Openotherlid_2_extracted,Event_2,JinsEyeMovement,JinsEyeMovement_Event_2.data,101,5,0,0,0,epoch milliseconds (2018-03-08 11:08:34.303000),52.0,
S7_Openotherlid_2_extracted,Event_2,JinsGyroscope,JinsGyroscope_Event_2.data,101,4,0,0,0,epoch milliseconds (2018-03-08 11:08:34.303000),52.0,
S7_Openotherlid_2_extracted,Event_2,PhoneAccelerometer,PhoneAccelerometer_Event_2.data,1006,4,0,0,0,epoch milliseconds (2018-03-08 11:08:34.262000),5.0,
S7_Openotherlid_2_extracted,Event_2,PhoneGravity,PhoneGravity_Event_2.data,1003,4,0,0,0,epoch milliseconds (2018-03-08 11:08:34.261000),5.0,
S7_Openotherlid_2_extracted,Event_2,PhoneGyroscope,PhoneGyroscope_Event_2.data,1005,4,0,0,0,epoch milliseconds (2018-03-08 11:08:34.261000),5.0,
S7_Openotherlid_2_extracted,Event_2,PhoneLinearAccelerometer,PhoneLinearAccelerometer_Event_2.data,1003,4,0,0,0,epoch milliseconds (2018-03-08 11:08:34.263000),5.0,
S7_Openotherlid_2_extracted,Event_2,PhoneMagnetometer,PhoneMagnetometer_Event_2.data,501,4,0,0,0,epoch milliseconds (2018-03-08 11:08:34.266000),10.0,
S7_Openotherlid_2_extracted,Event_2,android.sensor.accelerometer,android.sensor.accelerometer_Event_2.data,507,4,0,0,0,epoch milliseconds (2018-03-08 11:08:34.266000),10.0,
S7_Openotherlid_2_extracted,Event_2,android.sensor.gyroscope,android.sensor.gyroscope_Event_2.data,507,4,0,0,0,epoch milliseconds (2018-03-08 11:08:34.265000),10.0,
S7_Openotherlid_2_extracted,Event_3,JinsAccelerometer,JinsAccelerometer_Event_3.data,99,4,0,0,0,epoch milliseconds (2018-03-08 11:08:46.839000),52.0,
S7_Openotherlid_2_extracted,Event_3,JinsBlinkSpeed,JinsBlinkSpeed_Event_3.data,99,2,0,0,0,epoch milliseconds (2018-03-08 11:08:46.839000),52.0,
S7_Openotherlid_2_extracted,Event_3,JinsBlinkStrength,JinsBlinkStrength_Event_3.data,99,2,0,0,0,epoch milliseconds (2018-03-08 11:08:46.839000),52.0,
S7_Openotherlid_2_extracted,Event_3,JinsEyeMovement,JinsEyeMovement_Event_3.data,99,5,0,0,0,epoch milliseconds (2018-03-08 11:08:46.839000),52.0,
S7_Openotherlid_2_extracted,Event_3,JinsGyroscope,JinsGyroscope_Event_3.data,99,4,0,0,0,epoch milliseconds (2018-03-08 11:08:46.839000),52.0,
S7_Openotherlid_2_extracted,Event_3,PhoneAccelerometer,PhoneAccelerometer_Event_3.data,1003,4,0,0,0,epoch milliseconds (2018-03-08 11:08:46.792000),5.0,
S7_Openotherlid_2_extracted,Event_3,PhoneGravity,PhoneGravity_Event_3.data,997,4,0,0,0,epoch milliseconds (2018-03-08 11:08:46.796000),5.0,
S7_Openotherlid_2_extracted,Event_3,PhoneGyroscope,PhoneGyroscope_Event_3.data,1002,4,0,0,0,epoch milliseconds (2018-03-08 11:08:46.796000),5.0,
S7_Openotherlid_2_extracted,Event_3,PhoneLinearAccelerometer,PhoneLinearAccelerometer_Event_3.data,1003,4,0,0,0,epoch milliseconds (2018-03-08 11:08:46.793000),5.0,
S7_Openotherlid_2_extracted,Event_3,PhoneMagnetometer,PhoneMagnetometer_Event_3.data,501,4,0,0,0,epoch milliseconds (2018-03-08 11:08:46.795000),10.0,
S7_Openotherlid_2_extracted,Event_3,android.sensor.accelerometer,android.sensor.accelerometer_Event_3.data,494,4,0,0,0,epoch milliseconds (2018-03-08 11:08:46.796000),10.0,
S7_Openotherlid_2_extracted,Event_3,android.sensor.gyroscope,android.sensor.gyroscope_Event_3.data,494,4,0,0,0,epoch milliseconds (2018-03-08 11:08:46.792000),10.0,
S7_Openotherlid_2_extracted,Event_4,JinsAccelerometer,JinsAccelerometer_Event_4.data,100,4,0,0,0,epoch milliseconds (2018-03-08 11:08:58.785000),52.0,
S7_Openotherlid_2_extracted,Event_4,JinsBlinkSpeed,JinsBlinkSpeed_Event_4.data,100,2,0,0,0,epoch milliseconds (2018-03-08 11:08:58.785000),52.0,
S7_Openotherlid_2_extracted,Event_4,JinsBlinkStrength,JinsBlinkStrength_Event_4.data,100,2,0,0,0,epoch milliseconds (2018-03-08 11:08:58.785000),52.0,
S7_Openotherlid_2_extracted,Event_4,JinsEyeMovement,JinsEyeMovement_Event_4.data,100,5,0,0,0,epoch milliseconds (2018-03-08 11:08:58.785000),52.0,
S7_Openotherlid_2_extracted,Event_4,JinsGyroscope,JinsGyroscope_Event_4.data,100,4,0,0,0,epoch milliseconds (2018-03-08 11:08:58.785000),52.0,
S7_Openotherlid_2_extracted,Event_4,PhoneAccelerometer,PhoneAccelerometer_Event_4.data,1003,4,0,0,0,epoch milliseconds (2018-03-08 11:08:58.706000),5.0,
S7_Openotherlid_2_extracted,Event_4,PhoneGravity,PhoneGravity_Event_4.data,1003,4,0,0,0,epoch milliseconds (2018-03-08 11:08:58.708000),5.0,
S7_Openotherlid_2_extracted,Event_4,PhoneGyroscope,PhoneGyroscope_Event_4.data,1004,4,0,0,0,epoch milliseconds (2018-03-08 11:08:58.709000),5.0,
S7_Openotherlid_2_extracted,Event_4,PhoneLinearAccelerometer,PhoneLinearAccelerometer_Event_4.data,1003,4,0,0,0,epoch milliseconds (2018-03-08 11:08:58.710000),5.0,
S7_Openotherlid_2_extracted,Event_4,PhoneMagnetometer,PhoneMagnetometer_Event_4.data,500,4,0,0,0,epoch milliseconds (2018-03-08 11:08:58.715000),10.0,
S7_Openotherlid_2_extracted,Event_4,android.sensor.accelerometer,android.sensor.accelerometer_Event_4.data,496,4,0,0,0,epoch milliseconds (2018-03-08 11:08:58.707000),10.0,
S7_Openotherlid_2_extracted,Event_4,android.sensor.gyroscope,android.sensor.gyroscope_Event_4.data,495,4,0,0,0,epoch milliseconds (2018-03-08 11:08:58.711000),10.0,
S7_Openotherlid_2_extracted,Event_5,JinsAccelerometer,JinsAccelerometer_Event_5.data,103,4,0,0,0,epoch milliseconds (2018-03-08 11:09:11.701000),52.0,
S7_Openotherlid_2_extracted,Event_5,JinsBlinkSpeed,JinsBlinkSpeed_Event_5.data,103,2,0,0,0,epoch milliseconds (2018-03-08 11:09:11.701000),52.0,
S7_Openotherlid_2_extracted,Event_5,JinsBlinkStrength,JinsBlinkStrength_Event_5.data,103,2,0,0,0,epoch milliseconds (2018-03-08 11:09:11.701000),52.0,
S7_Openotherlid_2_extracted,Event_5,JinsEyeMovement,JinsEyeMovement_Event_5.data,103,5,0,0,0,epoch milliseconds (2018-03-08 11:09:11.701000),52.0,
S7_Openotherlid_2_extracted,Event_5,JinsGyroscope,JinsGyroscope_Event_5.data,103,4,0,0,0,epoch milliseconds (2018-03-08 11:09:11.701000),52.0,
S7_Openotherlid_2_extracted,Event_5,PhoneAccelerometer,PhoneAccelerometer_Event_5.data,1005,4,0,0,0,epoch milliseconds (2018-03-08 11:09:11.672000),5.0,
S7_Openotherlid_2_extracted,Event_5,PhoneGravity,PhoneGravity_Event_5.data,1002,4,0,0,0,epoch milliseconds (2018-03-08 11:09:11.675000),5.0,
S7_Openotherlid_2_extracted,Event_5,PhoneGyroscope,PhoneGyroscope_Event_5.data,1002,4,0,0,0,epoch milliseconds (2018-03-08 11:09:11.673000),5.0,
S7_Openotherlid_2_extracted,Event_5,PhoneLinearAccelerometer,PhoneLinearAccelerometer_Event_5.data,1002,4,0,0,0,epoch milliseconds (2018-03-08 11:09:11.675000),5.0,
S7_Openotherlid_2_extracted,Event_5,PhoneMagnetometer,PhoneMagnetometer_Event_5.data,501,4,0,0,0,epoch milliseconds (2018-03-08 11:09:11.679000),10.0,
S7_Openotherlid_2_extracted,Event_5,android.sensor.accelerometer,android.sensor.accelerometer_Event_5.data,500,4,0,0,0,epoch milliseconds (2018-03-08 11:09:11.675000),10.0,
S7_Openotherlid_2_extracted,Event_5,android.sensor.gyroscope,android.sensor.gyroscope_Event_5.data,499,4,0,0,0,epoch milliseconds (2018-03-08 11:09:11.680000),10.0,
S7_Openotherlid_2_extracted,Event_6,JinsAccelerometer,JinsAccelerometer_Event_6.data,110,4,0,0,0,epoch milliseconds (2018-03-08 11:09:21.730000),52.0,
S7_Openotherlid_2_extracted,Event_6,JinsBlinkSpeed,JinsBlinkSpeed_Event_6.data,110,2,0,0,0,epoch milliseconds (2018-03-08 11:09:21.730000),52.0,
S7_Openotherlid_2_extracted,Event_6,JinsBlinkStrength,JinsBlinkStrength_Event_6.data,110,2,0,0,0,epoch milliseconds (2018-03-08 11:09:21.730000),52.0,
S7_Openotherlid_2_extracted,Event_6,JinsEyeMovement,JinsEyeMovement_Event_6.data,110,5,0,0,0,epoch milliseconds (2018-03-08 11:09:21.730000),52.0,
S7_Openotherlid_2_extracted,Event_6,JinsGyroscope,JinsGyroscope_Event_6.data,110,4,0,0,0,epoch milliseconds (2018-03-08 11:09:21.730000),52.0,
S7_Openotherlid_2_extracted,Event_6,PhoneAccelerometer,PhoneAccelerometer_Event_6.data,1003,4,0,0,0,epoch milliseconds (2018-03-08 11:09:21.599000),5.0,
S7_Openotherlid_2_extracted,Event_6,PhoneGravity,PhoneGravity_Event_6.data,1004,4,0,0,0,epoch milliseconds (2018-03-08 11:09:21.598000),5.0,
S7_Openotherlid_2_extracted,Event_6,PhoneGyroscope,PhoneGyroscope_Event_6.data,1002,4,0,0,0,epoch milliseconds (2018-03-08 11:09:21.601000),5.0,
S7_Openotherlid_2_extracted,Event_6,PhoneLinearAccelerometer,PhoneLinearAccelerometer_Event_6.data,1005,4,0,0,0,epoch milliseconds (2018-03-08 11:09:21.598000),5.0,
S7_Openotherlid_2_extracted,Event_6,PhoneMagnetometer,PhoneMagnetometer_Event_6.data,501,4,0,0,0,epoch milliseconds (2018-03-08 11:09:21.599000),10.0,
S7_Openotherlid_2_extracted,Event_6,android.sensor.accelerometer,android.sensor.accelerometer_Event_6.data,503,4,0,0,0,epoch milliseconds (2018-03-08 11:09:21.603000),10.0,
S7_Openotherlid_2_extracted,Event_6,android.sensor.gyroscope,android.sensor.gyroscope_Event_6.data,503,4,0,0,0,epoch milliseconds (2018-03-08 11:09:21.602000),10.0,
S7_Opensmallbox_1_extracted,Event_0,JinsAccelerometer,JinsAccelerometer_Event_0.data,100,4,0,0,0,epoch milliseconds (2018-03-05 14:52:30.761000),53.0,
S7_Opensmallbox_1_extracted,Event_0,JinsBlinkSpeed,JinsBlinkSpeed_Event_0.data,100,2,0,0,0,epoch milliseconds (2018-03-05 14:52:30.761000),53.0,
S7_Opensmallbox_1_extracted,Event_0,JinsBlinkStrength,JinsBlinkStrength_Event_0.data,100,2,0,0,0,epoch milliseconds (2018-03-05 14:52:30.761000),53.0,
S7_Opensmallbox_1_extracted,Event_0,JinsEyeMovement,JinsEyeMovement_Event_0.data,100,5,0,0,0,epoch milliseconds (2018-03-05 14:52:30.761000),53.0,
S7_Opensmallbox_1_extracted,Event_0,JinsGyroscope,JinsGyroscope_Event_0.data,100,4,0,0,0,epoch milliseconds (2018-03-05 14:52:30.761000),53.0,
S7_Opensmallbox_1_extracted,Event_0,PhoneAccelerometer,PhoneAccelerometer_Event_0.data,1004,4,0,0,0,epoch milliseconds (2018-03-05 14:52:30.709000),5.0,
S7_Opensmallbox_1_extracted,Event_0,PhoneGravity,PhoneGravity_Event_0.data,1002,4,0,0,0,epoch milliseconds (2018-03-05 14:52:30.711000),5.0,
S7_Opensmallbox_1_extracted,Event_0,PhoneGyroscope,PhoneGyroscope_Event_0.data,1004,4,0,0,0,epoch milliseconds (2018-03-05 14:52:30.710000),5.0,
S7_Opensmallbox_1_extracted,Event_0,PhoneLinearAccelerometer,PhoneLinearAccelerometer_Event_0.data,1003,4,0,0,0,epoch milliseconds (2018-03-05 14:52:30.712000),5.0,
S7_Opensmallbox_1_extracted,Event_0,PhoneMagnetometer,PhoneMagnetometer_Event_0.data,501,4,0,0,0,epoch milliseconds (2018-03-05 14:52:30.710000),10.0,
S7_Opensmallbox_1_extracted,Event_0,android.sensor.accelerometer,android.sensor.accelerometer_Event_0.data,503,4,0,0,0,epoch milliseconds (2018-03-05 14:52:30.718000),10.0,
S7_Opensmallbox_1_extracted,Event_0,android.sensor.gyroscope,android.sensor.gyroscope_Event_0.data,503,4,0,0,0,epoch milliseconds (2018-03-05 14:52:30.715000),10.0,
S7_Opensmallbox_1_extracted,Event_1,JinsAccelerometer,JinsAccelerometer_Event_1.data,101,4,0,0,0,epoch milliseconds (2018-03-05 14:52:46.405000),52.0,
S7_Opensmallbox_1_extracted,Event_1,JinsBlinkSpeed,JinsBlinkSpeed_Event_1.data,101,2,0,0,0,epoch milliseconds (2018-03-05 14:52:46.405000),52.0,
S7_Opensmallbox_1_extracted,Event_1,JinsBlinkStrength,JinsBlinkStrength_Event_1.data,101,2,0,0,0,epoch milliseconds (2018-03-05 14:52:46.405000),52.0,
S7_Opensmallbox_1_extracted,Event_1,JinsEyeMovement,JinsEyeMovement_Event_1.data,101,5,0,0,0,epoch milliseconds (2018-03-05 14:52:46.405000),52.0,
S7_Opensmallbox_1_extracted,Event_1,JinsGyroscope,JinsGyroscope_Event_1.data,101,4,0,0,0,epoch milliseconds (2018-03-05 14:52:46.405000),52.0,
S7_Opensmallbox_1_extracted,Event_1,PhoneAccelerometer,PhoneAccelerometer_Event_1.data,1003,4,0,0,0,epoch milliseconds (2018-03-05 14:52:46.404000),5.0,
S7_Opensmallbox_1_extracted,Event_1,PhoneGravity,PhoneGravity_Event_1.data,1004,4,0,0,0,epoch milliseconds (2018-03-05 14:52:46.400000),5.0,
S7_Opensmallbox_1_extracted,Event_1,PhoneGyroscope,PhoneGyroscope_Event_1.data,1004,4,0,0,0,epoch milliseconds (2018-03-05 14:52:46.400000),5.0,
S7_Opensmallbox_1_extracted,Event_1,PhoneLinearAccelerometer,PhoneLinearAccelerometer_Event_1.data,1003,4,0,0,0,epoch milliseconds (2018-03-05 14:52:46.403000),5.0,
S7_Opensmallbox_1_extracted,Event_1,PhoneMagnetometer,PhoneMagnetometer_Event_1.data,501,4,0,0,0,epoch milliseconds (2018-03-05 14:52:46.406000),10.0,
S7_Opensmallbox_1_extracted,Event_1,android.sensor.accelerometer,android.sensor.accelerometer_Event_1.data,503,4,0,0,0,epoch milliseconds (2018-03-05 14:52:46.404000),10.0,
S7_Opensmallbox_1_extracted,Event_1,android.sensor.gyroscope,android.sensor.gyroscope_Event_1.data,503,4,0,0,0,epoch milliseconds (2018-03-05 14:52:46.400000),10.0,
S7_Opensmallbox_1_extracted,Event_2,JinsAccelerometer,JinsAccelerometer_Event_2.data,100,4,0,0,0,epoch milliseconds (2018-03-05 14:53:03.965000),53.0,
S7_Opensmallbox_1_extracted,Event_2,JinsBlinkSpeed,JinsBlinkSpeed_Event_2.data,100,2,0,0,0,epoch milliseconds (2018-03-05 14:53:03.965000),53.0,
S7_Opensmallbox_1_extracted,Event_2,JinsBlinkStrength,JinsBlinkStrength_Event_2.data,100,2,0,0,0,epoch milliseconds (2018-03-05 14:53:03.965000),53.0,
S7_Opensmallbox_1_extracted,Event_2,JinsEyeMovement,JinsEyeMovement_Event_2.data,100,5,0,0,0,epoch milliseconds (2018-03-05 14:53:03.965000),53.0,
S7_Opensmallbox_1_extracted,Event_2,JinsGyroscope,JinsGyroscope_Event_2.data,100,4,0,0,0,epoch milliseconds (2018-03-05 14:53:03.965000),53.0,
S7_Opensmallbox_1_extracted,Event_2,PhoneAccelerometer,PhoneAccelerometer_Event_2.data,1004,4,0,0,0,epoch milliseconds (2018-03-05 14:53:03.935000),5.0,
S7_Opensmallbox_1_extracted,Event_2,PhoneGravity,PhoneGravity_Event_2.data,1007,4,0,0,0,epoch milliseconds (2018-03-05 14:53:03.938000),5.0,
S7_Opensmallbox_1_extracted,Event_2,PhoneGyroscope,PhoneGyroscope_Event_2.data,1008,4,0,0,0,epoch milliseconds (2018-03-05 14:53:03.934000),5.0,
S7_Opensmallbox_1_extracted,Event_2,PhoneLinearAccelerometer,PhoneLinearAccelerometer_Event_2.data,1007,4,0,0,0,epoch milliseconds (2018-03-05 14:53:03.935000),5.0,
S7_Opensmallbox_1_extracted,Event_2,PhoneMagnetometer,PhoneMagnetometer_Event_2.data,496,4,0,0,0,epoch milliseconds (2018-03-05 14:53:03.938000),10.0,
S7_Opensmallbox_1_extracted,Event_2,android.sensor.accelerometer,android.sensor.accelerometer_Event_2.data,496,4,0,0,0,epoch milliseconds (2018-03-05 14:53:03.942000),10.0,
S7_Opensmallbox_1_extracted,Event_2,android.sensor.gyroscope,android.sensor.gyroscope_Event_2.data,496,4,0,0,0,epoch milliseconds (2018-03-05 14:53:03.936000),10.0,
S7_Opensmallbox_1_extracted,Event_3,JinsAccelerometer,JinsAccelerometer_Event_3.data,100,4,0,0,0,epoch milliseconds (2018-03-05 14:53:17.147000),52.0,
S7_Opensmallbox_1_extracted,Event_3,JinsBlinkSpeed,JinsBlinkSpeed_Event_3.data,100,2,0,0,0,epoch milliseconds (2018-03-05 14:53:17.147000),52.0,
S7_Opensmallbox_1_extracted,Event_3,JinsBlinkStrength,JinsBlinkStrength_Event_3.data,100,2,0,0,0,epoch milliseconds (2018-03-05 14:53:17.147000),52.0,
S7_Opensmallbox_1_extracted,Event_3,JinsEyeMovement,JinsEyeMovement_Event_3.data,100,5,0,0,0,epoch milliseconds (2018-03-05 14:53:17.147000),52.0,
S7_Opensmallbox_1_extracted,Event_3,JinsGyroscope,JinsGyroscope_Event_3.data,100,4,0,0,0,epoch milliseconds (2018-03-05 14:53:17.147000),52.0,
S7_Opensmallbox_1_extracted,Event_3,PhoneAccelerometer,PhoneAccelerometer_Event_3.data,1005,4,0,0,0,epoch milliseconds (2018-03-05 14:53:17.137000),5.0,
S7_Opensmallbox_1_extracted,Event_3,PhoneGravity,PhoneGravity_Event_3.data,1001,4,0,0,0,epoch milliseconds (2018-03-05 14:53:17.141000),5.0,
S7_Opensmallbox_1_extracted,Event_3,PhoneGyroscope,PhoneGyroscope_Event_3.data,1003,4,0,0,0,epoch milliseconds (2018-03-05 14:53:17.139000),5.0,
S7_Opensmallbox_1_extracted,Event_3,PhoneLinearAccelerometer,PhoneLinearAccelerometer_Event_3.data,1002,4,0,0,0,epoch milliseconds (2018-03-05 14:53:17.139000),5.0,
S7_Opensmallbox_1_extracted,Event_3,PhoneMagnetometer,PhoneMagnetometer_Event_3.data,501,4,0,0,0,epoch milliseconds (2018-03-05 14:53:17.141000),10.0,
S7_Opensmallbox_1_extracted,Event_3,android.sensor.accelerometer,android.sensor.accelerometer_Event_3.data,505,4,0,0,0,epoch milliseconds (2018-03-05 14:53:17.138000),10.0,
S7_Opensmallbox_1_extracted,Event_3,android.sensor.gyroscope,android.sensor.gyroscope_Event_3.data,505,4,0,0,0,epoch milliseconds (2018-03-05 14:53:17.146000),10.0,
S7_Opensmallbox_1_extracted,Event_4,JinsAccelerometer,JinsAccelerometer_Event_4.data,100,4,0,0,0,epoch milliseconds (2018-03-05 14:53:33.257000),52.0,
S7_Opensmallbox_1_extracted,Event_4,JinsBlinkSpeed,JinsBlinkSpeed_Event_4.data,100,2,0,0,0,epoch milliseconds (2018-03-05 14:53:33.257000),52.0,
S7_Opensmallbox_1_extracted,Event_4,JinsBlinkStrength,JinsBlinkStrength_Event_4.data,100,2,0,0,0,epoch milliseconds (2018-03-05 14:53:33.257000),52.0,
S7_Opensmallbox_1_extracted,Event_4,JinsEyeMovement,JinsEyeMovement_Event_4.data,100,5,0,0,0,epoch milliseconds (2018-03-05 14:53:33.257000),52.0,
S7_Opensmallbox_1_extracted,Event_4,JinsGyroscope,JinsGyroscope_Event_4.data,100,4,0,0,0,epoch milliseconds (2018-03-05 14:53:33.257000),52.0,
S7_Opensmallbox_1_extracted,Event_4,PhoneAccelerometer,PhoneAccelerometer_Event_4.data,1003,4,0,0,0,epoch milliseconds (2018-03-05 14:53:33.224000),5.0,
S7_Opensmallbox_1_extracted,Event_4,PhoneGravity,PhoneGravity_Event_4.data,1005,4,0,0,0,epoch milliseconds (2018-03-05 14:53:33.226000),5.0,
S7_Opensmallbox_1_extracted,Event_4,PhoneGyroscope,PhoneGyroscope_Event_4.data,1003,4,0,0,0,epoch milliseconds (2018-03-05 14:53:33.224000),5.0,
S7_Opensmallbox_1_extracted,Event_4,PhoneLinearAccelerometer,PhoneLinearAccelerometer_Event_4.data,1004,4,0,0,0,epoch milliseconds (2018-03-05 14:53:33.222000),5.0,
S7_Opensmallbox_1_extracted,Event_4,PhoneMagnetometer,PhoneMagnetometer_Event_4.data,500,4,0,0,0,epoch milliseconds (2018-03-05 14:53:33.231000),10.0,
S7_Opensmallbox_1_extracted,Event_4,android.sensor.accelerometer,android.sensor.accelerometer_Event_4.data,507,4,0,0,0,epoch milliseconds (2018-03-05 14:53:33.225000),10.0,
S7_Opensmallbox_1_extracted,Event_4,android.sensor.gyroscope,android.sensor.gyroscope_Event_4.data,506,4,0,0,0,epoch milliseconds (2018-03-05 14:53:33.230000),10.0,
S7_Opensmallbox_1_extracted,Event_5,JinsAccelerometer,JinsAccelerometer_Event_5.data,100,4,0,0,0,epoch milliseconds (2018-03-05 14:53:54.389000),52.0,
S7_Opensmallbox_1_extracted,Event_5,JinsBlinkSpeed,JinsBlinkSpeed_Event_5.data,100,2,0,0,0,epoch milliseconds (2018-03-05 14:53:54.389000),52.0,
S7_Opensmallbox_1_extracted,Event_5,JinsBlinkStrength,JinsBlinkStrength_Event_5.data,100,2,0,0,0,epoch milliseconds (2018-03-05 14:53:54.389000),52.0,
S7_Opensmallbox_1_extracted,Event_5,JinsEyeMovement,JinsEyeMovement_Event_5.data,100,5,0,0,0,epoch milliseconds (2018-03-05 14:53:54.389000),52.0,
S7_Opensmallbox_1_extracted,Event_5,JinsGyroscope,JinsGyroscope_Event_5.data,100,4,0,0,0,epoch milliseconds (2018-03-05 14:53:54.389000),52.0,
S7_Opensmallbox_1_extracted,Event_5,PhoneAccelerometer,PhoneAccelerometer_Event_5.data,1011,4,0,0,0,epoch milliseconds (2018-03-05 14:53:54.378000),5.0,
S7_Opensmallbox_1_extracted,Event_5,PhoneGravity,PhoneGravity_Event_5.data,1005,4,0,0,0,epoch milliseconds (2018-03-05 14:53:54.379000),5.0,
S7_Opensmallbox_1_extracted,Event_5,PhoneGyroscope,PhoneGyroscope_Event_5.data,1005,4,0,0,0,epoch milliseconds (2018-03-05 14:53:54.380000),5.0,
S7_Opensmallbox_1_extracted,Event_5,PhoneLinearAccelerometer,PhoneLinearAccelerometer_Event_5.data,1005,4,0,0,0,epoch milliseconds (2018-03-05 14:53:54.380000),5.0,
S7_Opensmallbox_1_extracted,Event_5,PhoneMagnetometer,PhoneMagnetometer_Event_5.data,501,4,0,0,0,epoch milliseconds (2018-03-05 14:53:54.383000),10.0,
S7_Opensmallbox_1_extracted,Event_5,android.sensor.accelerometer,android.sensor.accelerometer_Event_5.data,497,4,0,0,0,epoch milliseconds (2018-03-05 14:53:54.381000),10.0,
S7_Opensmallbox_1_extracted,Event_5,android.sensor.gyroscope,android.sensor.gyroscope_Event_5.data,497,4,0,0,0,epoch milliseconds (2018-03-05 14:53:54.379000),10.0,
S7_Opensmallbox_1_extracted,Event_6,JinsAccelerometer,JinsAccelerometer_Event_6.data,100,4,0,0,0,epoch milliseconds (2018-03-05 14:54:11.352000),52.0,
S7_Opensmallbox_1_extracted,Event_6,JinsBlinkSpeed,JinsBlinkSpeed_Event_6.data,100,2,0,0,0,epoch milliseconds (2018-03-05 14:54:11.352000),52.0,
S7_Opensmallbox_1_extracted,Event_6,JinsBlinkStrength,JinsBlinkStrength_Event_6.data,100,2,0,0,0,epoch milliseconds (2018-03-05 14:54:11.352000),52.0,
S7_Opensmallbox_1_extracted,Event_6,JinsEyeMovement,JinsEyeMovement_Event_6.data,100,5,0,0,0,epoch milliseconds (2018-03-05 14:54:11.352000),52.0,
S7_Opensmallbox_1_extracted,Event_6,JinsGyroscope,JinsGyroscope_Event_6.data,100,4,0,0,0,epoch milliseconds (2018-03-05 14:54:11.352000),52.0,
S7_Opensmallbox_1_extracted,Event_6,PhoneAccelerometer,PhoneAccelerometer_Event_6.data,1003,4,0,0,0,epoch milliseconds (2018-03-05 14:54:11.337000),5.0,
S7_Opensmallbox_1_extracted,Event_6,PhoneGravity,PhoneGravity_Event_6.data,1004,4,0,0,0,epoch milliseconds (2018-03-05 14:54:11.337000),5.0,
S7_Opensmallbox_1_extracted,Event_6,PhoneGyroscope,PhoneGyroscope_Event_6.data,1003,4,0,0,0,epoch milliseconds (2018-03-05 14:54:11.337000),5.0,
S7_Opensmallbox_1_extracted,Event_6,PhoneLinearAccelerometer,PhoneLinearAccelerometer_Event_6.data,1004,4,0,0,0,epoch milliseconds (2018-03-05 14:54:11.334000),5.0,
S7_Opensmallbox_1_extracted,Event_6,PhoneMagnetometer,PhoneMagnetometer_Event_6.data,501,4,0,0,0,epoch milliseconds (2018-03-05 14:54:11.336000),10.0,
S7_Opensmallbox_1_extracted,Event_6,android.sensor.accelerometer,android.sensor.accelerometer_Event_6.data,502,4,0,0,0,epoch milliseconds (2018-03-05 14:54:11.341000),10.0,
S7_Opensmallbox_1_extracted,Event_6,android.sensor.gyroscope,android.sensor.gyroscope_Event_6.data,503,4,0,0,0,epoch milliseconds (2018-03-05 14:54:11.336000),10.0,
S7_Opensmallbox_2_extracted,Event_0,JinsAccelerometer,JinsAccelerometer_Event_0.data,99,4,0,0,0,epoch milliseconds (2018-03-05 14:58:02.604000),52.0,
S7_Opensmallbox_2_extracted,Event_0,JinsBlinkSpeed,JinsBlinkSpeed_Event_0.data,99,2,0,0,0,epoch milliseconds (2018-03-05 14:58:02.604000),52.0,
S7_Opensmallbox_2_extracted,Event_0,JinsBlinkStrength,JinsBlinkStrength_Event_0.data,99,2,0,0,0,epoch milliseconds (2018-03-05 14:58:02.604000),52.0,
S7_Opensmallbox_2_extracted,Event_0,JinsEyeMovement,JinsEyeMovement_Event_0.data,99,5,0,0,0,epoch milliseconds (2018-03-05 14:58:02.604000),52.0,
S7_Opensmallbox_2_extracted,Event_0,JinsGyroscope,JinsGyroscope_Event_0.data,99,4,0,0,0,epoch milliseconds (2018-03-05 14:58:02.604000),52.0,
S7_Opensmallbox_2_extracted,Event_0,PhoneAccelerometer,PhoneAccelerometer_Event_0.data,1003,4,0,0,0,epoch milliseconds (2018-03-05 14:58:02.563000),5.0,
S7_Opensmallbox_2_extracted,Event_0,PhoneGravity,PhoneGravity_Event_0.data,1004,4,0,0,0,epoch milliseconds (2018-03-05 14:58:02.562000),5.0,
S7_Opensmallbox_2_extracted,Event_0,PhoneGyroscope,PhoneGyroscope_Event_0.data,1000,4,0,0,0,epoch milliseconds (2018-03-05 14:58:02.560000),5.0,
S7_Opensmallbox_2_extracted,Event_0,PhoneLinearAccelerometer,PhoneLinearAccelerometer_Event_0.data,1002,4,0,0,0,epoch milliseconds (2018-03-05 14:58:02.565000),5.0,
S7_Opensmallbox_2_extracted,Event_0,PhoneMagnetometer,PhoneMagnetometer_Event_0.data,501,4,0,0,0,epoch milliseconds (2018-03-05 14:58:02.561000),10.0,
S7_Opensmallbox_2_extracted,Event_0,android.sensor.accelerometer,android.sensor.accelerometer_Event_0.data,501,4,0,0,0,epoch milliseconds (2018-03-05 14:58:02.560000),10.0,
S7_Opensmallbox_2_extracted,Event_0,android.sensor.gyroscope,android.sensor.gyroscope_Event_0.data,499,4,0,0,0,epoch milliseconds (2018-03-05 14:58:02.569000),10.0,
S7_Opensmallbox_2_extracted,Event_1,JinsAccelerometer,JinsAccelerometer_Event_1.data,100,4,0,0,0,epoch milliseconds (2018-03-05 14:58:20.949000),52.0,
S7_Opensmallbox_2_extracted,Event_1,JinsBlinkSpeed,JinsBlinkSpeed_Event_1.data,100,2,0,0,0,epoch milliseconds (2018-03-05 14:58:20.949000),52.0,
S7_Opensmallbox_2_extracted,Event_1,JinsBlinkStrength,JinsBlinkStrength_Event_1.data,100,2,0,0,0,epoch milliseconds (2018-03-05 14:58:20.949000),52.0,
S7_Opensmallbox_2_extracted,Event_1,JinsEyeMovement,JinsEyeMovement_Event_1.data,100,5,0,0,0,epoch milliseconds (2018-03-05 14:58:20.949000),52.0,
S7_Opensmallbox_2_extracted,Event_1,JinsGyroscope,JinsGyroscope_Event_1.data,100,4,0,0,0,epoch milliseconds (2018-03-05 14:58:20.949000),52.0,
S7_Opensmallbox_2_extracted,Event_1,PhoneAccelerometer,PhoneAccelerometer_Event_1.data,1003,4,0,0,0,epoch milliseconds (2018-03-05 14:58:20.903000),5.0,
S7_Opensmallbox_2_extracted,Event_1,PhoneGravity,PhoneGravity_Event_1.data,1006,4,0,0,0,epoch milliseconds (2018-03-05 14:58:20.901000),5.0,
S7_Opensmallbox_2_extracted,Event_1,PhoneGyroscope,PhoneGyroscope_Event_1.data,1005,4,0,0,0,epoch milliseconds (2018-03-05 14:58:20.904000),5.0,
S7_Opensmallbox_2_extracted,Event_1,PhoneLinearAccelerometer,PhoneLinearAccelerometer_Event_1.data,1003,4,0,0,0,epoch milliseconds (2018-03-05 14:58:20.904000),5.0,
S7_Opensmallbox_2_extracted,Event_1,PhoneMagnetometer,PhoneMagnetometer_Event_1.data,501,4,0,0,0,epoch milliseconds (2018-03-05 14:58:20.905000),10.0,
S7_Opensmallbox_2_extracted,Event_1,android.sensor.accelerometer,android.sensor.accelerometer_Event_1.data,499,4,0,0,0,epoch milliseconds (2018-03-05 14:58:20.936000),10.0,
S7_Opensmallbox_2_extracted,Event_1,android.sensor.gyroscope,android.sensor.gyroscope_Event_1.data,500,4,0,0,0,epoch milliseconds (2018-03-05 14:58:20.930000),10.0,
S7_Opensmallbox_2_extracted,Event_2,JinsAccelerometer,JinsAccelerometer_Event_2.data,101,4,0,0,0,epoch milliseconds (2018-03-05 14:58:41.111000),53.0,
S7_Opensmallbox_2_extracted,Event_2,JinsBlinkSpeed,JinsBlinkSpeed_Event_2.data,101,2,0,0,0,epoch milliseconds (2018-03-05 14:58:41.111000),53.0,
S7_Opensmallbox_2_extracted,Event_2,JinsBlinkStrength,JinsBlinkStrength_Event_2.data,101,2,0,0,0,epoch milliseconds (2018-03-05 14:58:41.111000),53.0,
S7_Opensmallbox_2_extracted,Event_2,JinsEyeMovement,JinsEyeMovement_Event_2.data,101,5,0,0,0,epoch milliseconds (2018-03-05 14:58:41.111000),53.0,
S7_Opensmallbox_2_extracted,Event_2,JinsGyroscope,JinsGyroscope_Event_2.data,101,4,0,0,0,epoch milliseconds (2018-03-05 14:58:41.111000),53.0,
S7_Opensmallbox_2_extracted,Event_2,PhoneAccelerometer,PhoneAccelerometer_Event_2.data,1003,4,0,0,0,epoch milliseconds (2018-03-05 14:58:41.112000),5.0,
S7_Opensmallbox_2_extracted,Event_2,PhoneGravity,PhoneGravity_Event_2.data,1003,4,0,0,0,epoch milliseconds (2018-03-05 14:58:41.112000),5.0,
S7_Opensmallbox_2_extracted,Event_2,PhoneGyroscope,PhoneGyroscope_Event_2.data,1003,4,0,0,0,epoch milliseconds (2018-03-05 14:58:41.115000),5.0,
S7_Opensmallbox_2_extracted,Event_2,PhoneLinearAccelerometer,PhoneLinearAccelerometer_Event_2.data,1003,4,0,0,0,epoch milliseconds (2018-03-05 14:58:41.115000),5.0,
S7_Opensmallbox_2_extracted,Event_2,PhoneMagnetometer,PhoneMagnetometer_Event_2.data,501,4,0,0,0,epoch milliseconds (2018-03-05 14:58:41.111000),10.0,
S7_Opensmallbox_2_extracted,Event_2,android.sensor.accelerometer,android.sensor.accelerometer_Event_2.data,507,4,0,0,0,epoch milliseconds (2018-03-05 14:58:41.112000),10.0,
S7_Opensmallbox_2_extracted,Event_2,android.sensor.gyroscope,android.sensor.gyroscope_Event_2.data,506,4,0,0,0,epoch milliseconds (2018-03-05 14:58:41.116000),10.0,
S7_Opensmallbox_2_extracted,Event_3,JinsAccelerometer,JinsAccelerometer_Event_3.data,100,4,0,0,0,epoch milliseconds (2018-03-05 14:59:00.114000),53.0,
S7_Opensmallbox_2_extracted,Event_3,JinsBlinkSpeed,JinsBlinkSpeed_Event_3.data,100,2,0,0,0,epoch milliseconds (2018-03-05 14:59:00.114000),53.0,
S7_Opensmallbox_2_extracted,Event_3,JinsBlinkStrength,JinsBlinkStrength_Event_3.data,100,2,0,0,0,epoch milliseconds (2018-03-05 14:59:00.114000),53.0,
S7_Opensmallbox_2_extracted,Event_3,JinsEyeMovement,JinsEyeMovement_Event_3.data,100,5,0,0,0,epoch milliseconds (2018-03-05 14:59:00.114000),53.0,
S7_Opensmallbox_2_extracted,Event_3,JinsGyroscope,JinsGyroscope_Event_3.data,100,4,0,0,0,epoch milliseconds (2018-03-05 14:59:00.114000),53.0,
S7_Opensmallbox_2_extracted,Event_3,PhoneAccelerometer,PhoneAccelerometer_Event_3.data,1003,4,0,0,0,epoch milliseconds (2018-03-05 14:59:00.096000),5.0,
S7_Opensmallbox_2_extracted,Event_3,PhoneGravity,PhoneGravity_Event_3.data,1002,4,0,0,0,epoch milliseconds (2018-03-05 14:59:00.097000),5.0,
S7_Opensmallbox_2_extracted,Event_3,PhoneGyroscope,PhoneGyroscope_Event_3.data,1005,4,0,0,0,epoch milliseconds (2018-03-05 14:59:00.092000),5.0,
S7_Opensmallbox_2_extracted,Event_3,PhoneLinearAccelerometer,PhoneLinearAccelerometer_Event_3.data,1006,4,0,0,0,epoch milliseconds (2018-03-05 14:59:00.092000),5.0,
S7_Opensmallbox_2_extracted,Event_3,PhoneMagnetometer,PhoneMagnetometer_Event_3.data,501,4,0,0,0,epoch milliseconds (2018-03-05 14:59:00.093000),10.0,
S7_Opensmallbox_2_extracted,Event_3,android.sensor.accelerometer,android.sensor.accelerometer_Event_3.data,504,4,0,0,0,epoch milliseconds (2018-03-05 14:59:00.100000),10.0,
S7_Opensmallbox_2_extracted,Event_3,android.sensor.gyroscope,android.sensor.gyroscope_Event_3.data,504,4,0,0,0,epoch milliseconds (2018-03-05 14:59:00.095000),10.0,
S7_Opensmallbox_2_extracted,Event_4,JinsAccelerometer,JinsAccelerometer_Event_4.data,101,4,0,0,0,epoch milliseconds (2018-03-05 14:59:22.584000),52.0,
S7_Opensmallbox_2_extracted,Event_4,JinsBlinkSpeed,JinsBlinkSpeed_Event_4.data,101,2,0,0,0,epoch milliseconds (2018-03-05 14:59:22.584000),52.0,
S7_Opensmallbox_2_extracted,Event_4,JinsBlinkStrength,JinsBlinkStrength_Event_4.data,101,2,0,0,0,epoch milliseconds (2018-03-05 14:59:22.584000),52.0,
S7_Opensmallbox_2_extracted,Event_4,JinsEyeMovement,JinsEyeMovement_Event_4.data,101,5,0,0,0,epoch milliseconds (2018-03-05 14:59:22.584000),52.0,
S7_Opensmallbox_2_extracted,Event_4,JinsGyroscope,JinsGyroscope_Event_4.data,101,4,0,0,0,epoch milliseconds (2018-03-05 14:59:22.584000),52.0,
S7_Opensmallbox_2_extracted,Event_4,PhoneAccelerometer,PhoneAccelerometer_Event_4.data,1003,4,0,0,0,epoch milliseconds (2018-03-05 14:59:22.574000),5.0,
S7_Opensmallbox_2_extracted,Event_4,PhoneGravity,PhoneGravity_Event_4.data,1003,4,0,0,0,epoch milliseconds (2018-03-05 14:59:22.572000),5.0,
S7_Opensmallbox_2_extracted,Event_4,PhoneGyroscope,PhoneGyroscope_Event_4.data,1003,4,0,0,0,epoch milliseconds (2018-03-05 14:59:22.574000),5.0,
S7_Opensmallbox_2_extracted,Event_4,PhoneLinearAccelerometer,PhoneLinearAccelerometer_Event_4.data,1003,4,0,0,0,epoch milliseconds (2018-03-05 14:59:22.574000),5.0,
S7_Opensmallbox_2_extracted,Event_4,PhoneMagnetometer,PhoneMagnetometer_Event_4.data,501,4,0,0,0,epoch milliseconds (2018-03-05 14:59:22.575000),10.0,
S7_Opensmallbox_2_extracted,Event_4,android.sensor.accelerometer,android.sensor.accelerometer_Event_4.data,495,4,0,0,0,epoch milliseconds (2018-03-05 14:59:22.577000),10.0,
S7_Opensmallbox_2_extracted,Event_4,android.sensor.gyroscope,android.sensor.gyroscope_Event_4.data,495,4,0,0,0,epoch milliseconds (2018-03-05 14:59:22.572000),10.0,
S7_Opensmallbox_2_extracted,Event_5,JinsAccelerometer,JinsAccelerometer_Event_5.data,100,4,0,0,0,epoch milliseconds (2018-03-05 14:59:45.214000),52.0,
S7_Opensmallbox_2_extracted,Event_5,JinsBlinkSpeed,JinsBlinkSpeed_Event_5.data,100,2,0,0,0,epoch milliseconds (2018-03-05 14:59:45.214000),52.0,
S7_Opensmallbox_2_extracted,Event_5,JinsBlinkStrength,JinsBlinkStrength_Event_5.data,100,2,0,0,0,epoch milliseconds (2018-03-05 14:59:45.214000),52.0,
S7_Opensmallbox_2_extracted,Event_5,JinsEyeMovement,JinsEyeMovement_Event_5.data,100,5,0,0,0,epoch milliseconds (2018-03-05 14:59:45.214000),52.0,
S7_Opensmallbox_2_extracted,Event_5,JinsGyroscope,JinsGyroscope_Event_5.data,100,4,0,0,0,epoch milliseconds (2018-03-05 14:59:45.214000),52.0,
S7_Opensmallbox_2_extracted,Event_5,PhoneAccelerometer,PhoneAccelerometer_Event_5.data,1004,4,0,0,0,epoch milliseconds (2018-03-05 14:59:45.114000),5.0,
S7_Opensmallbox_2_extracted,Event_5,PhoneGravity,PhoneGravity_Event_5.data,1002,4,0,0,0,epoch milliseconds (2018-03-05 14:59:45.118000),5.0,
S7_Opensmallbox_2_extracted,Event_5,PhoneGyroscope,PhoneGyroscope_Event_5.data,1004,4,0,0,0,epoch milliseconds (2018-03-05 14:59:45.113000),5.0,
S7_Opensmallbox_2_extracted,Event_5,PhoneLinearAccelerometer,PhoneLinearAccelerometer_Event_5.data,1002,4,0,0,0,epoch milliseconds (2018-03-05 14:59:45.115000),5.0,
S7_Opensmallbox_2_extracted,Event_5,PhoneMagnetometer,PhoneMagnetometer_Event_5.data,501,4,0,0,0,epoch milliseconds (2018-03-05 14:59:45.116000),10.0,
S7_Opensmallbox_2_extracted,Event_5,android.sensor.accelerometer,android.sensor.accelerometer_Event_5.data,503,4,0,0,0,epoch milliseconds (2018-03-05 14:59:45.113000),10.0,
S7_Opensmallbox_2_extracted,Event_5,android.sensor.gyroscope,android.sensor.gyroscope_Event_5.data,503,4,0,0,0,epoch milliseconds (2018-03-05 14:59:45.118000),10.0,
S7_Opensmallbox_2_extracted,Event_6,JinsAccelerometer,JinsAccelerometer_Event_6.data,100,4,0,0,0,epoch milliseconds (2018-03-05 15:00:10.044000),52.0,
S7_Opensmallbox_2_extracted,Event_6,JinsBlinkSpeed,JinsBlinkSpeed_Event_6.data,100,2,0,0,0,epoch milliseconds (2018-03-05 15:00:10.044000),52.0,
S7_Opensmallbox_2_extracted,Event_6,JinsBlinkStrength,JinsBlinkStrength_Event_6.data,100,2,0,0,0,epoch milliseconds (2018-03-05 15:00:10.044000),52.0,
S7_Opensmallbox_2_extracted,Event_6,JinsEyeMovement,JinsEyeMovement_Event_6.data,100,5,0,0,0,epoch milliseconds (2018-03-05 15:00:10.044000),52.0,
S7_Opensmallbox_2_extracted,Event_6,JinsGyroscope,JinsGyroscope_Event_6.data,100,4,0,0,0,epoch milliseconds (2018-03-05 15:00:10.044000),52.0,
S7_Opensmallbox_2_extracted,Event_6,PhoneAccelerometer,PhoneAccelerometer_Event_6.data,1003,4,0,0,0,epoch milliseconds (2018-03-05 15:00:10.024000),5.0,
S7_Opensmallbox_2_extracted,Event_6,PhoneGravity,PhoneGravity_Event_6.data,1003,4,0,0,0,epoch milliseconds (2018-03-05 15:00:10.021000),5.0,
S7_Opensmallbox_2_extracted,Event_6,PhoneGyroscope,PhoneGyroscope_Event_6.data,1004,4,0,0,0,epoch milliseconds (2018-03-05 15:00:10.021000),5.0,
S7_Opensmallbox_2_extracted,Event_6,PhoneLinearAccelerometer,PhoneLinearAccelerometer_Event_6.data,1006,4,0,0,0,epoch milliseconds (2018-03-05 15:00:10.023000),5.0,
S7_Opensmallbox_2_extracted,Event_6,PhoneMagnetometer,PhoneMagnetometer_Event_6.data,501,4,0,0,0,epoch milliseconds (2018-03-05 15:00:10.023000),10.0,
S7_Opensmallbox_2_extracted,Event_6,android.sensor.accelerometer,android.sensor.accelerometer_Event_6.data,506,4,0,0,0,epoch milliseconds (2018-03-05 15:00:10.027000),10.0,
S7_Opensmallbox_2_extracted,Event_6,android.sensor.gyroscope,android.sensor.gyroscope_Event_6.data,506,4,0,0,0,epoch milliseconds (2018-03-05 15:00:10.022000),10.0,
S7_Plugin_1_extracted,Event_0,JinsAccelerometer,JinsAccelerometer_Event_0.data,97,4,0,0,0,epoch milliseconds (2018-03-08 12:27:13.546000),27.0,
S7_Plugin_1_extracted,Event_0,JinsBlinkSpeed,JinsBlinkSpeed_Event_0.data,97,2,0,0,0,epoch milliseconds (2018-03-08 12:27:13.546000),27.0,
S7_Plugin_1_extracted,Event_0,JinsBlinkStrength,JinsBlinkStrength_Event_0.data,97,2,0,0,0,epoch milliseconds (2018-03-08 12:27:13.546000),27.0,
S7_Plugin_1_extracted,Event_0,JinsEyeMovement,JinsEyeMovement_Event_0.data,97,5,0,0,0,epoch milliseconds (2018-03-08 12:27:13.546000),27.0,
S7_Plugin_1_extracted,Event_0,JinsGyroscope,JinsGyroscope_Event_0.data,97,4,0,0,0,epoch milliseconds (2018-03-08 12:27:13.546000),27.0,
S7_Plugin_1_extracted,Event_0,PhoneAccelerometer,PhoneAccelerometer_Event_0.data,1003,4,0,0,0,epoch milliseconds (2018-03-08 12:27:13.472000),5.0,
S7_Plugin_1_extracted,Event_0,PhoneGravity,PhoneGravity_Event_0.data,1003,4,0,0,0,epoch milliseconds (2018-03-08 12:27:13.467000),5.0,
S7_Plugin_1_extracted,Event_0,PhoneGyroscope,PhoneGyroscope_Event_0.data,1004,4,0,0,0,epoch milliseconds (2018-03-08 12:27:13.468000),5.0,
S7_Plugin_1_extracted,Event_0,PhoneLinearAccelerometer,PhoneLinearAccelerometer_Event_0.data,1003,4,0,0,0,epoch milliseconds (2018-03-08 12:27:13.469000),5.0,
S7_Plugin_1_extracted,Event_0,PhoneMagnetometer,PhoneMagnetometer_Event_0.data,500,4,0,0,0,epoch milliseconds (2018-03-08 12:27:13.476000),10.0,
S7_Plugin_1_extracted,Event_0,android.sensor.accelerometer,android.sensor.accelerometer_Event_0.data,473,4,0,0,0,epoch milliseconds (2018-03-08 12:27:13.472000),10.0,
S7_Plugin_1_extracted,Event_0,android.sensor.gyroscope,android.sensor.gyroscope_Event_0.data,474,4,0,0,0,epoch milliseconds (2018-03-08 12:27:13.468000),10.0,
S7_Plugin_1_extracted,Event_1,JinsAccelerometer,JinsAccelerometer_Event_1.data,97,4,0,0,0,epoch milliseconds (2018-03-08 12:27:24.604000),26.0,
S7_Plugin_1_extracted,Event_1,JinsBlinkSpeed,JinsBlinkSpeed_Event_1.data,97,2,0,0,0,epoch milliseconds (2018-03-08 12:27:24.604000),26.0,
S7_Plugin_1_extracted,Event_1,JinsBlinkStrength,JinsBlinkStrength_Event_1.data,97,2,0,0,0,epoch milliseconds (2018-03-08 12:27:24.604000),26.0,
S7_Plugin_1_extracted,Event_1,JinsEyeMovement,JinsEyeMovement_Event_1.data,97,5,0,0,0,epoch milliseconds (2018-03-08 12:27:24.604000),26.0,
S7_Plugin_1_extracted,Event_1,JinsGyroscope,JinsGyroscope_Event_1.data,97,4,0,0,0,epoch milliseconds (2018-03-08 12:27:24.604000),26.0,
S7_Plugin_1_extracted,Event_1,PhoneAccelerometer,PhoneAccelerometer_Event_1.data,1004,4,0,0,0,epoch milliseconds (2018-03-08 12:27:24.577000),5.0,
S7_Plugin_1_extracted,Event_1,PhoneGravity,PhoneGravity_Event_1.data,1002,4,0,0,0,epoch milliseconds (2018-03-08 12:27:24.577000),5.0,
S7_Plugin_1_extracted,Event_1,PhoneGyroscope,PhoneGyroscope_Event_1.data,1003,4,0,0,0,epoch milliseconds (2018-03-08 12:27:24.580000),5.0,
S7_Plugin_1_extracted,Event_1,PhoneLinearAccelerometer,PhoneLinearAccelerometer_Event_1.data,1003,4,0,0,0,epoch milliseconds (2018-03-08 12:27:24.578000),5.0,
S7_Plugin_1_extracted,Event_1,PhoneMagnetometer,PhoneMagnetometer_Event_1.data,501,4,0,0,0,epoch milliseconds (2018-03-08 12:27:24.586000),10.0,
S7_Plugin_1_extracted,Event_1,android.sensor.accelerometer,android.sensor.accelerometer_Event_1.data,494,4,0,0,0,epoch milliseconds (2018-03-08 12:27:24.577000),10.0,
S7_Plugin_1_extracted,Event_1,android.sensor.gyroscope,android.sensor.gyroscope_Event_1.data,493,4,0,0,0,epoch milliseconds (2018-03-08 12:27:24.584000),10.0,
S7_Plugin_1_extracted,Event_2,JinsAccelerometer,JinsAccelerometer_Event_2.data,90,4,0,0,0,epoch milliseconds (2018-03-08 12:27:35.177000),27.0,
S7_Plugin_1_extracted,Event_2,JinsBlinkSpeed,JinsBlinkSpeed_Event_2.data,90,2,0,0,0,epoch milliseconds (2018-03-08 12:27:35.177000),27.0,
S7_Plugin_1_extracted,Event_2,JinsBlinkStrength,JinsBlinkStrength_Event_2.data,90,2,0,0,0,epoch milliseconds (2018-03-08 12:27:35.177000),27.0,
S7_Plugin_1_extracted,Event_2,JinsEyeMovement,JinsEyeMovement_Event_2.data,90,5,0,0,0,epoch milliseconds (2018-03-08 12:27:35.177000),27.0,
S7_Plugin_1_extracted,Event_2,JinsGyroscope,JinsGyroscope_Event_2.data,90,4,0,0,0,epoch milliseconds (2018-03-08 12:27:35.177000),27.0,
S7_Plugin_1_extracted,Event_2,PhoneAccelerometer,PhoneAccelerometer_Event_2.data,1003,4,0,0,0,epoch milliseconds (2018-03-08 12:27:35.134000),5.0,
S7_Plugin_1_extracted,Event_2,PhoneGravity,PhoneGravity_Event_2.data,1003,4,0,0,0,epoch milliseconds (2018-03-08 12:27:35.131000),5.0,
S7_Plugin_1_extracted,Event_2,PhoneGyroscope,PhoneGyroscope_Event_2.data,1003,4,0,0,0,epoch milliseconds (2018-03-08 12:27:35.133000),5.0,
S7_Plugin_1_extracted,Event_2,PhoneLinearAccelerometer,PhoneLinearAccelerometer_Event_2.data,1002,4,0,0,0,epoch milliseconds (2018-03-08 12:27:35.131000),5.0,
S7_Plugin_1_extracted,Event_2,PhoneMagnetometer,PhoneMagnetometer_Event_2.data,501,4,0,0,0,epoch milliseconds (2018-03-08 12:27:35.133000),10.0,
S7_Plugin_1_extracted,Event_2,android.sensor.accelerometer,android.sensor.accelerometer_Event_2.data,505,4,0,0,0,epoch milliseconds (2018-03-08 12:27:35.136000),10.0,
S7_Plugin_1_extracted,Event_2,android.sensor.gyroscope,android.sensor.gyroscope_Event_2.data,505,4,0,0,0,epoch milliseconds (2018-03-08 12:27:35.130000),10.0,
S7_Plugin_1_extracted,Event_4,JinsAccelerometer,JinsAccelerometer_Event_4.data,121,4,0,0,0,epoch milliseconds (2018-03-08 12:27:56.702000),22.0,
S7_Plugin_1_extracted,Event_4,JinsBlinkSpeed,JinsBlinkSpeed_Event_4.data,121,2,0,0,0,epoch milliseconds (2018-03-08 12:27:56.702000),22.0,
S7_Plugin_1_extracted,Event_4,JinsBlinkStrength,JinsBlinkStrength_Event_4.data,121,2,0,0,0,epoch milliseconds (2018-03-08 12:27:56.702000),22.0,
S7_Plugin_1_extracted,Event_4,JinsEyeMovement,JinsEyeMovement_Event_4.data,121,5,0,0,0,epoch milliseconds (2018-03-08 12:27:56.702000),22.0,
S7_Plugin_1_extracted,Event_4,JinsGyroscope,JinsGyroscope_Event_4.data,121,4,0,0,0,epoch milliseconds (2018-03-08 12:27:56.702000),22.0,
S7_Plugin_1_extracted,Event_4,PhoneAccelerometer,PhoneAccelerometer_Event_4.data,1003,4,0,0,0,epoch milliseconds (2018-03-08 12:27:56.586000),5.0,
S7_Plugin_1_extracted,Event_4,PhoneGravity,PhoneGravity_Event_4.data,1004,4,0,0,0,epoch milliseconds (2018-03-08 12:27:56.584000),5.0,
S7_Plugin_1_extracted,Event_4,PhoneGyroscope,PhoneGyroscope_Event_4.data,1003,4,0,0,0,epoch milliseconds (2018-03-08 12:27:56.586000),5.0,
S7_Plugin_1_extracted,Event_4,PhoneLinearAccelerometer,PhoneLinearAccelerometer_Event_4.data,1003,4,0,0,0,epoch milliseconds (2018-03-08 12:27:56.585000),5.0,
S7_Plugin_1_extracted,Event_4,PhoneMagnetometer,PhoneMagnetometer_Event_4.data,501,4,0,0,0,epoch milliseconds (2018-03-08 12:27:56.586000),10.0,
S7_Plugin_1_extracted,Event_4,android.sensor.accelerometer,android.sensor.accelerometer_Event_4.data,510,4,0,0,0,epoch milliseconds (2018-03-08 12:27:56.590000),10.0,
S7_Plugin_1_extracted,Event_4,android.sensor.gyroscope,android.sensor.gyroscope_Event_4.data,510,4,0,0,0,epoch milliseconds (2018-03-08 12:27:56.590000),10.0,
S7_Plugin_1_extracted,Event_5,JinsAccelerometer,JinsAccelerometer_Event_5.data,100,4,0,0,0,epoch milliseconds (2018-03-08 12:28:06.445000),51.0,
S7_Plugin_1_extracted,Event_5,JinsBlinkSpeed,JinsBlinkSpeed_Event_5.data,100,2,0,0,0,epoch milliseconds (2018-03-08 12:28:06.445000),51.0,
S7_Plugin_1_extracted,Event_5,JinsBlinkStrength,JinsBlinkStrength_Event_5.data,100,2,0,0,0,epoch milliseconds (2018-03-08 12:28:06.445000),51.0,
S7_Plugin_1_extracted,Event_5,JinsEyeMovement,JinsEyeMovement_Event_5.data,100,5,0,0,0,epoch milliseconds (2018-03-08 12:28:06.445000),51.0,
S7_Plugin_1_extracted,Event_5,JinsGyroscope,JinsGyroscope_Event_5.data,100,4,0,0,0,epoch milliseconds (2018-03-08 12:28:06.445000),51.0,
S7_Plugin_1_extracted,Event_5,PhoneAccelerometer,PhoneAccelerometer_Event_5.data,1004,4,0,0,0,epoch milliseconds (2018-03-08 12:28:06.431000),5.0,
S7_Plugin_1_extracted,Event_5,PhoneGravity,PhoneGravity_Event_5.data,1002,4,0,0,0,epoch milliseconds (2018-03-08 12:28:06.432000),5.0,
S7_Plugin_1_extracted,Event_5,PhoneGyroscope,PhoneGyroscope_Event_5.data,1003,4,0,0,0,epoch milliseconds (2018-03-08 12:28:06.429000),5.0,
S7_Plugin_1_extracted,Event_5,PhoneLinearAccelerometer,PhoneLinearAccelerometer_Event_5.data,1004,4,0,0,0,epoch milliseconds (2018-03-08 12:28:06.430000),5.0,
S7_Plugin_1_extracted,Event_5,PhoneMagnetometer,PhoneMagnetometer_Event_5.data,506,4,0,0,0,epoch milliseconds (2018-03-08 12:28:06.435000),10.0,
S7_Plugin_1_extracted,Event_5,android.sensor.accelerometer,android.sensor.accelerometer_Event_5.data,498,4,0,0,0,epoch milliseconds (2018-03-08 12:28:06.434000),10.0,
S7_Plugin_1_extracted,Event_5,android.sensor.gyroscope,android.sensor.gyroscope_Event_5.data,499,4,0,0,0,epoch milliseconds (2018-03-08 12:28:06.433000),10.0,
S7_Plugin_1_extracted,Event_6,JinsAccelerometer,JinsAccelerometer_Event_6.data,100,4,0,0,0,epoch milliseconds (2018-03-08 12:28:16.760000),51.0,
S7_Plugin_1_extracted,Event_6,JinsBlinkSpeed,JinsBlinkSpeed_Event_6.data,100,2,0,0,0,epoch milliseconds (2018-03-08 12:28:16.760000),51.0,
S7_Plugin_1_extracted,Event_6,JinsBlinkStrength,JinsBlinkStrength_Event_6.data,100,2,0,0,0,epoch milliseconds (2018-03-08 12:28:16.760000),51.0,
S7_Plugin_1_extracted,Event_6,JinsEyeMovement,JinsEyeMovement_Event_6.data,100,5,0,0,0,epoch milliseconds (2018-03-08 12:28:16.760000),51.0,
S7_Plugin_1_extracted,Event_6,JinsGyroscope,JinsGyroscope_Event_6.data,100,4,0,0,0,epoch milliseconds (2018-03-08 12:28:16.760000),51.0,
S7_Plugin_1_extracted,Event_6,PhoneAccelerometer,PhoneAccelerometer_Event_6.data,1002,4,0,0,0,epoch milliseconds (2018-03-08 12:28:16.745000),5.0,
S7_Plugin_1_extracted,Event_6,PhoneGravity,PhoneGravity_Event_6.data,1003,4,0,0,0,epoch milliseconds (2018-03-08 12:28:16.747000),5.0,
S7_Plugin_1_extracted,Event_6,PhoneGyroscope,PhoneGyroscope_Event_6.data,1003,4,0,0,0,epoch milliseconds (2018-03-08 12:28:16.747000),5.0,
S7_Plugin_1_extracted,Event_6,PhoneLinearAccelerometer,PhoneLinearAccelerometer_Event_6.data,1003,4,0,0,0,epoch milliseconds (2018-03-08 12:28:16.747000),5.0,
S7_Plugin_1_extracted,Event_6,PhoneMagnetometer,PhoneMagnetometer_Event_6.data,501,4,0,0,0,epoch milliseconds (2018-03-08 12:28:16.750000),10.0,
S7_Plugin_1_extracted,Event_6,android.sensor.accelerometer,android.sensor.accelerometer_Event_6.data,501,4,0,0,0,epoch milliseconds (2018-03-08 12:28:16.746000),10.0,
S7_Plugin_1_extracted,Event_6,android.sensor.gyroscope,android.sensor.gyroscope_Event_6.data,501,4,0,0,0,epoch milliseconds (2018-03-08 12:28:16.745000),10.0,
S7_Plugin_2_extracted,Event_0,JinsAccelerometer,JinsAccelerometer_Event_0.data,100,4,0,0,0,epoch milliseconds (2018-03-08 12:33:24.247000),51.0,
S7_Plugin_2_extracted,Event_0,JinsBlinkSpeed,JinsBlinkSpeed_Event_0.data,100,2,0,0,0,epoch milliseconds (2018-03-08 12:33:24.247000),51.0,
S7_Plugin_2_extracted,Event_0,JinsBlinkStrength,JinsBlinkStrength_Event_0.data,100,2,0,0,0,epoch milliseconds (2018-03-08 12:33:24.247000),51.0,
S7_Plugin_2_extracted,Event_0,JinsEyeMovement,JinsEyeMovement_Event_0.data,100,5,0,0,0,epoch milliseconds (2018-03-08 12:33:24.247000),51.0,
S7_Plugin_2_extracted,Event_0,JinsGyroscope,JinsGyroscope_Event_0.data,100,4,0,0,0,epoch milliseconds (2018-03-08 12:33:24.247000),51.0,
S7_Plugin_2_extracted,Event_0,PhoneAccelerometer,PhoneAccelerometer_Event_0.data,1003,4,0,0,0,epoch milliseconds (2018-03-08 12:33:24.212000),5.0,
S7_Plugin_2_extracted,Event_0,PhoneGravity,PhoneGravity_Event_0.data,1003,4,0,0,0,epoch milliseconds (2018-03-08 12:33:24.213000),5.0,
S7_Plugin_2_extracted,Event_0,PhoneGyroscope,PhoneGyroscope_Event_0.data,1003,4,0,0,0,epoch milliseconds (2018-03-08 12:33:24.209000),5.0,
S7_Plugin_2_extracted,Event_0,PhoneLinearAccelerometer,PhoneLinearAccelerometer_Event_0.data,1004,4,0,0,0,epoch milliseconds (2018-03-08 12:33:24.209000),5.0,
S7_Plugin_2_extracted,Event_0,PhoneMagnetometer,PhoneMagnetometer_Event_0.data,501,4,0,0,0,epoch milliseconds (2018-03-08 12:33:24.210000),10.0,
S7_Plugin_2_extracted,Event_0,android.sensor.accelerometer,android.sensor.accelerometer_Event_0.data,496,4,0,0,0,epoch milliseconds (2018-03-08 12:33:24.214000),10.0,
S7_Plugin_2_extracted,Event_0,android.sensor.gyroscope,android.sensor.gyroscope_Event_0.data,496,4,0,0,0,epoch milliseconds (2018-03-08 12:33:24.215000),10.0,
S7_Plugin_2_extracted,Event_1,JinsAccelerometer,JinsAccelerometer_Event_1.data,105,4,0,0,0,epoch milliseconds (2018-03-08 12:33:34.615000),52.0,
S7_Plugin_2_extracted,Event_1,JinsBlinkSpeed,JinsBlinkSpeed_Event_1.data,105,2,0,0,0,epoch milliseconds (2018-03-08 12:33:34.615000),52.0,
S7_Plugin_2_extracted,Event_1,JinsBlinkStrength,JinsBlinkStrength_Event_1.data,105,2,0,0,0,epoch milliseconds (2018-03-08 12:33:34.615000),52.0,
S7_Plugin_2_extracted,Event_1,JinsEyeMovement,JinsEyeMovement_Event_1.data,105,5,0,0,0,epoch milliseconds (2018-03-08 12:33:34.615000),52.0,
S7_Plugin_2_extracted,Event_1,JinsGyroscope,JinsGyroscope_Event_1.data,105,4,0,0,0,epoch milliseconds (2018-03-08 12:33:34.615000),52.0,
S7_Plugin_2_extracted,Event_1,PhoneAccelerometer,PhoneAccelerometer_Event_1.data,1004,4,0,0,0,epoch milliseconds (2018-03-08 12:33:34.522000),5.0,
S7_Plugin_2_extracted,Event_1,PhoneGravity,PhoneGravity_Event_1.data,1004,4,0,0,0,epoch milliseconds (2018-03-08 12:33:34.521000),5.0,
S7_Plugin_2_extracted,Event_1,PhoneGyroscope,PhoneGyroscope_Event_1.data,1004,4,0,0,0,epoch milliseconds (2018-03-08 12:33:34.522000),5.0,
S7_Plugin_2_extracted,Event_1,PhoneLinearAccelerometer,PhoneLinearAccelerometer_Event_1.data,1002,4,0,0,0,epoch milliseconds (2018-03-08 12:33:34.518000),5.0,
S7_Plugin_2_extracted,Event_1,PhoneMagnetometer,PhoneMagnetometer_Event_1.data,501,4,0,0,0,epoch milliseconds (2018-03-08 12:33:34.519000),10.0,
S7_Plugin_2_extracted,Event_1,android.sensor.accelerometer,android.sensor.accelerometer_Event_1.data,502,4,0,0,0,epoch milliseconds (2018-03-08 12:33:34.528000),10.0,
S7_Plugin_2_extracted,Event_1,android.sensor.gyroscope,android.sensor.gyroscope_Event_1.data,503,4,0,0,0,epoch milliseconds (2018-03-08 12:33:34.522000),10.0,
S7_Plugin_2_extracted,Event_2,JinsAccelerometer,JinsAccelerometer_Event_2.data,100,4,0,0,0,epoch milliseconds (2018-03-08 12:33:44.697000),52.5,
S7_Plugin_2_extracted,Event_2,JinsBlinkSpeed,JinsBlinkSpeed_Event_2.data,100,2,0,0,0,epoch milliseconds (2018-03-08 12:33:44.697000),52.5,
S7_Plugin_2_extracted,Event_2,JinsBlinkStrength,JinsBlinkStrength_Event_2.data,100,2,0,0,0,epoch milliseconds (2018-03-08 12:33:44.697000),52.5,
S7_Plugin_2_extracted,Event_2,JinsEyeMovement,JinsEyeMovement_Event_2.data,100,5,0,0,0,epoch milliseconds (2018-03-08 12:33:44.697000),52.5,
S7_Plugin_2_extracted,Event_2,JinsGyroscope,JinsGyroscope_Event_2.data,100,4,0,0,0,epoch milliseconds (2018-03-08 12:33:44.697000),52.5,
S7_Plugin_2_extracted,Event_2,PhoneAccelerometer,PhoneAccelerometer_Event_2.data,1004,4,0,0,0,epoch milliseconds (2018-03-08 12:33:44.698000),5.0,
S7_Plugin_2_extracted,Event_2,PhoneGravity,PhoneGravity_Event_2.data,1007,4,0,0,0,epoch milliseconds (2018-03-08 12:33:44.699000),5.0,
S7_Plugin_2_extracted,Event_2,PhoneGyroscope,PhoneGyroscope_Event_2.data,1003,4,0,0,0,epoch milliseconds (2018-03-08 12:33:44.697000),5.0,
S7_Plugin_2_extracted,Event_2,PhoneLinearAccelerometer,PhoneLinearAccelerometer_Event_2.data,1008,4,0,0,0,epoch milliseconds (2018-03-08 12:33:44.699000),5.0,
S7_Plugin_2_extracted,Event_2,PhoneMagnetometer,PhoneMagnetometer_Event_2.data,502,4,0,0,0,epoch milliseconds (2018-03-08 12:33:44.699000),10.0,
S7_Plugin_2_extracted,Event_2,android.sensor.accelerometer,android.sensor.accelerometer_Event_2.data,501,4,0,0,0,epoch milliseconds (2018-03-08 12:33:44.699000),10.0,
S7_Plugin_2_extracted,Event_2,android.sensor.gyroscope,android.sensor.gyroscope_Event_2.data,500,4,0,0,0,epoch milliseconds (2018-03-08 12:33:44.704000),10.0,
S7_Plugin_2_extracted,Event_3,JinsAccelerometer,JinsAccelerometer_Event_3.data,100,4,0,0,0,epoch milliseconds (2018-03-08 12:33:56.007000),52.0,
S7_Plugin_2_extracted,Event_3,JinsBlinkSpeed,JinsBlinkSpeed_Event_3.data,100,2,0,0,0,epoch milliseconds (2018-03-08 12:33:56.007000),52.0,
S7_Plugin_2_extracted,Event_3,JinsBlinkStrength,JinsBlinkStrength_Event_3.data,100,2,0,0,0,epoch milliseconds (2018-03-08 12:33:56.007000),52.0,
S7_Plugin_2_extracted,Event_3,JinsEyeMovement,JinsEyeMovement_Event_3.data,100,5,0,0,0,epoch milliseconds (2018-03-08 12:33:56.007000),52.0,
S7_Plugin_2_extracted,Event_3,JinsGyroscope,JinsGyroscope_Event_3.data,100,4,0,0,0,epoch milliseconds (2018-03-08 12:33:56.007000),52.0,
S7_Plugin_2_extracted,Event_3,PhoneAccelerometer,PhoneAccelerometer_Event_3.data,1003,4,0,0,0,epoch milliseconds (2018-03-08 12:33:55.997000),5.0,
S7_Plugin_2_extracted,Event_3,PhoneGravity,PhoneGravity_Event_3.data,1003,4,0,0,0,epoch milliseconds (2018-03-08 12:33:55.999000),5.0,
S7_Plugin_2_extracted,Event_3,PhoneGyroscope,PhoneGyroscope_Event_3.data,1003,4,0,0,0,epoch milliseconds (2018-03-08 12:33:56.001000),5.0,
S7_Plugin_2_extracted,Event_3,PhoneLinearAccelerometer,PhoneLinearAccelerometer_Event_3.data,1002,4,0,0,0,epoch milliseconds (2018-03-08 12:33:55.998000),5.0,
S7_Plugin_2_extracted,Event_3,PhoneMagnetometer,PhoneMagnetometer_Event_3.data,501,4,0,0,0,epoch milliseconds (2018-03-08 12:33:55.997000),10.0,
S7_Plugin_2_extracted,Event_3,android.sensor.accelerometer,android.sensor.accelerometer_Event_3.data,493,4,0,0,0,epoch milliseconds (2018-03-08 12:33:56.001000),10.0,
S7_Plugin_2_extracted,Event_3,android.sensor.gyroscope,android.sensor.gyroscope_Event_3.data,493,4,0,0,0,epoch milliseconds (2018-03-08 12:33:56.003000),10.0,
S7_Plugin_2_extracted,Event_4,JinsAccelerometer,JinsAccelerometer_Event_4.data,98,4,0,0,0,epoch milliseconds (2018-03-08 12:34:03.200000),52.0,
S7_Plugin_2_extracted,Event_4,JinsBlinkSpeed,JinsBlinkSpeed_Event_4.data,98,2,0,0,0,epoch milliseconds (2018-03-08 12:34:03.200000),52.0,
S7_Plugin_2_extracted,Event_4,JinsBlinkStrength,JinsBlinkStrength_Event_4.data,98,2,0,0,0,epoch milliseconds (2018-03-08 12:34:03.200000),52.0,
S7_Plugin_2_extracted,Event_4,JinsEyeMovement,JinsEyeMovement_Event_4.data,98,5,0,0,0,epoch milliseconds (2018-03-08 12:34:03.200000),52.0,
S7_Plugin_2_extracted,Event_4,JinsGyroscope,JinsGyroscope_Event_4.data,98,4,0,0,0,epoch milliseconds (2018-03-08 12:34:03.200000),52.0,
S7_Plugin_2_extracted,Event_4,PhoneAccelerometer,PhoneAccelerometer_Event_4.data,1003,4,0,0,0,epoch milliseconds (2018-03-08 12:34:03.165000),5.0,
S7_Plugin_2_extracted,Event_4,PhoneGravity,PhoneGravity_Event_4.data,1004,4,0,0,0,epoch milliseconds (2018-03-08 12:34:03.162000),5.0,
S7_Plugin_2_extracted,Event_4,PhoneGyroscope,PhoneGyroscope_Event_4.data,1005,4,0,0,0,epoch milliseconds (2018-03-08 12:34:03.163000),5.0,
S7_Plugin_2_extracted,Event_4,PhoneLinearAccelerometer,PhoneLinearAccelerometer_Event_4.data,1004,4,0,0,0,epoch milliseconds (2018-03-08 12:34:03.165000),5.0,
S7_Plugin_2_extracted,Event_4,PhoneMagnetometer,PhoneMagnetometer_Event_4.data,501,4,0,0,0,epoch milliseconds (2018-03-08 12:34:03.162000),10.0,
S7_Plugin_2_extracted,Event_4,android.sensor.accelerometer,android.sensor.accelerometer_Event_4.data,503,4,0,0,0,epoch milliseconds (2018-03-08 12:34:03.170000),10.0,
S7_Plugin_2_extracted,Event_4,android.sensor.gyroscope,android.sensor.gyroscope_Event_4.data,504,4,0,0,0,epoch milliseconds (2018-03-08 12:34:03.166000),10.0,
S7_Plugin_2_extracted,Event_5,JinsAccelerometer,JinsAccelerometer_Event_5.data,101,4,0,0,0,epoch milliseconds (2018-03-08 12:34:14.436000),52.0,
S7_Plugin_2_extracted,Event_5,JinsBlinkSpeed,JinsBlinkSpeed_Event_5.data,101,2,0,0,0,epoch milliseconds (2018-03-08 12:34:14.436000),52.0,
S7_Plugin_2_extracted,Event_5,JinsBlinkStrength,JinsBlinkStrength_Event_5.data,101,2,0,0,0,epoch milliseconds (2018-03-08 12:34:14.436000),52.0,
S7_Plugin_2_extracted,Event_5,JinsEyeMovement,JinsEyeMovement_Event_5.data,101,5,0,0,0,epoch milliseconds (2018-03-08 12:34:14.436000),52.0,
S7_Plugin_2_extracted,Event_5,JinsGyroscope,JinsGyroscope_Event_5.data,101,4,0,0,0,epoch milliseconds (2018-03-08 12:34:14.436000),52.0,
S7_Plugin_2_extracted,Event_5,PhoneAccelerometer,PhoneAccelerometer_Event_5.data,1004,4,0,0,0,epoch milliseconds (2018-03-08 12:34:14.411000),5.0,
S7_Plugin_2_extracted,Event_5,PhoneGravity,PhoneGravity_Event_5.data,1005,4,0,0,0,epoch milliseconds (2018-03-08 12:34:14.411000),5.0,
S7_Plugin_2_extracted,Event_5,PhoneGyroscope,PhoneGyroscope_Event_5.data,1004,4,0,0,0,epoch milliseconds (2018-03-08 12:34:14.410000),5.0,
S7_Plugin_2_extracted,Event_5,PhoneLinearAccelerometer,PhoneLinearAccelerometer_Event_5.data,1002,4,0,0,0,epoch milliseconds (2018-03-08 12:34:14.411000),5.0,
S7_Plugin_2_extracted,Event_5,PhoneMagnetometer,PhoneMagnetometer_Event_5.data,501,4,0,0,0,epoch milliseconds (2018-03-08 12:34:14.419000),10.0,
S7_Plugin_2_extracted,Event_5,android.sensor.accelerometer,android.sensor.accelerometer_Event_5.data,500,4,0,0,0,epoch milliseconds (2018-03-08 12:34:14.415000),10.0,
S7_Plugin_2_extracted,Event_5,android.sensor.gyroscope,android.sensor.gyroscope_Event_5.data,499,4,0,0,0,epoch milliseconds (2018-03-08 12:34:14.418000),10.0,
S7_Plugin_2_extracted,Event_6,JinsAccelerometer,JinsAccelerometer_Event_6.data,100,4,0,0,0,epoch milliseconds (2018-03-08 12:34:25.514000),52.5,
S7_Plugin_2_extracted,Event_6,JinsBlinkSpeed,JinsBlinkSpeed_Event_6.data,100,2,0,0,0,epoch milliseconds (2018-03-08 12:34:25.514000),52.5,
S7_Plugin_2_extracted,Event_6,JinsBlinkStrength,JinsBlinkStrength_Event_6.data,100,2,0,0,0,epoch milliseconds (2018-03-08 12:34:25.514000),52.5,
S7_Plugin_2_extracted,Event_6,JinsEyeMovement,JinsEyeMovement_Event_6.data,100,5,0,0,0,epoch milliseconds (2018-03-08 12:34:25.514000),52.5,
S7_Plugin_2_extracted,Event_6,JinsGyroscope,JinsGyroscope_Event_6.data,100,4,0,0,0,epoch milliseconds (2018-03-08 12:34:25.514000),52.5,
S7_Plugin_2_extracted,Event_6,PhoneAccelerometer,PhoneAccelerometer_Event_6.data,1004,4,0,0,0,epoch milliseconds (2018-03-08 12:34:25.503000),5.0,
S7_Plugin_2_extracted,Event_6,PhoneGravity,PhoneGravity_Event_6.data,1002,4,0,0,0,epoch milliseconds (2018-03-08 12:34:25.503000),5.0,
S7_Plugin_2_extracted,Event_6,PhoneGyroscope,PhoneGyroscope_Event_6.data,1005,4,0,0,0,epoch milliseconds (2018-03-08 12:34:25.501000),5.0,
S7_Plugin_2_extracted,Event_6,PhoneLinearAccelerometer,PhoneLinearAccelerometer_Event_6.data,1001,4,0,0,0,epoch milliseconds (2018-03-08 12:34:25.505000),5.0,
S7_Plugin_2_extracted,Event_6,PhoneMagnetometer,PhoneMagnetometer_Event_6.data,496,4,0,0,0,epoch milliseconds (2018-03-08 12:34:25.510000),10.0,
S7_Plugin_2_extracted,Event_6,android.sensor.accelerometer,android.sensor.accelerometer_Event_6.data,499,4,0,0,0,epoch milliseconds (2018-03-08 12:34:25.502000),10.0,
S7_Plugin_2_extracted,Event_6,android.sensor.gyroscope,android.sensor.gyroscope_Event_6.data,500,4,0,0,0,epoch milliseconds (2018-03-08 12:34:25.501000),10.0,
