original_folder,event,sensor,file,rows,columns,malformed_rows,missing_values,bad_timestamps,timestamp_format,median_interval_ms,error
S1_Bending_1_extracted,Event_0,JinsAccelerometer,JinsAccelerometer_Event_0.data,100,4,0,0,0,epoch milliseconds (2018-03-02 09:34:43.471000),52.0,
S1_Bending_1_extracted,Event_0,JinsBlinkSpeed,JinsBlinkSpeed_Event_0.data,100,2,0,0,0,epoch milliseconds (2018-03-02 09:34:43.471000),52.0,
S1_Bending_1_extracted,Event_0,JinsBlinkStrength,JinsBlinkStrength_Event_0.data,100,2,0,0,0,epoch milliseconds (2018-03-02 09:34:43.471000),52.0,
S1_Bending_1_extracted,Event_0,JinsEyeMovement,JinsEyeMovement_Event_0.data,100,5,0,0,0,epoch milliseconds (2018-03-02 09:34:43.471000),52.0,
S1_Bending_1_extracted,Event_0,JinsGyroscope,JinsGyroscope_Event_0.data,100,4,0,0,0,epoch milliseconds (2018-03-02 09:34:43.471000),52.0,
S1_Bending_1_extracted,Event_0,PhoneAccelerometer,PhoneAccelerometer_Event_0.data,1007,4,0,0,0,epoch milliseconds (2018-03-02 09:34:43.452000),5.0,
S1_Bending_1_extracted,Event_0,PhoneGravity,PhoneGravity_Event_0.data,1009,4,0,0,0,epoch milliseconds (2018-03-02 09:34:43.450000),5.0,
S1_Bending_1_extracted,Event_0,PhoneGyroscope,PhoneGyroscope_Event_0.data,1005,4,0,0,0,epoch milliseconds (2018-03-02 09:34:43.452000),5.0,
S1_Bending_1_extracted,Event_0,PhoneLinearAccelerometer,PhoneLinearAccelerometer_Event_0.data,1008,4,0,0,0,epoch milliseconds (2018-03-02 09:34:43.450000),5.0,
S1_Bending_1_extracted,Event_0,PhoneMagnetometer,PhoneMagnetometer_Event_0.data,501,4,0,0,0,epoch milliseconds (2018-03-02 09:34:43.455000),10.0,
S1_Bending_1_extracted,Event_0,android.sensor.accelerometer,android.sensor.accelerometer_Event_0.data,494,4,0,0,0,epoch milliseconds (2018-03-02 09:34:43.543000),10.0,
S1_Bending_1_extracted,Event_0,android.sensor.gyroscope,android.sensor.gyroscope_Event_0.data,494,4,0,0,0,epoch milliseconds (2018-03-02 09:34:43.448000),10.0,
S1_Bending_1_extracted,Event_1,JinsAccelerometer,JinsAccelerometer_Event_1.data,100,4,0,0,0,epoch milliseconds (2018-03-02 09:36:13.432000),52.0,
S1_Bending_1_extracted,Event_1,JinsBlinkSpeed,JinsBlinkSpeed_Event_1.data,100,2,0,0,0,epoch milliseconds (2018-03-02 09:36:13.432000),52.0,
S1_Bending_1_extracted,Event_1,JinsBlinkStrength,JinsBlinkStrength_Event_1.data,100,2,0,0,0,epoch milliseconds (2018-03-02 09:36:13.432000),52.0,
S1_Bending_1_extracted,Event_1,JinsEyeMovement,JinsEyeMovement_Event_1.data,100,5,0,0,0,epoch milliseconds (2018-03-02 09:36:13.432000),52.0,
S1_Bending_1_extracted,Event_1,JinsGyroscope,JinsGyroscope_Event_1.data,100,4,0,0,0,epoch milliseconds (2018-03-02 09:36:13.432000),52.0,
S1_Bending_1_extracted,Event_1,PhoneAccelerometer,PhoneAccelerometer_Event_1.data,1008,4,0,0,0,epoch milliseconds (2018-03-02 09:36:13.400000),5.0,
S1_Bending_1_extracted,Event_1,PhoneGravity,PhoneGravity_Event_1.data,1007,4,0,0,0,epoch milliseconds (2018-03-02 09:36:13.403000),5.0,
S1_Bending_1_extracted,Event_1,PhoneGyroscope,PhoneGyroscope_Event_1.data,1007,4,0,0,0,epoch milliseconds (2018-03-02 09:36:13.400000),5.0,
S1_Bending_1_extracted,Event_1,PhoneLinearAccelerometer,PhoneLinearAccelerometer_Event_1.data,1007,4,0,0,0,epoch milliseconds (2018-03-02 09:36:13.400000),5.0,
S1_Bending_1_extracted,Event_1,PhoneMagnetometer,PhoneMagnetometer_Event_1.data,501,4,0,0,0,epoch milliseconds (2018-03-02 09:36:13.401000),10.0,
S1_Bending_1_extracted,Event_1,android.sensor.accelerometer,android.sensor.accelerometer_Event_1.data,493,4,0,0,0,epoch milliseconds (2018-03-02 09:36:13.401000),10.0,
S1_Bending_1_extracted,Event_1,android.sensor.gyroscope,android.sensor.gyroscope_Event_1.data,493,4,0,0,0,epoch milliseconds (2018-03-02 09:36:13.403000),10.0,
S1_Bending_1_extracted,Event_2,JinsAccelerometer,JinsAccelerometer_Event_2.data,100,4,0,0,0,epoch milliseconds (2018-03-02 09:36:24.192000),52.0,
S1_Bending_1_extracted,Event_2,JinsBlinkSpeed,JinsBlinkSpeed_Event_2.data,100,2,0,0,0,epoch milliseconds (2018-03-02 09:36:24.192000),52.0,
S1_Bending_1_extracted,Event_2,JinsBlinkStrength,JinsBlinkStrength_Event_2.data,100,2,0,0,0,epoch milliseconds (2018-03-02 09:36:24.192000),52.0,
S1_Bending_1_extracted,Event_2,JinsEyeMovement,JinsEyeMovement_Event_2.data,100,5,0,0,0,epoch milliseconds (2018-03-02 09:36:24.192000),52.0,
S1_Bending_1_extracted,Event_2,JinsGyroscope,JinsGyroscope_Event_2.data,100,4,0,0,0,epoch milliseconds (2018-03-02 09:36:24.192000),52.0,
S1_Bending_1_extracted,Event_2,PhoneAccelerometer,PhoneAccelerometer_Event_2.data,1007,4,0,0,0,epoch milliseconds (2018-03-02 09:36:24.152000),5.0,
S1_Bending_1_extracted,Event_2,PhoneGravity,PhoneGravity_Event_2.data,1007,4,0,0,0,epoch milliseconds (2018-03-02 09:36:24.153000),5.0,
S1_Bending_1_extracted,Event_2,PhoneGyroscope,PhoneGyroscope_Event_2.data,1005,4,0,0,0,epoch milliseconds (2018-03-02 09:36:24.154000),5.0,
S1_Bending_1_extracted,Event_2,PhoneLinearAccelerometer,PhoneLinearAccelerometer_Event_2.data,1007,4,0,0,0,epoch milliseconds (2018-03-02 09:36:24.155000),5.0,
S1_Bending_1_extracted,Event_2,PhoneMagnetometer,PhoneMagnetometer_Event_2.data,500,4,0,0,0,epoch milliseconds (2018-03-02 09:36:24.160000),10.0,
S1_Bending_1_extracted,Event_2,android.sensor.accelerometer,android.sensor.accelerometer_Event_2.data,500,4,0,0,0,epoch milliseconds (2018-03-02 09:36:24.159000),10.0,
S1_Bending_1_extracted,Event_2,android.sensor.gyroscope,android.sensor.gyroscope_Event_2.data,500,4,0,0,0,epoch milliseconds (2018-03-02 09:36:24.159000),10.0,
S1_Bending_1_extracted,Event_3,JinsAccelerometer,JinsAccelerometer_Event_3.data,100,4,0,0,0,epoch milliseconds (2018-03-02 09:36:34.899000),52.0,
S1_Bending_1_extracted,Event_3,JinsBlinkSpeed,JinsBlinkSpeed_Event_3.data,100,2,0,0,0,epoch milliseconds (2018-03-02 09:36:34.899000),52.0,
S1_Bending_1_extracted,Event_3,JinsBlinkStrength,JinsBlinkStrength_Event_3.data,100,2,0,0,0,epoch milliseconds (2018-03-02 09:36:34.899000),52.0,
S1_Bending_1_extracted,Event_3,JinsEyeMovement,JinsEyeMovement_Event_3.data,100,5,0,0,0,epoch milliseconds (2018-03-02 09:36:34.899000),52.0,
S1_Bending_1_extracted,Event_3,JinsGyroscope,JinsGyroscope_Event_3.data,100,4,0,0,0,epoch milliseconds (2018-03-02 09:36:34.899000),52.0,
S1_Bending_1_extracted,Event_3,PhoneAccelerometer,PhoneAccelerometer_Event_3.data,1017,4,0,0,0,epoch milliseconds (2018-03-02 09:36:34.848000),5.0,
S1_Bending_1_extracted,Event_3,PhoneGravity,PhoneGravity_Event_3.data,1005,4,0,0,0,epoch milliseconds (2018-03-02 09:36:34.849000),5.0,
S1_Bending_1_extracted,Event_3,PhoneGyroscope,PhoneGyroscope_Event_3.data,1006,4,0,0,0,epoch milliseconds (2018-03-02 09:36:34.849000),5.0,
S1_Bending_1_extracted,Event_3,PhoneLinearAccelerometer,PhoneLinearAccelerometer_Event_3.data,1005,4,0,0,0,epoch milliseconds (2018-03-02 09:36:34.852000),5.0,
S1_Bending_1_extracted,Event_3,PhoneMagnetometer,PhoneMagnetometer_Event_3.data,501,4,0,0,0,epoch milliseconds (2018-03-02 09:36:34.851000),10.0,
S1_Bending_1_extracted,Event_3,android.sensor.accelerometer,android.sensor.accelerometer_Event_3.data,505,4,0,0,0,epoch milliseconds (2018-03-02 09:36:34.848000),10.0,
S1_Bending_1_extracted,Event_3,android.sensor.gyroscope,android.sensor.gyroscope_Event_3.data,505,4,0,0,0,epoch milliseconds (2018-03-02 09:36:34.856000),10.0,
S1_Bending_1_extracted,Event_4,JinsAccelerometer,JinsAccelerometer_Event_4.data,100,4,0,0,0,epoch milliseconds (2018-03-02 09:36:45.322000),53.0,
S1_Bending_1_extracted,Event_4,JinsBlinkSpeed,JinsBlinkSpeed_Event_4.data,100,2,0,0,0,epoch milliseconds (2018-03-02 09:36:45.322000),53.0,
S1_Bending_1_extracted,Event_4,JinsBlinkStrength,JinsBlinkStrength_Event_4.data,100,2,0,0,0,epoch milliseconds (2018-03-02 09:36:45.322000),53.0,
S1_Bending_1_extracted,Event_4,JinsEyeMovement,JinsEyeMovement_Event_4.data,100,5,0,0,0,epoch milliseconds (2018-03-02 09:36:45.322000),53.0,
S1_Bending_1_extracted,Event_4,JinsGyroscope,JinsGyroscope_Event_4.data,100,4,0,0,0,epoch milliseconds (2018-03-02 09:36:45.322000),53.0,
S1_Bending_1_extracted,Event_4,PhoneAccelerometer,PhoneAccelerometer_Event_4.data,1006,4,0,0,0,epoch milliseconds (2018-03-02 09:36:45.313000),5.0,
S1_Bending_1_extracted,Event_4,PhoneGravity,PhoneGravity_Event_4.data,1008,4,0,0,0,epoch milliseconds (2018-03-02 09:36:45.313000),5.0,
S1_Bending_1_extracted,Event_4,PhoneGyroscope,PhoneGyroscope_Event_4.data,1008,4,0,0,0,epoch milliseconds (2018-03-02 09:36:45.315000),5.0,
S1_Bending_1_extracted,Event_4,PhoneLinearAccelerometer,PhoneLinearAccelerometer_Event_4.data,1006,4,0,0,0,epoch milliseconds (2018-03-02 09:36:45.312000),5.0,
S1_Bending_1_extracted,Event_4,PhoneMagnetometer,PhoneMagnetometer_Event_4.data,501,4,0,0,0,epoch milliseconds (2018-03-02 09:36:45.316000),10.0,
S1_Bending_1_extracted,Event_4,android.sensor.accelerometer,android.sensor.accelerometer_Event_4.data,495,4,0,0,0,epoch milliseconds (2018-03-02 09:36:45.319000),10.0,
S1_Bending_1_extracted,Event_4,android.sensor.gyroscope,android.sensor.gyroscope_Event_4.data,494,4,0,0,0,epoch milliseconds (2018-03-02 09:36:45.320000),10.0,
S1_Bending_1_extracted,Event_5,JinsAccelerometer,JinsAccelerometer_Event_5.data,100,4,0,0,0,epoch milliseconds (2018-03-02 09:36:56.269000),52.0,
S1_Bending_1_extracted,Event_5,JinsBlinkSpeed,JinsBlinkSpeed_Event_5.data,100,2,0,0,0,epoch milliseconds (2018-03-02 09:36:56.269000),52.0,
S1_Bending_1_extracted,Event_5,JinsBlinkStrength,JinsBlinkStrength_Event_5.data,100,2,0,0,0,epoch milliseconds (2018-03-02 09:36:56.269000),52.0,
S1_Bending_1_extracted,Event_5,JinsEyeMovement,JinsEyeMovement_Event_5.data,100,5,0,0,0,epoch milliseconds (2018-03-02 09:36:56.269000),52.0,
S1_Bending_1_extracted,Event_5,JinsGyroscope,JinsGyroscope_Event_5.data,100,4,0,0,0,epoch milliseconds (2018-03-02 09:36:56.269000),52.0,
S1_Bending_1_extracted,Event_5,PhoneAccelerometer,PhoneAccelerometer_Event_5.data,1007,4,0,0,0,epoch milliseconds (2018-03-02 09:36:56.251000),5.0,
S1_Bending_1_extracted,Event_5,PhoneGravity,PhoneGravity_Event_5.data,1007,4,0,0,0,epoch milliseconds (2018-03-02 09:36:56.251000),5.0,
S1_Bending_1_extracted,Event_5,PhoneGyroscope,PhoneGyroscope_Event_5.data,1005,4,0,0,0,epoch milliseconds (2018-03-02 09:36:56.249000),5.0,
S1_Bending_1_extracted,Event_5,PhoneLinearAccelerometer,PhoneLinearAccelerometer_Event_5.data,1007,4,0,0,0,epoch milliseconds (2018-03-02 09:36:56.251000),5.0,
S1_Bending_1_extracted,Event_5,PhoneMagnetometer,PhoneMagnetometer_Event_5.data,500,4,0,0,0,epoch milliseconds (2018-03-02 09:36:56.249000),10.0,
S1_Bending_1_extracted,Event_5,android.sensor.accelerometer,android.sensor.accelerometer_Event_5.data,500,4,0,0,0,epoch milliseconds (2018-03-02 09:36:56.250000),10.0,
S1_Bending_1_extracted,Event_5,android.sensor.gyroscope,android.sensor.gyroscope_Event_5.data,500,4,0,0,0,epoch milliseconds (2018-03-02 09:36:56.255000),10.0,
S1_Bending_1_extracted,Event_6,JinsAccelerometer,JinsAccelerometer_Event_6.data,100,4,0,0,0,epoch milliseconds (2018-03-02 09:37:08.426000),52.0,
S1_Bending_1_extracted,Event_6,JinsBlinkSpeed,JinsBlinkSpeed_Event_6.data,100,2,0,0,0,epoch milliseconds (2018-03-02 09:37:08.426000),52.0,
S1_Bending_1_extracted,Event_6,JinsBlinkStrength,JinsBlinkStrength_Event_6.data,100,2,0,0,0,epoch milliseconds (2018-03-02 09:37:08.426000),52.0,
S1_Bending_1_extracted,Event_6,JinsEyeMovement,JinsEyeMovement_Event_6.data,100,5,0,0,0,epoch milliseconds (2018-03-02 09:37:08.426000),52.0,
S1_Bending_1_extracted,Event_6,JinsGyroscope,JinsGyroscope_Event_6.data,100,4,0,0,0,epoch milliseconds (2018-03-02 09:37:08.426000),52.0,
S1_Bending_1_extracted,Event_6,PhoneAccelerometer,PhoneAccelerometer_Event_6.data,1007,4,0,0,0,epoch milliseconds (2018-03-02 09:37:08.416000),5.0,
S1_Bending_1_extracted,Event_6,PhoneGravity,PhoneGravity_Event_6.data,1006,4,0,0,0,epoch milliseconds (2018-03-02 09:37:08.418000),5.0,
S1_Bending_1_extracted,Event_6,PhoneGyroscope,PhoneGyroscope_Event_6.data,1005,4,0,0,0,epoch milliseconds (2018-03-02 09:37:08.419000),5.0,
S1_Bending_1_extracted,Event_6,PhoneLinearAccelerometer,PhoneLinearAccelerometer_Event_6.data,1008,4,0,0,0,epoch milliseconds (2018-03-02 09:37:08.417000),5.0,
S1_Bending_1_extracted,Event_6,PhoneMagnetometer,PhoneMagnetometer_Event_6.data,501,4,0,0,0,epoch milliseconds (2018-03-02 09:37:08.416000),10.0,
S1_Bending_1_extracted,Event_6,android.sensor.accelerometer,android.sensor.accelerometer_Event_6.data,504,4,0,0,0,epoch milliseconds (2018-03-02 09:37:08.416000),10.0,
S1_Bending_1_extracted,Event_6,android.sensor.gyroscope,android.sensor.gyroscope_Event_6.data,504,4,0,0,0,epoch milliseconds (2018-03-02 09:37:08.424000),10.0,
S1_Bending_1_extracted,Event_7,JinsAccelerometer,JinsAccelerometer_Event_7.data,99,4,0,0,0,epoch milliseconds (2018-03-02 09:37:19.530000),52.0,
S1_Bending_1_extracted,Event_7,JinsBlinkSpeed,JinsBlinkSpeed_Event_7.data,99,2,0,0,0,epoch milliseconds (2018-03-02 09:37:19.530000),52.0,
S1_Bending_1_extracted,Event_7,JinsBlinkStrength,JinsBlinkStrength_Event_7.data,99,2,0,0,0,epoch milliseconds (2018-03-02 09:37:19.530000),52.0,
S1_Bending_1_extracted,Event_7,JinsEyeMovement,JinsEyeMovement_Event_7.data,99,5,0,0,0,epoch milliseconds (2018-03-02 09:37:19.530000),52.0,
S1_Bending_1_extracted,Event_7,JinsGyroscope,JinsGyroscope_Event_7.data,99,4,0,0,0,epoch milliseconds (2018-03-02 09:37:19.530000),52.0,
S1_Bending_1_extracted,Event_7,PhoneAccelerometer,PhoneAccelerometer_Event_7.data,1007,4,0,0,0,epoch milliseconds (2018-03-02 09:37:19.482000),5.0,
S1_Bending_1_extracted,Event_7,PhoneGravity,PhoneGravity_Event_7.data,1007,4,0,0,0,epoch milliseconds (2018-03-02 09:37:19.482000),5.0,
S1_Bending_1_extracted,Event_7,PhoneGyroscope,PhoneGyroscope_Event_7.data,1008,4,0,0,0,epoch milliseconds (2018-03-02 09:37:19.480000),5.0,
S1_Bending_1_extracted,Event_7,PhoneLinearAccelerometer,PhoneLinearAccelerometer_Event_7.data,1006,4,0,0,0,epoch milliseconds (2018-03-02 09:37:19.483000),5.0,
S1_Bending_1_extracted,Event_7,PhoneMagnetometer,PhoneMagnetometer_Event_7.data,500,4,0,0,0,epoch milliseconds (2018-03-02 09:37:19.483000),10.0,
S1_Bending_1_extracted,Event_7,android.sensor.accelerometer,android.sensor.accelerometer_Event_7.data,494,4,0,0,0,epoch milliseconds (2018-03-02 09:37:19.488000),10.0,
S1_Bending_1_extracted,Event_7,android.sensor.gyroscope,android.sensor.gyroscope_Event_7.data,494,4,0,0,0,epoch milliseconds (2018-03-02 09:37:19.485000),10.0,
S1_Bending_1_extracted,Event_8,JinsAccelerometer,JinsAccelerometer_Event_8.data,100,4,0,0,0,epoch milliseconds (2018-03-02 09:37:35.172000),52.0,
S1_Bending_1_extracted,Event_8,JinsBlinkSpeed,JinsBlinkSpeed_Event_8.data,100,2,0,0,0,epoch milliseconds (2018-03-02 09:37:35.172000),52.0,
S1_Bending_1_extracted,Event_8,JinsBlinkStrength,JinsBlinkStrength_Event_8.data,100,2,0,0,0,epoch milliseconds (2018-03-02 09:37:35.172000),52.0,
S1_Bending_1_extracted,Event_8,JinsEyeMovement,JinsEyeMovement_Event_8.data,100,5,0,0,0,epoch milliseconds (2018-03-02 09:37:35.172000),52.0,
S1_Bending_1_extracted,Event_8,JinsGyroscope,JinsGyroscope_Event_8.data,100,4,0,0,0,epoch milliseconds (2018-03-02 09:37:35.172000),52.0,
S1_Bending_1_extracted,Event_8,PhoneAccelerometer,PhoneAccelerometer_Event_8.data,1007,4,0,0,0,epoch milliseconds (2018-03-02 09:37:35.172000),5.0,
S1_Bending_1_extracted,Event_8,PhoneGravity,PhoneGravity_Event_8.data,1009,4,0,0,0,epoch milliseconds (2018-03-02 09:37:35.171000),5.0,
S1_Bending_1_extracted,Event_8,PhoneGyroscope,PhoneGyroscope_Event_8.data,1007,4,0,0,0,epoch milliseconds (2018-03-02 09:37:35.168000),5.0,
S1_Bending_1_extracted,Event_8,PhoneLinearAccelerometer,PhoneLinearAccelerometer_Event_8.data,1010,4,0,0,0,epoch milliseconds (2018-03-02 09:37:35.168000),5.0,
S1_Bending_1_extracted,Event_8,PhoneMagnetometer,PhoneMagnetometer_Event_8.data,502,4,0,0,0,epoch milliseconds (2018-03-02 09:37:35.169000),10.0,
S1_Bending_1_extracted,Event_8,android.sensor.accelerometer,android.sensor.accelerometer_Event_8.data,504,4,0,0,0,epoch milliseconds (2018-03-02 09:37:35.172000),10.0,
S1_Bending_1_extracted,Event_8,android.sensor.gyroscope,android.sensor.gyroscope_Event_8.data,505,4,0,0,0,epoch milliseconds (2018-03-02 09:37:35.169000),10.0,
S1_Bending_1_extracted,Event_9,JinsAccelerometer,JinsAccelerometer_Event_9.data,101,4,0,0,0,epoch milliseconds (2018-03-02 09:37:46.695000),52.0,
S1_Bending_1_extracted,Event_9,JinsBlinkSpeed,JinsBlinkSpeed_Event_9.data,101,2,0,0,0,epoch milliseconds (2018-03-02 09:37:46.695000),52.0,
S1_Bending_1_extracted,Event_9,JinsBlinkStrength,JinsBlinkStrength_Event_9.data,101,2,0,0,0,epoch milliseconds (2018-03-02 09:37:46.695000),52.0,
S1_Bending_1_extracted,Event_9,JinsEyeMovement,JinsEyeMovement_Event_9.data,101,5,0,0,0,epoch milliseconds (2018-03-02 09:37:46.695000),52.0,
S1_Bending_1_extracted,Event_9,JinsGyroscope,JinsGyroscope_Event_9.data,101,4,0,0,0,epoch milliseconds (2018-03-02 09:37:46.695000),52.0,
S1_Bending_1_extracted,Event_9,PhoneAccelerometer,PhoneAccelerometer_Event_9.data,1006,4,0,0,0,epoch milliseconds (2018-03-02 09:37:46.691000),5.0,
S1_Bending_1_extracted,Event_9,PhoneGravity,PhoneGravity_Event_9.data,1008,4,0,0,0,epoch milliseconds (2018-03-02 09:37:46.691000),5.0,
S1_Bending_1_extracted,Event_9,PhoneGyroscope,PhoneGyroscope_Event_9.data,1006,4,0,0,0,epoch milliseconds (2018-03-02 09:37:46.692000),5.0,
S1_Bending_1_extracted,Event_9,PhoneLinearAccelerometer,PhoneLinearAccelerometer_Event_9.data,1008,4,0,0,0,epoch milliseconds (2018-03-02 09:37:46.690000),5.0,
S1_Bending_1_extracted,Event_9,PhoneMagnetometer,PhoneMagnetometer_Event_9.data,500,4,0,0,0,epoch milliseconds (2018-03-02 09:37:46.694000),10.0,
S1_Bending_1_extracted,Event_9,android.sensor.accelerometer,android.sensor.accelerometer_Event_9.data,506,4,0,0,0,epoch milliseconds (2018-03-02 09:37:46.689000),10.0,
S1_Bending_1_extracted,Event_9,android.sensor.gyroscope,android.sensor.gyroscope_Event_9.data,506,4,0,0,0,epoch milliseconds (2018-03-02 09:37:46.696000),10.0,
S1_Bending_2_extracted,Event_0,JinsAccelerometer,JinsAccelerometer_Event_0.data,101,4,0,0,0,epoch milliseconds (2018-03-02 09:40:11.498000),52.0,
S1_Bending_2_extracted,Event_0,JinsBlinkSpeed,JinsBlinkSpeed_Event_0.data,101,2,0,0,0,epoch milliseconds (2018-03-02 09:40:11.498000),52.0,
S1_Bending_2_extracted,Event_0,JinsBlinkStrength,JinsBlinkStrength_Event_0.data,101,2,0,0,0,epoch milliseconds (2018-03-02 09:40:11.498000),52.0,
S1_Bending_2_extracted,Event_0,JinsEyeMovement,JinsEyeMovement_Event_0.data,101,5,0,0,0,epoch milliseconds (2018-03-02 09:40:11.498000),52.0,
S1_Bending_2_extracted,Event_0,JinsGyroscope,JinsGyroscope_Event_0.data,101,4,0,0,0,epoch milliseconds (2018-03-02 09:40:11.498000),52.0,
S1_Bending_2_extracted,Event_0,PhoneAccelerometer,PhoneAccelerometer_Event_0.data,1008,4,0,0,0,epoch milliseconds (2018-03-02 09:40:11.499000),5.0,
S1_Bending_2_extracted,Event_0,PhoneGravity,PhoneGravity_Event_0.data,1007,4,0,0,0,epoch milliseconds (2018-03-02 09:40:11.499000),5.0,
S1_Bending_2_extracted,Event_0,PhoneGyroscope,PhoneGyroscope_Event_0.data,1005,4,0,0,0,epoch milliseconds (2018-03-02 09:40:11.497000),5.0,
S1_Bending_2_extracted,Event_0,PhoneLinearAccelerometer,PhoneLinearAccelerometer_Event_0.data,1008,4,0,0,0,epoch milliseconds (2018-03-02 09:40:11.497000),5.0,
S1_Bending_2_extracted,Event_0,PhoneMagnetometer,PhoneMagnetometer_Event_0.data,501,4,0,0,0,epoch milliseconds (2018-03-02 09:40:11.505000),10.0,
S1_Bending_2_extracted,Event_0,android.sensor.accelerometer,android.sensor.accelerometer_Event_0.data,490,4,0,0,0,epoch milliseconds (2018-03-02 09:40:11.500000),10.0,
S1_Bending_2_extracted,Event_0,android.sensor.gyroscope,android.sensor.gyroscope_Event_0.data,490,4,0,0,0,epoch milliseconds (2018-03-02 09:40:11.498000),10.0,
S1_Bending_2_extracted,Event_1,JinsAccelerometer,JinsAccelerometer_Event_1.data,101,4,0,0,0,epoch milliseconds (2018-03-02 09:40:21.552000),52.0,
S1_Bending_2_extracted,Event_1,JinsBlinkSpeed,JinsBlinkSpeed_Event_1.data,101,2,0,0,0,epoch milliseconds (2018-03-02 09:40:21.552000),52.0,
S1_Bending_2_extracted,Event_1,JinsBlinkStrength,JinsBlinkStrength_Event_1.data,101,2,0,0,0,epoch milliseconds (2018-03-02 09:40:21.552000),52.0,
S1_Bending_2_extracted,Event_1,JinsEyeMovement,JinsEyeMovement_Event_1.data,101,5,0,0,0,epoch milliseconds (2018-03-02 09:40:21.552000),52.0,
S1_Bending_2_extracted,Event_1,JinsGyroscope,JinsGyroscope_Event_1.data,101,4,0,0,0,epoch milliseconds (2018-03-02 09:40:21.552000),52.0,
S1_Bending_2_extracted,Event_1,PhoneAccelerometer,PhoneAccelerometer_Event_1.data,1007,4,0,0,0,epoch milliseconds (2018-03-02 09:40:21.537000),5.0,
S1_Bending_2_extracted,Event_1,PhoneGravity,PhoneGravity_Event_1.data,1007,4,0,0,0,epoch milliseconds (2018-03-02 09:40:21.539000),5.0,
S1_Bending_2_extracted,Event_1,PhoneGyroscope,PhoneGyroscope_Event_1.data,1009,4,0,0,0,epoch milliseconds (2018-03-02 09:40:21.537000),5.0,
S1_Bending_2_extracted,Event_1,PhoneLinearAccelerometer,PhoneLinearAccelerometer_Event_1.data,1006,4,0,0,0,epoch milliseconds (2018-03-02 09:40:21.540000),5.0,
S1_Bending_2_extracted,Event_1,PhoneMagnetometer,PhoneMagnetometer_Event_1.data,501,4,0,0,0,epoch milliseconds (2018-03-02 09:40:21.542000),10.0,
S1_Bending_2_extracted,Event_1,android.sensor.accelerometer,android.sensor.accelerometer_Event_1.data,492,4,0,0,0,epoch milliseconds (2018-03-02 09:40:21.537000),10.0,
S1_Bending_2_extracted,Event_1,android.sensor.gyroscope,android.sensor.gyroscope_Event_1.data,492,4,0,0,0,epoch milliseconds (2018-03-02 09:40:21.537000),10.0,
S1_Bending_2_extracted,Event_2,JinsAccelerometer,JinsAccelerometer_Event_2.data,99,4,0,0,0,epoch milliseconds (2018-03-02 09:40:31.285000),52.5,
S1_Bending_2_extracted,Event_2,JinsBlinkSpeed,JinsBlinkSpeed_Event_2.data,99,2,0,0,0,epoch milliseconds (2018-03-02 09:40:31.285000),52.5,
S1_Bending_2_extracted,Event_2,JinsBlinkStrength,JinsBlinkStrength_Event_2.data,99,2,0,0,0,epoch milliseconds (2018-03-02 09:40:31.285000),52.5,
S1_Bending_2_extracted,Event_2,JinsEyeMovement,JinsEyeMovement_Event_2.data,99,5,0,0,0,epoch milliseconds (2018-03-02 09:40:31.285000),52.5,
S1_Bending_2_extracted,Event_2,JinsGyroscope,JinsGyroscope_Event_2.data,99,4,0,0,0,epoch milliseconds (2018-03-02 09:40:31.285000),52.5,
S1_Bending_2_extracted,Event_2,PhoneAccelerometer,PhoneAccelerometer_Event_2.data,1008,4,0,0,0,epoch milliseconds (2018-03-02 09:40:31.241000),5.0,
S1_Bending_2_extracted,Event_2,PhoneGravity,PhoneGravity_Event_2.data,1012,4,0,0,0,epoch milliseconds (2018-03-02 09:40:31.242000),5.0,
S1_Bending_2_extracted,Event_2,PhoneGyroscope,PhoneGyroscope_Event_2.data,1012,4,0,0,0,epoch milliseconds (2018-03-02 09:40:31.240000),5.0,
S1_Bending_2_extracted,Event_2,PhoneLinearAccelerometer,PhoneLinearAccelerometer_Event_2.data,1010,4,0,0,0,epoch milliseconds (2018-03-02 09:40:31.242000),5.0,
S1_Bending_2_extracted,Event_2,PhoneMagnetometer,PhoneMagnetometer_Event_2.data,501,4,0,0,0,epoch milliseconds (2018-03-02 09:40:31.246000),10.0,
S1_Bending_2_extracted,Event_2,android.sensor.accelerometer,android.sensor.accelerometer_Event_2.data,493,4,0,0,0,epoch milliseconds (2018-03-02 09:40:31.249000),10.0,
S1_Bending_2_extracted,Event_2,android.sensor.gyroscope,android.sensor.gyroscope_Event_2.data,494,4,0,0,0,epoch milliseconds (2018-03-02 09:40:31.248000),10.0,
S1_Bending_2_extracted,Event_3,JinsAccelerometer,JinsAccelerometer_Event_3.data,100,4,0,0,0,epoch milliseconds (2018-03-02 09:40:41.891000),52.0,
S1_Bending_2_extracted,Event_3,JinsBlinkSpeed,JinsBlinkSpeed_Event_3.data,100,2,0,0,0,epoch milliseconds (2018-03-02 09:40:41.891000),52.0,
S1_Bending_2_extracted,Event_3,JinsBlinkStrength,JinsBlinkStrength_Event_3.data,100,2,0,0,0,epoch milliseconds (2018-03-02 09:40:41.891000),52.0,
S1_Bending_2_extracted,Event_3,JinsEyeMovement,JinsEyeMovement_Event_3.data,100,5,0,0,0,epoch milliseconds (2018-03-02 09:40:41.891000),52.0,
S1_Bending_2_extracted,Event_3,JinsGyroscope,JinsGyroscope_Event_3.data,100,4,0,0,0,epoch milliseconds (2018-03-02 09:40:41.891000),52.0,
S1_Bending_2_extracted,Event_3,PhoneAccelerometer,PhoneAccelerometer_Event_3.data,1008,4,0,0,0,epoch milliseconds (2018-03-02 09:40:41.877000),5.0,
S1_Bending_2_extracted,Event_3,PhoneGravity,PhoneGravity_Event_3.data,1008,4,0,0,0,epoch milliseconds (2018-03-02 09:40:41.874000),5.0,
S1_Bending_2_extracted,Event_3,PhoneGyroscope,PhoneGyroscope_Event_3.data,1008,4,0,0,0,epoch milliseconds (2018-03-02 09:40:41.876000),5.0,
S1_Bending_2_extracted,Event_3,PhoneLinearAccelerometer,PhoneLinearAccelerometer_Event_3.data,1009,4,0,0,0,epoch milliseconds (2018-03-02 09:40:41.872000),5.0,
S1_Bending_2_extracted,Event_3,PhoneMagnetometer,PhoneMagnetometer_Event_3.data,500,4,0,0,0,epoch milliseconds (2018-03-02 09:40:41.879000),10.0,
S1_Bending_2_extracted,Event_3,android.sensor.accelerometer,android.sensor.accelerometer_Event_3.data,508,4,0,0,0,epoch milliseconds (2018-03-02 09:40:41.891000),10.0,
S1_Bending_2_extracted,Event_3,android.sensor.gyroscope,android.sensor.gyroscope_Event_3.data,508,4,0,0,0,epoch milliseconds (2018-03-02 09:40:41.873000),10.0,
S1_Bending_2_extracted,Event_4,JinsAccelerometer,JinsAccelerometer_Event_4.data,100,4,0,0,0,epoch milliseconds (2018-03-02 09:40:52.657000),52.0,
S1_Bending_2_extracted,Event_4,JinsBlinkSpeed,JinsBlinkSpeed_Event_4.data,100,2,0,0,0,epoch milliseconds (2018-03-02 09:40:52.657000),52.0,
S1_Bending_2_extracted,Event_4,JinsBlinkStrength,JinsBlinkStrength_Event_4.data,100,2,0,0,0,epoch milliseconds (2018-03-02 09:40:52.657000),52.0,
S1_Bending_2_extracted,Event_4,JinsEyeMovement,JinsEyeMovement_Event_4.data,100,5,0,0,0,epoch milliseconds (2018-03-02 09:40:52.657000),52.0,
S1_Bending_2_extracted,Event_4,JinsGyroscope,JinsGyroscope_Event_4.data,100,4,0,0,0,epoch milliseconds (2018-03-02 09:40:52.657000),52.0,
S1_Bending_2_extracted,Event_4,PhoneAccelerometer,PhoneAccelerometer_Event_4.data,1007,4,0,0,0,epoch milliseconds (2018-03-02 09:40:52.625000),5.0,
S1_Bending_2_extracted,Event_4,PhoneGravity,PhoneGravity_Event_4.data,1006,4,0,0,0,epoch milliseconds (2018-03-02 09:40:52.626000),5.0,
S1_Bending_2_extracted,Event_4,PhoneGyroscope,PhoneGyroscope_Event_4.data,1009,4,0,0,0,epoch milliseconds (2018-03-02 09:40:52.626000),5.0,
S1_Bending_2_extracted,Event_4,PhoneLinearAccelerometer,PhoneLinearAccelerometer_Event_4.data,1006,4,0,0,0,epoch milliseconds (2018-03-02 09:40:52.627000),5.0,
S1_Bending_2_extracted,Event_4,PhoneMagnetometer,PhoneMagnetometer_Event_4.data,501,4,0,0,0,epoch milliseconds (2018-03-02 09:40:52.629000),10.0,
S1_Bending_2_extracted,Event_4,android.sensor.accelerometer,android.sensor.accelerometer_Event_4.data,497,4,0,0,0,epoch milliseconds (2018-03-02 09:40:52.626000),10.0,
S1_Bending_2_extracted,Event_4,android.sensor.gyroscope,android.sensor.gyroscope_Event_4.data,497,4,0,0,0,epoch milliseconds (2018-03-02 09:40:52.631000),10.0,
S1_Bending_2_extracted,Event_5,JinsAccelerometer,JinsAccelerometer_Event_5.data,100,4,0,0,0,epoch milliseconds (2018-03-02 09:41:02.391000),53.0,
S1_Bending_2_extracted,Event_5,JinsBlinkSpeed,JinsBlinkSpeed_Event_5.data,100,2,0,0,0,epoch milliseconds (2018-03-02 09:41:02.391000),53.0,
S1_Bending_2_extracted,Event_5,JinsBlinkStrength,JinsBlinkStrength_Event_5.data,100,2,0,0,0,epoch milliseconds (2018-03-02 09:41:02.391000),53.0,
S1_Bending_2_extracted,Event_5,JinsEyeMovement,JinsEyeMovement_Event_5.data,100,5,0,0,0,epoch milliseconds (2018-03-02 09:41:02.391000),53.0,
S1_Bending_2_extracted,Event_5,JinsGyroscope,JinsGyroscope_Event_5.data,100,4,0,0,0,epoch milliseconds (2018-03-02 09:41:02.391000),53.0,
S1_Bending_2_extracted,Event_5,PhoneAccelerometer,PhoneAccelerometer_Event_5.data,1003,4,0,0,0,epoch milliseconds (2018-03-02 09:41:02.385000),5.0,
S1_Bending_2_extracted,Event_5,PhoneGravity,PhoneGravity_Event_5.data,1007,4,0,0,0,epoch milliseconds (2018-03-02 09:41:02.386000),5.0,
S1_Bending_2_extracted,Event_5,PhoneGyroscope,PhoneGyroscope_Event_5.data,1007,4,0,0,0,epoch milliseconds (2018-03-02 09:41:02.386000),5.0,
S1_Bending_2_extracted,Event_5,PhoneLinearAccelerometer,PhoneLinearAccelerometer_Event_5.data,1010,4,0,0,0,epoch milliseconds (2018-03-02 09:41:02.388000),5.0,
S1_Bending_2_extracted,Event_5,PhoneMagnetometer,PhoneMagnetometer_Event_5.data,500,4,0,0,0,epoch milliseconds (2018-03-02 09:41:02.393000),10.0,
S1_Bending_2_extracted,Event_5,android.sensor.accelerometer,android.sensor.accelerometer_Event_5.data,504,4,0,0,0,epoch milliseconds (2018-03-02 09:41:02.385000),10.0,
S1_Bending_2_extracted,Event_5,android.sensor.gyroscope,android.sensor.gyroscope_Event_5.data,503,4,0,0,0,epoch milliseconds (2018-03-02 09:41:02.388000),10.0,
S1_Bending_2_extracted,Event_6,JinsAccelerometer,JinsAccelerometer_Event_6.data,100,4,0,0,0,epoch milliseconds (2018-03-02 09:41:12.498000),52.0,
S1_Bending_2_extracted,Event_6,JinsBlinkSpeed,JinsBlinkSpeed_Event_6.data,100,2,0,0,0,epoch milliseconds (2018-03-02 09:41:12.498000),52.0,
S1_Bending_2_extracted,Event_6,JinsBlinkStrength,JinsBlinkStrength_Event_6.data,100,2,0,0,0,epoch milliseconds (2018-03-02 09:41:12.498000),52.0,
S1_Bending_2_extracted,Event_6,JinsEyeMovement,JinsEyeMovement_Event_6.data,100,5,0,0,0,epoch milliseconds (2018-03-02 09:41:12.498000),52.0,
S1_Bending_2_extracted,Event_6,JinsGyroscope,JinsGyroscope_Event_6.data,100,4,0,0,0,epoch milliseconds (2018-03-02 09:41:12.498000),52.0,
S1_Bending_2_extracted,Event_6,PhoneAccelerometer,PhoneAccelerometer_Event_6.data,1007,4,0,0,0,epoch milliseconds (2018-03-02 09:41:12.464000),5.0,
S1_Bending_2_extracted,Event_6,PhoneGravity,PhoneGravity_Event_6.data,1015,4,0,0,0,epoch milliseconds (2018-03-02 09:41:12.466000),5.0,
S1_Bending_2_extracted,Event_6,PhoneGyroscope,PhoneGyroscope_Event_6.data,1015,4,0,0,0,epoch milliseconds (2018-03-02 09:41:12.465000),5.0,
S1_Bending_2_extracted,Event_6,PhoneLinearAccelerometer,PhoneLinearAccelerometer_Event_6.data,1015,4,0,0,0,epoch milliseconds (2018-03-02 09:41:12.468000),5.0,
S1_Bending_2_extracted,Event_6,PhoneMagnetometer,PhoneMagnetometer_Event_6.data,496,4,0,0,0,epoch milliseconds (2018-03-02 09:41:12.469000),10.0,
S1_Bending_2_extracted,Event_6,android.sensor.accelerometer,android.sensor.accelerometer_Event_6.data,499,4,0,0,0,epoch milliseconds (2018-03-02 09:41:12.465000),10.0,
S1_Bending_2_extracted,Event_6,android.sensor.gyroscope,android.sensor.gyroscope_Event_6.data,498,4,0,0,0,epoch milliseconds (2018-03-02 09:41:12.467000),10.0,
S1_Bending_2_extracted,Event_7,JinsAccelerometer,JinsAccelerometer_Event_7.data,100,4,0,0,0,epoch milliseconds (2018-03-02 09:41:22.394000),53.0,
S1_Bending_2_extracted,Event_7,JinsBlinkSpeed,JinsBlinkSpeed_Event_7.data,100,2,0,0,0,epoch milliseconds (2018-03-02 09:41:22.394000),53.0,
S1_Bending_2_extracted,Event_7,JinsBlinkStrength,JinsBlinkStrength_Event_7.data,100,2,0,0,0,epoch milliseconds (2018-03-02 09:41:22.394000),53.0,
S1_Bending_2_extracted,Event_7,JinsEyeMovement,JinsEyeMovement_Event_7.data,100,5,0,0,0,epoch milliseconds (2018-03-02 09:41:22.394000),53.0,
S1_Bending_2_extracted,Event_7,JinsGyroscope,JinsGyroscope_Event_7.data,100,4,0,0,0,epoch milliseconds (2018-03-02 09:41:22.394000),53.0,
S1_Bending_2_extracted,Event_7,PhoneAccelerometer,PhoneAccelerometer_Event_7.data,1007,4,0,0,0,epoch milliseconds (2018-03-02 09:41:22.363000),5.0,
S1_Bending_2_extracted,Event_7,PhoneGravity,PhoneGravity_Event_7.data,1005,4,0,0,0,epoch milliseconds (2018-03-02 09:41:22.363000),5.0,
S1_Bending_2_extracted,Event_7,PhoneGyroscope,PhoneGyroscope_Event_7.data,1005,4,0,0,0,epoch milliseconds (2018-03-02 09:41:22.362000),5.0,
S1_Bending_2_extracted,Event_7,PhoneLinearAccelerometer,PhoneLinearAccelerometer_Event_7.data,1003,4,0,0,0,epoch milliseconds (2018-03-02 09:41:22.360000),5.0,
S1_Bending_2_extracted,Event_7,PhoneMagnetometer,PhoneMagnetometer_Event_7.data,501,4,0,0,0,epoch milliseconds (2018-03-02 09:41:22.363000),10.0,
S1_Bending_2_extracted,Event_7,android.sensor.accelerometer,android.sensor.accelerometer_Event_7.data,497,4,0,0,0,epoch milliseconds (2018-03-02 09:41:22.366000),10.0,
S1_Bending_2_extracted,Event_7,android.sensor.gyroscope,android.sensor.gyroscope_Event_7.data,497,4,0,0,0,epoch milliseconds (2018-03-02 09:41:22.369000),10.0,
S1_Bending_2_extracted,Event_8,JinsAccelerometer,JinsAccelerometer_Event_8.data,101,4,0,0,0,epoch milliseconds (2018-03-02 09:41:34.708000),52.0,
S1_Bending_2_extracted,Event_8,JinsBlinkSpeed,JinsBlinkSpeed_Event_8.data,101,2,0,0,0,epoch milliseconds (2018-03-02 09:41:34.708000),52.0,
S1_Bending_2_extracted,Event_8,JinsBlinkStrength,JinsBlinkStrength_Event_8.data,101,2,0,0,0,epoch milliseconds (2018-03-02 09:41:34.708000),52.0,
S1_Bending_2_extracted,Event_8,JinsEyeMovement,JinsEyeMovement_Event_8.data,101,5,0,0,0,epoch milliseconds (2018-03-02 09:41:34.708000),52.0,
S1_Bending_2_extracted,Event_8,JinsGyroscope,JinsGyroscope_Event_8.data,101,4,0,0,0,epoch milliseconds (2018-03-02 09:41:34.708000),52.0,
S1_Bending_2_extracted,Event_8,PhoneAccelerometer,PhoneAccelerometer_Event_8.data,1008,4,0,0,0,epoch milliseconds (2018-03-02 09:41:34.697000),5.0,
S1_Bending_2_extracted,Event_8,PhoneGravity,PhoneGravity_Event_8.data,1007,4,0,0,0,epoch milliseconds (2018-03-02 09:41:34.696000),5.0,
S1_Bending_2_extracted,Event_8,PhoneGyroscope,PhoneGyroscope_Event_8.data,1004,4,0,0,0,epoch milliseconds (2018-03-02 09:41:34.699000),5.0,
S1_Bending_2_extracted,Event_8,PhoneLinearAccelerometer,PhoneLinearAccelerometer_Event_8.data,1004,4,0,0,0,epoch milliseconds (2018-03-02 09:41:34.697000),5.0,
S1_Bending_2_extracted,Event_8,PhoneMagnetometer,PhoneMagnetometer_Event_8.data,501,4,0,0,0,epoch milliseconds (2018-03-02 09:41:34.698000),10.0,
S1_Bending_2_extracted,Event_8,android.sensor.accelerometer,android.sensor.accelerometer_Event_8.data,494,4,0,0,0,epoch milliseconds (2018-03-02 09:41:34.705000),10.0,
S1_Bending_2_extracted,Event_8,android.sensor.gyroscope,android.sensor.gyroscope_Event_8.data,494,4,0,0,0,epoch milliseconds (2018-03-02 09:41:34.699000),10.0,
S1_Bending_2_extracted,Event_9,JinsAccelerometer,JinsAccelerometer_Event_9.data,100,4,0,0,0,epoch milliseconds (2018-03-02 09:41:45.157000),52.0,
S1_Bending_2_extracted,Event_9,JinsBlinkSpeed,JinsBlinkSpeed_Event_9.data,100,2,0,0,0,epoch milliseconds (2018-03-02 09:41:45.157000),52.0,
S1_Bending_2_extracted,Event_9,JinsBlinkStrength,JinsBlinkStrength_Event_9.data,100,2,0,0,0,epoch milliseconds (2018-03-02 09:41:45.157000),52.0,
S1_Bending_2_extracted,Event_9,JinsEyeMovement,JinsEyeMovement_Event_9.data,100,5,0,0,0,epoch milliseconds (2018-03-02 09:41:45.157000),52.0,
S1_Bending_2_extracted,Event_9,JinsGyroscope,JinsGyroscope_Event_9.data,100,4,0,0,0,epoch milliseconds (2018-03-02 09:41:45.157000),52.0,
S1_Bending_2_extracted,Event_9,PhoneAccelerometer,PhoneAccelerometer_Event_9.data,1006,4,0,0,0,epoch milliseconds (2018-03-02 09:41:45.132000),5.0,
S1_Bending_2_extracted,Event_9,PhoneGravity,PhoneGravity_Event_9.data,1007,4,0,0,0,epoch milliseconds (2018-03-02 09:41:45.130000),5.0,
S1_Bending_2_extracted,Event_9,PhoneGyroscope,PhoneGyroscope_Event_9.data,1006,4,0,0,0,epoch milliseconds (2018-03-02 09:41:45.128000),5.0,
S1_Bending_2_extracted,Event_9,PhoneLinearAccelerometer,PhoneLinearAccelerometer_Event_9.data,1006,4,0,0,0,epoch milliseconds (2018-03-02 09:41:45.132000),5.0,
S1_Bending_2_extracted,Event_9,PhoneMagnetometer,PhoneMagnetometer_Event_9.data,501,4,0,0,0,epoch milliseconds (2018-03-02 09:41:45.128000),10.0,
S1_Bending_2_extracted,Event_9,android.sensor.accelerometer,android.sensor.accelerometer_Event_9.data,491,4,0,0,0,epoch milliseconds (2018-03-02 09:41:45.134000),10.0,
S1_Bending_2_extracted,Event_9,android.sensor.gyroscope,android.sensor.gyroscope_Event_9.data,491,4,0,0,0,epoch milliseconds (2018-03-02 09:41:45.134000),10.0,
S1_Bring_1_extracted,Event_0,JinsAccelerometer,JinsAccelerometer_Event_0.data,100,4,0,0,0,epoch milliseconds (2018-03-06 18:07:06.248000),52.0,
S1_Bring_1_extracted,Event_0,JinsBlinkSpeed,JinsBlinkSpeed_Event_0.data,100,2,0,0,0,epoch milliseconds (2018-03-06 18:07:06.248000),52.0,
S1_Bring_1_extracted,Event_0,JinsBlinkStrength,JinsBlinkStrength_Event_0.data,100,2,0,0,0,epoch milliseconds (2018-03-06 18:07:06.248000),52.0,
S1_Bring_1_extracted,Event_0,JinsEyeMovement,JinsEyeMovement_Event_0.data,100,5,0,0,0,epoch milliseconds (2018-03-06 18:07:06.248000),52.0,
S1_Bring_1_extracted,Event_0,JinsGyroscope,JinsGyroscope_Event_0.data,100,4,0,0,0,epoch milliseconds (2018-03-06 18:07:06.248000),52.0,
S1_Bring_1_extracted,Event_0,PhoneAccelerometer,PhoneAccelerometer_Event_0.data,1006,4,0,0,0,epoch milliseconds (2018-03-06 18:07:06.204000),5.0,
S1_Bring_1_extracted,Event_0,PhoneGravity,PhoneGravity_Event_0.data,1007,4,0,0,0,epoch milliseconds (2018-03-06 18:07:06.203000),5.0,
S1_Bring_1_extracted,Event_0,PhoneGyroscope,PhoneGyroscope_Event_0.data,1006,4,0,0,0,epoch milliseconds (2018-03-06 18:07:06.203000),5.0,
S1_Bring_1_extracted,Event_0,PhoneLinearAccelerometer,PhoneLinearAccelerometer_Event_0.data,1008,4,0,0,0,epoch milliseconds (2018-03-06 18:07:06.201000),5.0,
S1_Bring_1_extracted,Event_0,PhoneMagnetometer,PhoneMagnetometer_Event_0.data,501,4,0,0,0,epoch milliseconds (2018-03-06 18:07:06.207000),10.0,
S1_Bring_1_extracted,Event_0,android.sensor.accelerometer,android.sensor.accelerometer_Event_0.data,488,4,0,0,0,epoch milliseconds (2018-03-06 18:07:06.207000),10.0,
S1_Bring_1_extracted,Event_0,android.sensor.gyroscope,android.sensor.gyroscope_Event_0.data,489,4,0,0,0,epoch milliseconds (2018-03-06 18:07:06.200000),10.0,
S1_Bring_1_extracted,Event_1,JinsAccelerometer,JinsAccelerometer_Event_1.data,99,4,0,0,0,epoch milliseconds (2018-03-06 18:07:25.994000),52.0,
S1_Bring_1_extracted,Event_1,JinsBlinkSpeed,JinsBlinkSpeed_Event_1.data,99,2,0,0,0,epoch milliseconds (2018-03-06 18:07:25.994000),52.0,
S1_Bring_1_extracted,Event_1,JinsBlinkStrength,JinsBlinkStrength_Event_1.data,99,2,0,0,0,epoch milliseconds (2018-03-06 18:07:25.994000),52.0,
S1_Bring_1_extracted,Event_1,JinsEyeMovement,JinsEyeMovement_Event_1.data,99,5,0,0,0,epoch milliseconds (2018-03-06 18:07:25.994000),52.0,
S1_Bring_1_extracted,Event_1,JinsGyroscope,JinsGyroscope_Event_1.data,99,4,0,0,0,epoch milliseconds (2018-03-06 18:07:25.994000),52.0,
S1_Bring_1_extracted,Event_1,PhoneAccelerometer,PhoneAccelerometer_Event_1.data,1007,4,0,0,0,epoch milliseconds (2018-03-06 18:07:25.944000),5.0,
S1_Bring_1_extracted,Event_1,PhoneGravity,PhoneGravity_Event_1.data,1005,4,0,0,0,epoch milliseconds (2018-03-06 18:07:25.947000),5.0,
S1_Bring_1_extracted,Event_1,PhoneGyroscope,PhoneGyroscope_Event_1.data,1005,4,0,0,0,epoch milliseconds (2018-03-06 18:07:25.944000),5.0,
S1_Bring_1_extracted,Event_1,PhoneLinearAccelerometer,PhoneLinearAccelerometer_Event_1.data,1006,4,0,0,0,epoch milliseconds (2018-03-06 18:07:25.945000),5.0,
S1_Bring_1_extracted,Event_1,PhoneMagnetometer,PhoneMagnetometer_Event_1.data,501,4,0,0,0,epoch milliseconds (2018-03-06 18:07:25.944000),10.0,
S1_Bring_1_extracted,Event_1,android.sensor.accelerometer,android.sensor.accelerometer_Event_1.data,501,4,0,0,0,epoch milliseconds (2018-03-06 18:07:25.948000),10.0,
S1_Bring_1_extracted,Event_1,android.sensor.gyroscope,android.sensor.gyroscope_Event_1.data,501,4,0,0,0,epoch milliseconds (2018-03-06 18:07:25.953000),10.0,
S1_Bring_1_extracted,Event_2,JinsAccelerometer,JinsAccelerometer_Event_2.data,100,4,0,0,0,epoch milliseconds (2018-03-06 18:07:43.550000),52.0,
S1_Bring_1_extracted,Event_2,JinsBlinkSpeed,JinsBlinkSpeed_Event_2.data,100,2,0,0,0,epoch milliseconds (2018-03-06 18:07:43.550000),52.0,
S1_Bring_1_extracted,Event_2,JinsBlinkStrength,JinsBlinkStrength_Event_2.data,100,2,0,0,0,epoch milliseconds (2018-03-06 18:07:43.550000),52.0,
S1_Bring_1_extracted,Event_2,JinsEyeMovement,JinsEyeMovement_Event_2.data,100,5,0,0,0,epoch milliseconds (2018-03-06 18:07:43.550000),52.0,
S1_Bring_1_extracted,Event_2,JinsGyroscope,JinsGyroscope_Event_2.data,100,4,0,0,0,epoch milliseconds (2018-03-06 18:07:43.550000),52.0,
S1_Bring_1_extracted,Event_2,PhoneAccelerometer,PhoneAccelerometer_Event_2.data,1007,4,0,0,0,epoch milliseconds (2018-03-06 18:07:43.521000),5.0,
S1_Bring_1_extracted,Event_2,PhoneGravity,PhoneGravity_Event_2.data,1007,4,0,0,0,epoch milliseconds (2018-03-06 18:07:43.522000),5.0,
S1_Bring_1_extracted,Event_2,PhoneGyroscope,PhoneGyroscope_Event_2.data,1005,4,0,0,0,epoch milliseconds (2018-03-06 18:07:43.524000),5.0,
S1_Bring_1_extracted,Event_2,PhoneLinearAccelerometer,PhoneLinearAccelerometer_Event_2.data,1007,4,0,0,0,epoch milliseconds (2018-03-06 18:07:43.521000),5.0,
S1_Bring_1_extracted,Event_2,PhoneMagnetometer,PhoneMagnetometer_Event_2.data,501,4,0,0,0,epoch milliseconds (2018-03-06 18:07:43.525000),10.0,
S1_Bring_1_extracted,Event_2,android.sensor.accelerometer,android.sensor.accelerometer_Event_2.data,503,4,0,0,0,epoch milliseconds (2018-03-06 18:07:43.523000),10.0,
S1_Bring_1_extracted,Event_2,android.sensor.gyroscope,android.sensor.gyroscope_Event_2.data,503,4,0,0,0,epoch milliseconds (2018-03-06 18:07:43.527000),10.0,
S1_Bring_1_extracted,Event_3,JinsAccelerometer,JinsAccelerometer_Event_3.data,99,4,0,0,0,epoch milliseconds (2018-03-06 18:08:02.686000),53.0,
S1_Bring_1_extracted,Event_3,JinsBlinkSpeed,JinsBlinkSpeed_Event_3.data,99,2,0,0,0,epoch milliseconds (2018-03-06 18:08:02.686000),53.0,
S1_Bring_1_extracted,Event_3,JinsBlinkStrength,JinsBlinkStrength_Event_3.data,99,2,0,0,0,epoch milliseconds (2018-03-06 18:08:02.686000),53.0,
S1_Bring_1_extracted,Event_3,JinsEyeMovement,JinsEyeMovement_Event_3.data,99,5,0,0,0,epoch milliseconds (2018-03-06 18:08:02.686000),53.0,
S1_Bring_1_extracted,Event_3,JinsGyroscope,JinsGyroscope_Event_3.data,99,4,0,0,0,epoch milliseconds (2018-03-06 18:08:02.686000),53.0,
S1_Bring_1_extracted,Event_3,PhoneAccelerometer,PhoneAccelerometer_Event_3.data,1007,4,0,0,0,epoch milliseconds (2018-03-06 18:08:02.652000),5.0,
S1_Bring_1_extracted,Event_3,PhoneGravity,PhoneGravity_Event_3.data,1005,4,0,0,0,epoch milliseconds (2018-03-06 18:08:02.652000),5.0,
S1_Bring_1_extracted,Event_3,PhoneGyroscope,PhoneGyroscope_Event_3.data,1007,4,0,0,0,epoch milliseconds (2018-03-06 18:08:02.648000),5.0,
S1_Bring_1_extracted,Event_3,PhoneLinearAccelerometer,PhoneLinearAccelerometer_Event_3.data,1006,4,0,0,0,epoch milliseconds (2018-03-06 18:08:02.649000),5.0,
S1_Bring_1_extracted,Event_3,PhoneMagnetometer,PhoneMagnetometer_Event_3.data,501,4,0,0,0,epoch milliseconds (2018-03-06 18:08:02.649000),10.0,
S1_Bring_1_extracted,Event_3,android.sensor.accelerometer,android.sensor.accelerometer_Event_3.data,498,4,0,0,0,epoch milliseconds (2018-03-06 18:08:02.654000),10.0,
S1_Bring_1_extracted,Event_3,android.sensor.gyroscope,android.sensor.gyroscope_Event_3.data,498,4,0,0,0,epoch milliseconds (2018-03-06 18:08:02.649000),10.0,
S1_Bring_1_extracted,Event_4,JinsAccelerometer,JinsAccelerometer_Event_4.data,99,4,0,0,0,epoch milliseconds (2018-03-06 18:08:18.098000),52.5,
S1_Bring_1_extracted,Event_4,JinsBlinkSpeed,JinsBlinkSpeed_Event_4.data,99,2,0,0,0,epoch milliseconds (2018-03-06 18:08:18.098000),52.5,
S1_Bring_1_extracted,Event_4,JinsBlinkStrength,JinsBlinkStrength_Event_4.data,99,2,0,0,0,epoch milliseconds (2018-03-06 18:08:18.098000),52.5,
S1_Bring_1_extracted,Event_4,JinsEyeMovement,JinsEyeMovement_Event_4.data,99,5,0,0,0,epoch milliseconds (2018-03-06 18:08:18.098000),52.5,
S1_Bring_1_extracted,Event_4,JinsGyroscope,JinsGyroscope_Event_4.data,99,4,0,0,0,epoch milliseconds (2018-03-06 18:08:18.098000),52.5,
S1_Bring_1_extracted,Event_4,PhoneAccelerometer,PhoneAccelerometer_Event_4.data,1006,4,0,0,0,epoch milliseconds (2018-03-06 18:08:18.052000),5.0,
S1_Bring_1_extracted,Event_4,PhoneGravity,PhoneGravity_Event_4.data,1007,4,0,0,0,epoch milliseconds (2018-03-06 18:08:18.050000),5.0,
S1_Bring_1_extracted,Event_4,PhoneGyroscope,PhoneGyroscope_Event_4.data,1006,4,0,0,0,epoch milliseconds (2018-03-06 18:08:18.050000),5.0,
S1_Bring_1_extracted,Event_4,PhoneLinearAccelerometer,PhoneLinearAccelerometer_Event_4.data,1007,4,0,0,0,epoch milliseconds (2018-03-06 18:08:18.053000),5.0,
S1_Bring_1_extracted,Event_4,PhoneMagnetometer,PhoneMagnetometer_Event_4.data,501,4,0,0,0,epoch milliseconds (2018-03-06 18:08:18.051000),10.0,
S1_Bring_1_extracted,Event_4,android.sensor.accelerometer,android.sensor.accelerometer_Event_4.data,500,4,0,0,0,epoch milliseconds (2018-03-06 18:08:18.056000),10.0,
S1_Bring_1_extracted,Event_4,android.sensor.gyroscope,android.sensor.gyroscope_Event_4.data,501,4,0,0,0,epoch milliseconds (2018-03-06 18:08:18.054000),10.0,
S1_Bring_1_extracted,Event_5,JinsAccelerometer,JinsAccelerometer_Event_5.data,100,4,0,0,0,epoch milliseconds (2018-03-06 18:08:50.434000),52.0,
S1_Bring_1_extracted,Event_5,JinsBlinkSpeed,JinsBlinkSpeed_Event_5.data,100,2,0,0,0,epoch milliseconds (2018-03-06 18:08:50.434000),52.0,
S1_Bring_1_extracted,Event_5,JinsBlinkStrength,JinsBlinkStrength_Event_5.data,100,2,0,0,0,epoch milliseconds (2018-03-06 18:08:50.434000),52.0,
S1_Bring_1_extracted,Event_5,JinsEyeMovement,JinsEyeMovement_Event_5.data,100,5,0,0,0,epoch milliseconds (2018-03-06 18:08:50.434000),52.0,
S1_Bring_1_extracted,Event_5,JinsGyroscope,JinsGyroscope_Event_5.data,100,4,0,0,0,epoch milliseconds (2018-03-06 18:08:50.434000),52.0,
S1_Bring_1_extracted,Event_5,PhoneAccelerometer,PhoneAccelerometer_Event_5.data,1007,4,0,0,0,epoch milliseconds (2018-03-06 18:08:50.427000),5.0,
S1_Bring_1_extracted,Event_5,PhoneGravity,PhoneGravity_Event_5.data,1006,4,0,0,0,epoch milliseconds (2018-03-06 18:08:50.427000),5.0,
S1_Bring_1_extracted,Event_5,PhoneGyroscope,PhoneGyroscope_Event_5.data,1005,4,0,0,0,epoch milliseconds (2018-03-06 18:08:50.424000),5.0,
S1_Bring_1_extracted,Event_5,PhoneLinearAccelerometer,PhoneLinearAccelerometer_Event_5.data,1005,4,0,0,0,epoch milliseconds (2018-03-06 18:08:50.427000),5.0,
S1_Bring_1_extracted,Event_5,PhoneMagnetometer,PhoneMagnetometer_Event_5.data,500,4,0,0,0,epoch milliseconds (2018-03-06 18:08:50.433000),10.0,
S1_Bring_1_extracted,Event_5,android.sensor.accelerometer,android.sensor.accelerometer_Event_5.data,499,4,0,0,0,epoch milliseconds (2018-03-06 18:08:50.431000),10.0,
S1_Bring_1_extracted,Event_5,android.sensor.gyroscope,android.sensor.gyroscope_Event_5.data,499,4,0,0,0,epoch milliseconds (2018-03-06 18:08:50.429000),10.0,
S1_Bring_1_extracted,Event_6,JinsAccelerometer,JinsAccelerometer_Event_6.data,100,4,0,0,0,epoch milliseconds (2018-03-06 18:09:05.789000),52.0,
S1_Bring_1_extracted,Event_6,JinsBlinkSpeed,JinsBlinkSpeed_Event_6.data,100,2,0,0,0,epoch milliseconds (2018-03-06 18:09:05.789000),52.0,
S1_Bring_1_extracted,Event_6,JinsBlinkStrength,JinsBlinkStrength_Event_6.data,100,2,0,0,0,epoch milliseconds (2018-03-06 18:09:05.789000),52.0,
S1_Bring_1_extracted,Event_6,JinsEyeMovement,JinsEyeMovement_Event_6.data,100,5,0,0,0,epoch milliseconds (2018-03-06 18:09:05.789000),52.0,
S1_Bring_1_extracted,Event_6,JinsGyroscope,JinsGyroscope_Event_6.data,100,4,0,0,0,epoch milliseconds (2018-03-06 18:09:05.789000),52.0,
S1_Bring_1_extracted,Event_6,PhoneAccelerometer,PhoneAccelerometer_Event_6.data,1007,4,0,0,0,epoch milliseconds (2018-03-06 18:09:05.778000),5.0,
S1_Bring_1_extracted,Event_6,PhoneGravity,PhoneGravity_Event_6.data,1007,4,0,0,0,epoch milliseconds (2018-03-06 18:09:05.778000),5.0,
S1_Bring_1_extracted,Event_6,PhoneGyroscope,PhoneGyroscope_Event_6.data,1008,4,0,0,0,epoch milliseconds (2018-03-06 18:09:05.780000),5.0,
S1_Bring_1_extracted,Event_6,PhoneLinearAccelerometer,PhoneLinearAccelerometer_Event_6.data,1008,4,0,0,0,epoch milliseconds (2018-03-06 18:09:05.779000),5.0,
S1_Bring_1_extracted,Event_6,PhoneMagnetometer,PhoneMagnetometer_Event_6.data,501,4,0,0,0,epoch milliseconds (2018-03-06 18:09:05.778000),10.0,
S1_Bring_1_extracted,Event_6,android.sensor.accelerometer,android.sensor.accelerometer_Event_6.data,498,4,0,0,0,epoch milliseconds (2018-03-06 18:09:05.782000),10.0,
S1_Bring_1_extracted,Event_6,android.sensor.gyroscope,android.sensor.gyroscope_Event_6.data,498,4,0,0,0,epoch milliseconds (2018-03-06 18:09:05.783000),10.0,
S1_Bring_1_extracted,Event_7,JinsAccelerometer,JinsAccelerometer_Event_7.data,100,4,0,0,0,epoch milliseconds (2018-03-06 18:09:33.359000),52.0,
S1_Bring_1_extracted,Event_7,JinsBlinkSpeed,JinsBlinkSpeed_Event_7.data,100,2,0,0,0,epoch milliseconds (2018-03-06 18:09:33.359000),52.0,
S1_Bring_1_extracted,Event_7,JinsBlinkStrength,JinsBlinkStrength_Event_7.data,100,2,0,0,0,epoch milliseconds (2018-03-06 18:09:33.359000),52.0,
S1_Bring_1_extracted,Event_7,JinsEyeMovement,JinsEyeMovement_Event_7.data,100,5,0,0,0,epoch milliseconds (2018-03-06 18:09:33.359000),52.0,
S1_Bring_1_extracted,Event_7,JinsGyroscope,JinsGyroscope_Event_7.data,100,4,0,0,0,epoch milliseconds (2018-03-06 18:09:33.359000),52.0,
S1_Bring_1_extracted,Event_7,PhoneAccelerometer,PhoneAccelerometer_Event_7.data,1007,4,0,0,0,epoch milliseconds (2018-03-06 18:09:33.312000),5.0,
S1_Bring_1_extracted,Event_7,PhoneGravity,PhoneGravity_Event_7.data,1006,4,0,0,0,epoch milliseconds (2018-03-06 18:09:33.312000),5.0,
S1_Bring_1_extracted,Event_7,PhoneGyroscope,PhoneGyroscope_Event_7.data,1007,4,0,0,0,epoch milliseconds (2018-03-06 18:09:33.314000),5.0,
S1_Bring_1_extracted,Event_7,PhoneLinearAccelerometer,PhoneLinearAccelerometer_Event_7.data,1008,4,0,0,0,epoch milliseconds (2018-03-06 18:09:33.315000),5.0,
S1_Bring_1_extracted,Event_7,PhoneMagnetometer,PhoneMagnetometer_Event_7.data,501,4,0,0,0,epoch milliseconds (2018-03-06 18:09:33.319000),10.0,
S1_Bring_1_extracted,Event_7,android.sensor.accelerometer,android.sensor.accelerometer_Event_7.data,499,4,0,0,0,epoch milliseconds (2018-03-06 18:09:33.314000),10.0,
S1_Bring_1_extracted,Event_7,android.sensor.gyroscope,android.sensor.gyroscope_Event_7.data,498,4,0,0,0,epoch milliseconds (2018-03-06 18:09:33.319000),10.0,
S1_Bring_1_extracted,Event_8,JinsAccelerometer,JinsAccelerometer_Event_8.data,100,4,0,0,0,epoch milliseconds (2018-03-06 18:09:47.766000),52.0,
S1_Bring_1_extracted,Event_8,JinsBlinkSpeed,JinsBlinkSpeed_Event_8.data,100,2,0,0,0,epoch milliseconds (2018-03-06 18:09:47.766000),52.0,
S1_Bring_1_extracted,Event_8,JinsBlinkStrength,JinsBlinkStrength_Event_8.data,100,2,0,0,0,epoch milliseconds (2018-03-06 18:09:47.766000),52.0,
S1_Bring_1_extracted,Event_8,JinsEyeMovement,JinsEyeMovement_Event_8.data,100,5,0,0,0,epoch milliseconds (2018-03-06 18:09:47.766000),52.0,
S1_Bring_1_extracted,Event_8,JinsGyroscope,JinsGyroscope_Event_8.data,100,4,0,0,0,epoch milliseconds (2018-03-06 18:09:47.766000),52.0,
S1_Bring_1_extracted,Event_8,PhoneAccelerometer,PhoneAccelerometer_Event_8.data,1006,4,0,0,0,epoch milliseconds (2018-03-06 18:09:47.753000),5.0,
S1_Bring_1_extracted,Event_8,PhoneGravity,PhoneGravity_Event_8.data,1007,4,0,0,0,epoch milliseconds (2018-03-06 18:09:47.752000),5.0,
S1_Bring_1_extracted,Event_8,PhoneGyroscope,PhoneGyroscope_Event_8.data,1005,4,0,0,0,epoch milliseconds (2018-03-06 18:09:47.754000),5.0,
S1_Bring_1_extracted,Event_8,PhoneLinearAccelerometer,PhoneLinearAccelerometer_Event_8.data,1005,4,0,0,0,epoch milliseconds (2018-03-06 18:09:47.755000),5.0,
S1_Bring_1_extracted,Event_8,PhoneMagnetometer,PhoneMagnetometer_Event_8.data,501,4,0,0,0,epoch milliseconds (2018-03-06 18:09:47.753000),10.0,
S1_Bring_1_extracted,Event_8,android.sensor.accelerometer,android.sensor.accelerometer_Event_8.data,501,4,0,0,0,epoch milliseconds (2018-03-06 18:09:47.759000),10.0,
S1_Bring_1_extracted,Event_8,android.sensor.gyroscope,android.sensor.gyroscope_Event_8.data,502,4,0,0,0,epoch milliseconds (2018-03-06 18:09:47.754000),10.0,
S1_Bring_1_extracted,Event_9,JinsAccelerometer,JinsAccelerometer_Event_9.data,100,4,0,0,0,epoch milliseconds (2018-03-06 18:10:20.392000),53.0,
S1_Bring_1_extracted,Event_9,JinsBlinkSpeed,JinsBlinkSpeed_Event_9.data,100,2,0,0,0,epoch milliseconds (2018-03-06 18:10:20.392000),53.0,
S1_Bring_1_extracted,Event_9,JinsBlinkStrength,JinsBlinkStrength_Event_9.data,100,2,0,0,0,epoch milliseconds (2018-03-06 18:10:20.392000),53.0,
S1_Bring_1_extracted,Event_9,JinsEyeMovement,JinsEyeMovement_Event_9.data,100,5,0,0,0,epoch milliseconds (2018-03-06 18:10:20.392000),53.0,
S1_Bring_1_extracted,Event_9,JinsGyroscope,JinsGyroscope_Event_9.data,100,4,0,0,0,epoch milliseconds (2018-03-06 18:10:20.392000),53.0,
S1_Bring_1_extracted,Event_9,PhoneAccelerometer,PhoneAccelerometer_Event_9.data,1007,4,0,0,0,epoch milliseconds (2018-03-06 18:10:20.371000),5.0,
S1_Bring_1_extracted,Event_9,PhoneGravity,PhoneGravity_Event_9.data,1008,4,0,0,0,epoch milliseconds (2018-03-06 18:10:20.368000),5.0,
S1_Bring_1_extracted,Event_9,PhoneGyroscope,PhoneGyroscope_Event_9.data,1006,4,0,0,0,epoch milliseconds (2018-03-06 18:10:20.370000),5.0,
S1_Bring_1_extracted,Event_9,PhoneLinearAccelerometer,PhoneLinearAccelerometer_Event_9.data,1008,4,0,0,0,epoch milliseconds (2018-03-06 18:10:20.368000),5.0,
S1_Bring_1_extracted,Event_9,PhoneMagnetometer,PhoneMagnetometer_Event_9.data,498,4,0,0,0,epoch milliseconds (2018-03-06 18:10:20.377000),10.0,
S1_Bring_1_extracted,Event_9,android.sensor.accelerometer,android.sensor.accelerometer_Event_9.data,497,4,0,0,0,epoch milliseconds (2018-03-06 18:10:20.376000),10.0,
S1_Bring_1_extracted,Event_9,android.sensor.gyroscope,android.sensor.gyroscope_Event_9.data,497,4,0,0,0,epoch milliseconds (2018-03-06 18:10:20.372000),10.0,
S1_Bring_2_extracted,Event_0,JinsAccelerometer,JinsAccelerometer_Event_0.data,100,4,0,0,0,epoch milliseconds (2018-03-06 18:12:37.656000),52.0,
S1_Bring_2_extracted,Event_0,JinsBlinkSpeed,JinsBlinkSpeed_Event_0.data,100,2,0,0,0,epoch milliseconds (2018-03-06 18:12:37.656000),52.0,
S1_Bring_2_extracted,Event_0,JinsBlinkStrength,JinsBlinkStrength_Event_0.data,100,2,0,0,0,epoch milliseconds (2018-03-06 18:12:37.656000),52.0,
S1_Bring_2_extracted,Event_0,JinsEyeMovement,JinsEyeMovement_Event_0.data,100,5,0,0,0,epoch milliseconds (2018-03-06 18:12:37.656000),52.0,
S1_Bring_2_extracted,Event_0,JinsGyroscope,JinsGyroscope_Event_0.data,100,4,0,0,0,epoch milliseconds (2018-03-06 18:12:37.656000),52.0,
S1_Bring_2_extracted,Event_0,PhoneAccelerometer,PhoneAccelerometer_Event_0.data,1007,4,0,0,0,epoch milliseconds (2018-03-06 18:12:37.628000),5.0,
S1_Bring_2_extracted,Event_0,PhoneGravity,PhoneGravity_Event_0.data,1006,4,0,0,0,epoch milliseconds (2018-03-06 18:12:37.625000),5.0,
S1_Bring_2_extracted,Event_0,PhoneGyroscope,PhoneGyroscope_Event_0.data,1008,4,0,0,0,epoch milliseconds (2018-03-06 18:12:37.625000),5.0,
S1_Bring_2_extracted,Event_0,PhoneLinearAccelerometer,PhoneLinearAccelerometer_Event_0.data,1006,4,0,0,0,epoch milliseconds (2018-03-06 18:12:37.627000),5.0,
S1_Bring_2_extracted,Event_0,PhoneMagnetometer,PhoneMagnetometer_Event_0.data,501,4,0,0,0,epoch milliseconds (2018-03-06 18:12:37.629000),10.0,
S1_Bring_2_extracted,Event_0,android.sensor.accelerometer,android.sensor.accelerometer_Event_0.data,498,4,0,0,0,epoch milliseconds (2018-03-06 18:12:37.628000),10.0,
S1_Bring_2_extracted,Event_0,android.sensor.gyroscope,android.sensor.gyroscope_Event_0.data,497,4,0,0,0,epoch milliseconds (2018-03-06 18:12:37.630000),10.0,
S1_Bring_2_extracted,Event_1,JinsAccelerometer,JinsAccelerometer_Event_1.data,100,4,0,0,0,epoch milliseconds (2018-03-06 18:12:57.718000),52.0,
S1_Bring_2_extracted,Event_1,JinsBlinkSpeed,JinsBlinkSpeed_Event_1.data,100,2,0,0,0,epoch milliseconds (2018-03-06 18:12:57.718000),52.0,
S1_Bring_2_extracted,Event_1,JinsBlinkStrength,JinsBlinkStrength_Event_1.data,100,2,0,0,0,epoch milliseconds (2018-03-06 18:12:57.718000),52.0,
S1_Bring_2_extracted,Event_1,JinsEyeMovement,JinsEyeMovement_Event_1.data,100,5,0,0,0,epoch milliseconds (2018-03-06 18:12:57.718000),52.0,
S1_Bring_2_extracted,Event_1,JinsGyroscope,JinsGyroscope_Event_1.data,100,4,0,0,0,epoch milliseconds (2018-03-06 18:12:57.718000),52.0,
S1_Bring_2_extracted,Event_1,PhoneAccelerometer,PhoneAccelerometer_Event_1.data,1007,4,0,0,0,epoch milliseconds (2018-03-06 18:12:57.680000),5.0,
S1_Bring_2_extracted,Event_1,PhoneGravity,PhoneGravity_Event_1.data,1001,4,0,0,0,epoch milliseconds (2018-03-06 18:12:57.683000),5.0,
S1_Bring_2_extracted,Event_1,PhoneGyroscope,PhoneGyroscope_Event_1.data,999,4,0,0,0,epoch milliseconds (2018-03-06 18:12:57.681000),5.0,
S1_Bring_2_extracted,Event_1,PhoneLinearAccelerometer,PhoneLinearAccelerometer_Event_1.data,1000,4,0,0,0,epoch milliseconds (2018-03-06 18:12:57.684000),5.0,
S1_Bring_2_extracted,Event_1,PhoneMagnetometer,PhoneMagnetometer_Event_1.data,501,4,0,0,0,epoch milliseconds (2018-03-06 18:12:57.681000),10.0,
S1_Bring_2_extracted,Event_1,android.sensor.accelerometer,android.sensor.accelerometer_Event_1.data,494,4,0,0,0,epoch milliseconds (2018-03-06 18:12:57.687000),10.0,
S1_Bring_2_extracted,Event_1,android.sensor.gyroscope,android.sensor.gyroscope_Event_1.data,494,4,0,0,0,epoch milliseconds (2018-03-06 18:12:57.684000),10.0,
S1_Bring_2_extracted,Event_2,JinsAccelerometer,JinsAccelerometer_Event_2.data,100,4,0,0,0,epoch milliseconds (2018-03-06 18:13:24.856000),52.0,
S1_Bring_2_extracted,Event_2,JinsBlinkSpeed,JinsBlinkSpeed_Event_2.data,100,2,0,0,0,epoch milliseconds (2018-03-06 18:13:24.856000),52.0,
S1_Bring_2_extracted,Event_2,JinsBlinkStrength,JinsBlinkStrength_Event_2.data,100,2,0,0,0,epoch milliseconds (2018-03-06 18:13:24.856000),52.0,
S1_Bring_2_extracted,Event_2,JinsEyeMovement,JinsEyeMovement_Event_2.data,100,5,0,0,0,epoch milliseconds (2018-03-06 18:13:24.856000),52.0,
S1_Bring_2_extracted,Event_2,JinsGyroscope,JinsGyroscope_Event_2.data,100,4,0,0,0,epoch milliseconds (2018-03-06 18:13:24.856000),52.0,
S1_Bring_2_extracted,Event_2,PhoneAccelerometer,PhoneAccelerometer_Event_2.data,1006,4,0,0,0,epoch milliseconds (2018-03-06 18:13:24.817000),5.0,
S1_Bring_2_extracted,Event_2,PhoneGravity,PhoneGravity_Event_2.data,1006,4,0,0,0,epoch milliseconds (2018-03-06 18:13:24.817000),5.0,
S1_Bring_2_extracted,Event_2,PhoneGyroscope,PhoneGyroscope_Event_2.data,1007,4,0,0,0,epoch milliseconds (2018-03-06 18:13:24.817000),5.0,
S1_Bring_2_extracted,Event_2,PhoneLinearAccelerometer,PhoneLinearAccelerometer_Event_2.data,1005,4,0,0,0,epoch milliseconds (2018-03-06 18:13:24.820000),5.0,
S1_Bring_2_extracted,Event_2,PhoneMagnetometer,PhoneMagnetometer_Event_2.data,501,4,0,0,0,epoch milliseconds (2018-03-06 18:13:24.821000),10.0,
S1_Bring_2_extracted,Event_2,android.sensor.accelerometer,android.sensor.accelerometer_Event_2.data,509,4,0,0,0,epoch milliseconds (2018-03-06 18:13:24.820000),10.0,
S1_Bring_2_extracted,Event_2,android.sensor.gyroscope,android.sensor.gyroscope_Event_2.data,510,4,0,0,0,epoch milliseconds (2018-03-06 18:13:24.818000),10.0,
S1_Bring_2_extracted,Event_3,JinsAccelerometer,JinsAccelerometer_Event_3.data,100,4,0,0,0,epoch milliseconds (2018-03-06 18:13:42.762000),52.0,
S1_Bring_2_extracted,Event_3,JinsBlinkSpeed,JinsBlinkSpeed_Event_3.data,100,2,0,0,0,epoch milliseconds (2018-03-06 18:13:42.762000),52.0,
S1_Bring_2_extracted,Event_3,JinsBlinkStrength,JinsBlinkStrength_Event_3.data,100,2,0,0,0,epoch milliseconds (2018-03-06 18:13:42.762000),52.0,
S1_Bring_2_extracted,Event_3,JinsEyeMovement,JinsEyeMovement_Event_3.data,100,5,0,0,0,epoch milliseconds (2018-03-06 18:13:42.762000),52.0,
S1_Bring_2_extracted,Event_3,JinsGyroscope,JinsGyroscope_Event_3.data,100,4,0,0,0,epoch milliseconds (2018-03-06 18:13:42.762000),52.0,
S1_Bring_2_extracted,Event_3,PhoneAccelerometer,PhoneAccelerometer_Event_3.data,1006,4,0,0,0,epoch milliseconds (2018-03-06 18:13:42.721000),5.0,
S1_Bring_2_extracted,Event_3,PhoneGravity,PhoneGravity_Event_3.data,1008,4,0,0,0,epoch milliseconds (2018-03-06 18:13:42.723000),5.0,
S1_Bring_2_extracted,Event_3,PhoneGyroscope,PhoneGyroscope_Event_3.data,1008,4,0,0,0,epoch milliseconds (2018-03-06 18:13:42.724000),5.0,
S1_Bring_2_extracted,Event_3,PhoneLinearAccelerometer,PhoneLinearAccelerometer_Event_3.data,1008,4,0,0,0,epoch milliseconds (2018-03-06 18:13:42.723000),5.0,
S1_Bring_2_extracted,Event_3,PhoneMagnetometer,PhoneMagnetometer_Event_3.data,501,4,0,0,0,epoch milliseconds (2018-03-06 18:13:42.722000),10.0,
S1_Bring_2_extracted,Event_3,android.sensor.accelerometer,android.sensor.accelerometer_Event_3.data,503,4,0,0,0,epoch milliseconds (2018-03-06 18:13:42.724000),10.0,
S1_Bring_2_extracted,Event_3,android.sensor.gyroscope,android.sensor.gyroscope_Event_3.data,503,4,0,0,0,epoch milliseconds (2018-03-06 18:13:42.720000),10.0,
S1_Bring_2_extracted,Event_4,JinsAccelerometer,JinsAccelerometer_Event_4.data,100,4,0,0,0,epoch milliseconds (2018-03-06 18:14:07.408000),52.0,
S1_Bring_2_extracted,Event_4,JinsBlinkSpeed,JinsBlinkSpeed_Event_4.data,100,2,0,0,0,epoch milliseconds (2018-03-06 18:14:07.408000),52.0,
S1_Bring_2_extracted,Event_4,JinsBlinkStrength,JinsBlinkStrength_Event_4.data,100,2,0,0,0,epoch milliseconds (2018-03-06 18:14:07.408000),52.0,
S1_Bring_2_extracted,Event_4,JinsEyeMovement,JinsEyeMovement_Event_4.data,100,5,0,0,0,epoch milliseconds (2018-03-06 18:14:07.408000),52.0,
S1_Bring_2_extracted,Event_4,JinsGyroscope,JinsGyroscope_Event_4.data,100,4,0,0,0,epoch milliseconds (2018-03-06 18:14:07.408000),52.0,
S1_Bring_2_extracted,Event_4,PhoneAccelerometer,PhoneAccelerometer_Event_4.data,1007,4,0,0,0,epoch milliseconds (2018-03-06 18:14:07.368000),5.0,
S1_Bring_2_extracted,Event_4,PhoneGravity,PhoneGravity_Event_4.data,1006,4,0,0,0,epoch milliseconds (2018-03-06 18:14:07.368000),5.0,
S1_Bring_2_extracted,Event_4,PhoneGyroscope,PhoneGyroscope_Event_4.data,1004,4,0,0,0,epoch milliseconds (2018-03-06 18:14:07.368000),5.0,
S1_Bring_2_extracted,Event_4,PhoneLinearAccelerometer,PhoneLinearAccelerometer_Event_4.data,1004,4,0,0,0,epoch milliseconds (2018-03-06 18:14:07.372000),5.0,
S1_Bring_2_extracted,Event_4,PhoneMagnetometer,PhoneMagnetometer_Event_4.data,501,4,0,0,0,epoch milliseconds (2018-03-06 18:14:07.375000),10.0,
S1_Bring_2_extracted,Event_4,android.sensor.accelerometer,android.sensor.accelerometer_Event_4.data,502,4,0,0,0,epoch milliseconds (2018-03-06 18:14:07.369000),10.0,
S1_Bring_2_extracted,Event_4,android.sensor.gyroscope,android.sensor.gyroscope_Event_4.data,496,4,0,0,0,epoch milliseconds (2018-03-06 18:14:07.372000),10.0,
S1_Bring_2_extracted,Event_5,JinsAccelerometer,JinsAccelerometer_Event_5.data,100,4,0,0,0,epoch milliseconds (2018-03-06 18:14:24.049000),52.0,
S1_Bring_2_extracted,Event_5,JinsBlinkSpeed,JinsBlinkSpeed_Event_5.data,100,2,0,0,0,epoch milliseconds (2018-03-06 18:14:24.049000),52.0,
S1_Bring_2_extracted,Event_5,JinsBlinkStrength,JinsBlinkStrength_Event_5.data,100,2,0,0,0,epoch milliseconds (2018-03-06 18:14:24.049000),52.0,
S1_Bring_2_extracted,Event_5,JinsEyeMovement,JinsEyeMovement_Event_5.data,100,5,0,0,0,epoch milliseconds (2018-03-06 18:14:24.049000),52.0,
S1_Bring_2_extracted,Event_5,JinsGyroscope,JinsGyroscope_Event_5.data,100,4,0,0,0,epoch milliseconds (2018-03-06 18:14:24.049000),52.0,
S1_Bring_2_extracted,Event_5,PhoneAccelerometer,PhoneAccelerometer_Event_5.data,1005,4,0,0,0,epoch milliseconds (2018-03-06 18:14:24.052000),5.0,
S1_Bring_2_extracted,Event_5,PhoneGravity,PhoneGravity_Event_5.data,1008,4,0,0,0,epoch milliseconds (2018-03-06 18:14:24.051000),5.0,
S1_Bring_2_extracted,Event_5,PhoneGyroscope,PhoneGyroscope_Event_5.data,1007,4,0,0,0,epoch milliseconds (2018-03-06 18:14:24.049000),5.0,
S1_Bring_2_extracted,Event_5,PhoneLinearAccelerometer,PhoneLinearAccelerometer_Event_5.data,1006,4,0,0,0,epoch milliseconds (2018-03-06 18:14:24.048000),5.0,
S1_Bring_2_extracted,Event_5,PhoneMagnetometer,PhoneMagnetometer_Event_5.data,501,4,0,0,0,epoch milliseconds (2018-03-06 18:14:24.054000),10.0,
S1_Bring_2_extracted,Event_5,android.sensor.accelerometer,android.sensor.accelerometer_Event_5.data,491,4,0,0,0,epoch milliseconds (2018-03-06 18:14:24.053000),10.0,
S1_Bring_2_extracted,Event_5,android.sensor.gyroscope,android.sensor.gyroscope_Event_5.data,492,4,0,0,0,epoch milliseconds (2018-03-06 18:14:24.050000),10.0,
S1_Bring_2_extracted,Event_6,JinsAccelerometer,JinsAccelerometer_Event_6.data,99,4,0,0,0,epoch milliseconds (2018-03-06 18:14:38.911000),52.0,
S1_Bring_2_extracted,Event_6,JinsBlinkSpeed,JinsBlinkSpeed_Event_6.data,99,2,0,0,0,epoch milliseconds (2018-03-06 18:14:38.911000),52.0,
S1_Bring_2_extracted,Event_6,JinsBlinkStrength,JinsBlinkStrength_Event_6.data,99,2,0,0,0,epoch milliseconds (2018-03-06 18:14:38.911000),52.0,
S1_Bring_2_extracted,Event_6,JinsEyeMovement,JinsEyeMovement_Event_6.data,99,5,0,0,0,epoch milliseconds (2018-03-06 18:14:38.911000),52.0,
S1_Bring_2_extracted,Event_6,JinsGyroscope,JinsGyroscope_Event_6.data,99,4,0,0,0,epoch milliseconds (2018-03-06 18:14:38.911000),52.0,
S1_Bring_2_extracted,Event_6,PhoneAccelerometer,PhoneAccelerometer_Event_6.data,1007,4,0,0,0,epoch milliseconds (2018-03-06 18:14:38.900000),5.0,
S1_Bring_2_extracted,Event_6,PhoneGravity,PhoneGravity_Event_6.data,1008,4,0,0,0,epoch milliseconds (2018-03-06 18:14:38.897000),5.0,
S1_Bring_2_extracted,Event_6,PhoneGyroscope,PhoneGyroscope_Event_6.data,1007,4,0,0,0,epoch milliseconds (2018-03-06 18:14:38.896000),5.0,
S1_Bring_2_extracted,Event_6,PhoneLinearAccelerometer,PhoneLinearAccelerometer_Event_6.data,1006,4,0,0,0,epoch milliseconds (2018-03-06 18:14:38.900000),5.0,
S1_Bring_2_extracted,Event_6,PhoneMagnetometer,PhoneMagnetometer_Event_6.data,500,4,0,0,0,epoch milliseconds (2018-03-06 18:14:38.903000),10.0,
S1_Bring_2_extracted,Event_6,android.sensor.accelerometer,android.sensor.accelerometer_Event_6.data,500,4,0,0,0,epoch milliseconds (2018-03-06 18:14:38.897000),10.0,
S1_Bring_2_extracted,Event_6,android.sensor.gyroscope,android.sensor.gyroscope_Event_6.data,499,4,0,0,0,epoch milliseconds (2018-03-06 18:14:38.905000),10.0,
S1_Bring_2_extracted,Event_7,JinsAccelerometer,JinsAccelerometer_Event_7.data,100,4,0,0,0,epoch milliseconds (2018-03-06 18:15:05.001000),52.0,
S1_Bring_2_extracted,Event_7,JinsBlinkSpeed,JinsBlinkSpeed_Event_7.data,100,2,0,0,0,epoch milliseconds (2018-03-06 18:15:05.001000),52.0,
S1_Bring_2_extracted,Event_7,JinsBlinkStrength,JinsBlinkStrength_Event_7.data,100,2,0,0,0,epoch milliseconds (2018-03-06 18:15:05.001000),52.0,
S1_Bring_2_extracted,Event_7,JinsEyeMovement,JinsEyeMovement_Event_7.data,100,5,0,0,0,epoch milliseconds (2018-03-06 18:15:05.001000),52.0,
S1_Bring_2_extracted,Event_7,JinsGyroscope,JinsGyroscope_Event_7.data,100,4,0,0,0,epoch milliseconds (2018-03-06 18:15:05.001000),52.0,
S1_Bring_2_extracted,Event_7,PhoneAccelerometer,PhoneAccelerometer_Event_7.data,1007,4,0,0,0,epoch milliseconds (2018-03-06 18:15:05.004000),5.0,
S1_Bring_2_extracted,Event_7,PhoneGravity,PhoneGravity_Event_7.data,1007,4,0,0,0,epoch milliseconds (2018-03-06 18:15:05),5.0,
S1_Bring_2_extracted,Event_7,PhoneGyroscope,PhoneGyroscope_Event_7.data,1005,4,0,0,0,epoch milliseconds (2018-03-06 18:15:05.004000),5.0,
S1_Bring_2_extracted,Event_7,PhoneLinearAccelerometer,PhoneLinearAccelerometer_Event_7.data,1007,4,0,0,0,epoch milliseconds (2018-03-06 18:15:05.003000),5.0,
S1_Bring_2_extracted,Event_7,PhoneMagnetometer,PhoneMagnetometer_Event_7.data,502,4,0,0,0,epoch milliseconds (2018-03-06 18:15:05.009000),10.0,
S1_Bring_2_extracted,Event_7,android.sensor.accelerometer,android.sensor.accelerometer_Event_7.data,506,4,0,0,0,epoch milliseconds (2018-03-06 18:15:05.003000),10.0,
S1_Bring_2_extracted,Event_7,android.sensor.gyroscope,android.sensor.gyroscope_Event_7.data,506,4,0,0,0,epoch milliseconds (2018-03-06 18:15:05.006000),10.0,
S1_Bring_2_extracted,Event_8,JinsAccelerometer,JinsAccelerometer_Event_8.data,100,4,0,0,0,epoch milliseconds (2018-03-06 18:15:28.100000),52.0,
S1_Bring_2_extracted,Event_8,JinsBlinkSpeed,JinsBlinkSpeed_Event_8.data,100,2,0,0,0,epoch milliseconds (2018-03-06 18:15:28.100000),52.0,
S1_Bring_2_extracted,Event_8,JinsBlinkStrength,JinsBlinkStrength_Event_8.data,100,2,0,0,0,epoch milliseconds (2018-03-06 18:15:28.100000),52.0,
S1_Bring_2_extracted,Event_8,JinsEyeMovement,JinsEyeMovement_Event_8.data,100,5,0,0,0,epoch milliseconds (2018-03-06 18:15:28.100000),52.0,
S1_Bring_2_extracted,Event_8,JinsGyroscope,JinsGyroscope_Event_8.data,100,4,0,0,0,epoch milliseconds (2018-03-06 18:15:28.100000),52.0,
S1_Bring_2_extracted,Event_8,PhoneAccelerometer,PhoneAccelerometer_Event_8.data,1007,4,0,0,0,epoch milliseconds (2018-03-06 18:15:28.098000),5.0,
S1_Bring_2_extracted,Event_8,PhoneGravity,PhoneGravity_Event_8.data,1007,4,0,0,0,epoch milliseconds (2018-03-06 18:15:28.100000),5.0,
S1_Bring_2_extracted,Event_8,PhoneGyroscope,PhoneGyroscope_Event_8.data,1007,4,0,0,0,epoch milliseconds (2018-03-06 18:15:28.097000),5.0,
S1_Bring_2_extracted,Event_8,PhoneLinearAccelerometer,PhoneLinearAccelerometer_Event_8.data,1007,4,0,0,0,epoch milliseconds (2018-03-06 18:15:28.098000),5.0,
S1_Bring_2_extracted,Event_8,PhoneMagnetometer,PhoneMagnetometer_Event_8.data,501,4,0,0,0,epoch milliseconds (2018-03-06 18:15:28.096000),10.0,
S1_Bring_2_extracted,Event_8,android.sensor.accelerometer,android.sensor.accelerometer_Event_8.data,498,4,0,0,0,epoch milliseconds (2018-03-06 18:15:28.098000),10.0,
S1_Bring_2_extracted,Event_8,android.sensor.gyroscope,android.sensor.gyroscope_Event_8.data,497,4,0,0,0,epoch milliseconds (2018-03-06 18:15:28.099000),10.0,
S1_Bring_2_extracted,Event_9,JinsAccelerometer,JinsAccelerometer_Event_9.data,100,4,0,0,0,epoch milliseconds (2018-03-06 18:15:45.712000),52.0,
S1_Bring_2_extracted,Event_9,JinsBlinkSpeed,JinsBlinkSpeed_Event_9.data,100,2,0,0,0,epoch milliseconds (2018-03-06 18:15:45.712000),52.0,
S1_Bring_2_extracted,Event_9,JinsBlinkStrength,JinsBlinkStrength_Event_9.data,100,2,0,0,0,epoch milliseconds (2018-03-06 18:15:45.712000),52.0,
S1_Bring_2_extracted,Event_9,JinsEyeMovement,JinsEyeMovement_Event_9.data,100,5,0,0,0,epoch milliseconds (2018-03-06 18:15:45.712000),52.0,
S1_Bring_2_extracted,Event_9,JinsGyroscope,JinsGyroscope_Event_9.data,100,4,0,0,0,epoch milliseconds (2018-03-06 18:15:45.712000),52.0,
S1_Bring_2_extracted,Event_9,PhoneAccelerometer,PhoneAccelerometer_Event_9.data,1006,4,0,0,0,epoch milliseconds (2018-03-06 18:15:45.667000),5.0,
S1_Bring_2_extracted,Event_9,PhoneGravity,PhoneGravity_Event_9.data,1008,4,0,0,0,epoch milliseconds (2018-03-06 18:15:45.667000),5.0,
S1_Bring_2_extracted,Event_9,PhoneGyroscope,PhoneGyroscope_Event_9.data,1008,4,0,0,0,epoch milliseconds (2018-03-06 18:15:45.665000),5.0,
S1_Bring_2_extracted,Event_9,PhoneLinearAccelerometer,PhoneLinearAccelerometer_Event_9.data,1010,4,0,0,0,epoch milliseconds (2018-03-06 18:15:45.668000),5.0,
S1_Bring_2_extracted,Event_9,PhoneMagnetometer,PhoneMagnetometer_Event_9.data,500,4,0,0,0,epoch milliseconds (2018-03-06 18:15:45.669000),10.0,
S1_Bring_2_extracted,Event_9,android.sensor.accelerometer,android.sensor.accelerometer_Event_9.data,504,4,0,0,0,epoch milliseconds (2018-03-06 18:15:45.664000),10.0,
S1_Bring_2_extracted,Event_9,android.sensor.gyroscope,android.sensor.gyroscope_Event_9.data,504,4,0,0,0,epoch milliseconds (2018-03-06 18:15:45.673000),10.0,
S1_CleanFloor_1_extracted,Event_0,JinsAccelerometer,JinsAccelerometer_Event_0.data,101,4,0,0,0,epoch milliseconds (2018-03-07 16:17:19.315000),39.0,
S1_CleanFloor_1_extracted,Event_0,JinsBlinkSpeed,JinsBlinkSpeed_Event_0.data,101,2,0,0,0,epoch milliseconds (2018-03-07 16:17:19.315000),39.0,
S1_CleanFloor_1_extracted,Event_0,JinsBlinkStrength,JinsBlinkStrength_Event_0.data,101,2,0,0,0,epoch milliseconds (2018-03-07 16:17:19.315000),39.0,
S1_CleanFloor_1_extracted,Event_0,JinsEyeMovement,JinsEyeMovement_Event_0.data,101,5,0,0,0,epoch milliseconds (2018-03-07 16:17:19.315000),39.0,
S1_CleanFloor_1_extracted,Event_0,JinsGyroscope,JinsGyroscope_Event_0.data,101,4,0,0,0,epoch milliseconds (2018-03-07 16:17:19.315000),39.0,
S1_CleanFloor_1_extracted,Event_0,PhoneAccelerometer,PhoneAccelerometer_Event_0.data,1007,4,0,0,0,epoch milliseconds (2018-03-07 16:17:19.312000),5.0,
S1_CleanFloor_1_extracted,Event_0,PhoneGravity,PhoneGravity_Event_0.data,1006,4,0,0,0,epoch milliseconds (2018-03-07 16:17:19.311000),5.0,
S1_CleanFloor_1_extracted,Event_0,PhoneGyroscope,PhoneGyroscope_Event_0.data,1005,4,0,0,0,epoch milliseconds (2018-03-07 16:17:19.315000),5.0,
S1_CleanFloor_1_extracted,Event_0,PhoneLinearAccelerometer,PhoneLinearAccelerometer_Event_0.data,1006,4,0,0,0,epoch milliseconds (2018-03-07 16:17:19.315000),5.0,
S1_CleanFloor_1_extracted,Event_0,PhoneMagnetometer,PhoneMagnetometer_Event_0.data,501,4,0,0,0,epoch milliseconds (2018-03-07 16:17:19.312000),10.0,
S1_CleanFloor_1_extracted,Event_0,android.sensor.accelerometer,android.sensor.accelerometer_Event_0.data,506,4,0,0,0,epoch milliseconds (2018-03-07 16:17:19.319000),10.0,
S1_CleanFloor_1_extracted,Event_0,android.sensor.gyroscope,android.sensor.gyroscope_Event_0.data,507,4,0,0,0,epoch milliseconds (2018-03-07 16:17:19.314000),10.0,
S1_CleanFloor_1_extracted,Event_1,JinsAccelerometer,JinsAccelerometer_Event_1.data,100,4,0,0,0,epoch milliseconds (2018-03-07 16:17:35.775000),38.0,
S1_CleanFloor_1_extracted,Event_1,JinsBlinkSpeed,JinsBlinkSpeed_Event_1.data,100,2,0,0,0,epoch milliseconds (2018-03-07 16:17:35.775000),38.0,
S1_CleanFloor_1_extracted,Event_1,JinsBlinkStrength,JinsBlinkStrength_Event_1.data,100,2,0,0,0,epoch milliseconds (2018-03-07 16:17:35.775000),38.0,
S1_CleanFloor_1_extracted,Event_1,JinsEyeMovement,JinsEyeMovement_Event_1.data,100,5,0,0,0,epoch milliseconds (2018-03-07 16:17:35.775000),38.0,
S1_CleanFloor_1_extracted,Event_1,JinsGyroscope,JinsGyroscope_Event_1.data,100,4,0,0,0,epoch milliseconds (2018-03-07 16:17:35.775000),38.0,
S1_CleanFloor_1_extracted,Event_1,PhoneAccelerometer,PhoneAccelerometer_Event_1.data,1007,4,0,0,0,epoch milliseconds (2018-03-07 16:17:35.763000),5.0,
S1_CleanFloor_1_extracted,Event_1,PhoneGravity,PhoneGravity_Event_1.data,1007,4,0,0,0,epoch milliseconds (2018-03-07 16:17:35.759000),5.0,
S1_CleanFloor_1_extracted,Event_1,PhoneGyroscope,PhoneGyroscope_Event_1.data,1007,4,0,0,0,epoch milliseconds (2018-03-07 16:17:35.761000),5.0,
S1_CleanFloor_1_extracted,Event_1,PhoneLinearAccelerometer,PhoneLinearAccelerometer_Event_1.data,1006,4,0,0,0,epoch milliseconds (2018-03-07 16:17:35.759000),5.0,
S1_CleanFloor_1_extracted,Event_1,PhoneMagnetometer,PhoneMagnetometer_Event_1.data,500,4,0,0,0,epoch milliseconds (2018-03-07 16:17:35.765000),10.0,
S1_CleanFloor_1_extracted,Event_1,android.sensor.accelerometer,android.sensor.accelerometer_Event_1.data,502,4,0,0,0,epoch milliseconds (2018-03-07 16:17:35.766000),10.0,
S1_CleanFloor_1_extracted,Event_1,android.sensor.gyroscope,android.sensor.gyroscope_Event_1.data,501,4,0,0,0,epoch milliseconds (2018-03-07 16:17:35.767000),10.0,
S1_CleanFloor_1_extracted,Event_2,JinsAccelerometer,JinsAccelerometer_Event_2.data,100,4,0,0,0,epoch milliseconds (2018-03-07 16:18:08.406000),38.0,
S1_CleanFloor_1_extracted,Event_2,JinsBlinkSpeed,JinsBlinkSpeed_Event_2.data,100,2,0,0,0,epoch milliseconds (2018-03-07 16:18:08.406000),38.0,
S1_CleanFloor_1_extracted,Event_2,JinsBlinkStrength,JinsBlinkStrength_Event_2.data,100,2,0,0,0,epoch milliseconds (2018-03-07 16:18:08.406000),38.0,
S1_CleanFloor_1_extracted,Event_2,JinsEyeMovement,JinsEyeMovement_Event_2.data,100,5,0,0,0,epoch milliseconds (2018-03-07 16:18:08.406000),38.0,
S1_CleanFloor_1_extracted,Event_2,JinsGyroscope,JinsGyroscope_Event_2.data,100,4,0,0,0,epoch milliseconds (2018-03-07 16:18:08.406000),38.0,
S1_CleanFloor_1_extracted,Event_2,PhoneAccelerometer,PhoneAccelerometer_Event_2.data,1006,4,0,0,0,epoch milliseconds (2018-03-07 16:18:08.386000),5.0,
S1_CleanFloor_1_extracted,Event_2,PhoneGravity,PhoneGravity_Event_2.data,1006,4,0,0,0,epoch milliseconds (2018-03-07 16:18:08.383000),5.0,
S1_CleanFloor_1_extracted,Event_2,PhoneGyroscope,PhoneGyroscope_Event_2.data,1007,4,0,0,0,epoch milliseconds (2018-03-07 16:18:08.383000),5.0,
S1_CleanFloor_1_extracted,Event_2,PhoneLinearAccelerometer,PhoneLinearAccelerometer_Event_2.data,1005,4,0,0,0,epoch milliseconds (2018-03-07 16:18:08.386000),5.0,
S1_CleanFloor_1_extracted,Event_2,PhoneMagnetometer,PhoneMagnetometer_Event_2.data,502,4,0,0,0,epoch milliseconds (2018-03-07 16:18:08.383000),10.0,
S1_CleanFloor_1_extracted,Event_2,android.sensor.accelerometer,android.sensor.accelerometer_Event_2.data,498,4,0,0,0,epoch milliseconds (2018-03-07 16:18:08.384000),10.0,
S1_CleanFloor_1_extracted,Event_2,android.sensor.gyroscope,android.sensor.gyroscope_Event_2.data,498,4,0,0,0,epoch milliseconds (2018-03-07 16:18:08.382000),10.0,
S1_CleanFloor_1_extracted,Event_3,JinsAccelerometer,JinsAccelerometer_Event_3.data,100,4,0,0,0,epoch milliseconds (2018-03-07 16:18:23.551000),38.0,
S1_CleanFloor_1_extracted,Event_3,JinsBlinkSpeed,JinsBlinkSpeed_Event_3.data,100,2,0,0,0,epoch milliseconds (2018-03-07 16:18:23.551000),38.0,
S1_CleanFloor_1_extracted,Event_3,JinsBlinkStrength,JinsBlinkStrength_Event_3.data,100,2,0,0,0,epoch milliseconds (2018-03-07 16:18:23.551000),38.0,
S1_CleanFloor_1_extracted,Event_3,JinsEyeMovement,JinsEyeMovement_Event_3.data,100,5,0,0,0,epoch milliseconds (2018-03-07 16:18:23.551000),38.0,
S1_CleanFloor_1_extracted,Event_3,JinsGyroscope,JinsGyroscope_Event_3.data,100,4,0,0,0,epoch milliseconds (2018-03-07 16:18:23.551000),38.0,
S1_CleanFloor_1_extracted,Event_3,PhoneAccelerometer,PhoneAccelerometer_Event_3.data,1007,4,0,0,0,epoch milliseconds (2018-03-07 16:18:23.536000),5.0,
S1_CleanFloor_1_extracted,Event_3,PhoneGravity,PhoneGravity_Event_3.data,1006,4,0,0,0,epoch milliseconds (2018-03-07 16:18:23.536000),5.0,
S1_CleanFloor_1_extracted,Event_3,PhoneGyroscope,PhoneGyroscope_Event_3.data,1005,4,0,0,0,epoch milliseconds (2018-03-07 16:18:23.538000),5.0,
S1_CleanFloor_1_extracted,Event_3,PhoneLinearAccelerometer,PhoneLinearAccelerometer_Event_3.data,1009,4,0,0,0,epoch milliseconds (2018-03-07 16:18:23.535000),5.0,
S1_CleanFloor_1_extracted,Event_3,PhoneMagnetometer,PhoneMagnetometer_Event_3.data,501,4,0,0,0,epoch milliseconds (2018-03-07 16:18:23.537000),10.0,
S1_CleanFloor_1_extracted,Event_3,android.sensor.accelerometer,android.sensor.accelerometer_Event_3.data,499,4,0,0,0,epoch milliseconds (2018-03-07 16:18:23.540000),10.0,
S1_CleanFloor_1_extracted,Event_3,android.sensor.gyroscope,android.sensor.gyroscope_Event_3.data,499,4,0,0,0,epoch milliseconds (2018-03-07 16:18:23.542000),10.0,
S1_CleanFloor_1_extracted,Event_4,JinsAccelerometer,JinsAccelerometer_Event_4.data,101,4,0,0,0,epoch milliseconds (2018-03-07 16:18:40.772000),39.0,
S1_CleanFloor_1_extracted,Event_4,JinsBlinkSpeed,JinsBlinkSpeed_Event_4.data,101,2,0,0,0,epoch milliseconds (2018-03-07 16:18:40.772000),39.0,
S1_CleanFloor_1_extracted,Event_4,JinsBlinkStrength,JinsBlinkStrength_Event_4.data,101,2,0,0,0,epoch milliseconds (2018-03-07 16:18:40.772000),39.0,
S1_CleanFloor_1_extracted,Event_4,JinsEyeMovement,JinsEyeMovement_Event_4.data,101,5,0,0,0,epoch milliseconds (2018-03-07 16:18:40.772000),39.0,
S1_CleanFloor_1_extracted,Event_4,JinsGyroscope,JinsGyroscope_Event_4.data,101,4,0,0,0,epoch milliseconds (2018-03-07 16:18:40.772000),39.0,
S1_CleanFloor_1_extracted,Event_4,PhoneAccelerometer,PhoneAccelerometer_Event_4.data,1010,4,0,0,0,epoch milliseconds (2018-03-07 16:18:40.768000),5.0,
S1_CleanFloor_1_extracted,Event_4,PhoneGravity,PhoneGravity_Event_4.data,1008,4,0,0,0,epoch milliseconds (2018-03-07 16:18:40.770000),5.0,
S1_CleanFloor_1_extracted,Event_4,PhoneGyroscope,PhoneGyroscope_Event_4.data,1008,4,0,0,0,epoch milliseconds (2018-03-07 16:18:40.766000),5.0,
S1_CleanFloor_1_extracted,Event_4,PhoneLinearAccelerometer,PhoneLinearAccelerometer_Event_4.data,1007,4,0,0,0,epoch milliseconds (2018-03-07 16:18:40.768000),5.0,
S1_CleanFloor_1_extracted,Event_4,PhoneMagnetometer,PhoneMagnetometer_Event_4.data,501,4,0,0,0,epoch milliseconds (2018-03-07 16:18:40.766000),10.0,
S1_CleanFloor_1_extracted,Event_4,android.sensor.accelerometer,android.sensor.accelerometer_Event_4.data,494,4,0,0,0,epoch milliseconds (2018-03-07 16:18:40.774000),10.0,
S1_CleanFloor_1_extracted,Event_4,android.sensor.gyroscope,android.sensor.gyroscope_Event_4.data,495,4,0,0,0,epoch milliseconds (2018-03-07 16:18:40.769000),10.0,
S1_CleanFloor_1_extracted,Event_5,JinsAccelerometer,JinsAccelerometer_Event_5.data,100,4,0,0,0,epoch milliseconds (2018-03-07 16:18:57.342000),38.5,
S1_CleanFloor_1_extracted,Event_5,JinsBlinkSpeed,JinsBlinkSpeed_Event_5.data,100,2,0,0,0,epoch milliseconds (2018-03-07 16:18:57.342000),38.5,
S1_CleanFloor_1_extracted,Event_5,JinsBlinkStrength,JinsBlinkStrength_Event_5.data,100,2,0,0,0,epoch milliseconds (2018-03-07 16:18:57.342000),38.5,
S1_CleanFloor_1_extracted,Event_5,JinsEyeMovement,JinsEyeMovement_Event_5.data,100,5,0,0,0,epoch milliseconds (2018-03-07 16:18:57.342000),38.5,
S1_CleanFloor_1_extracted,Event_5,JinsGyroscope,JinsGyroscope_Event_5.data,100,4,0,0,0,epoch milliseconds (2018-03-07 16:18:57.342000),38.5,
S1_CleanFloor_1_extracted,Event_5,PhoneAccelerometer,PhoneAccelerometer_Event_5.data,1009,4,0,0,0,epoch milliseconds (2018-03-07 16:18:57.312000),5.0,
S1_CleanFloor_1_extracted,Event_5,PhoneGravity,PhoneGravity_Event_5.data,1004,4,0,0,0,epoch milliseconds (2018-03-07 16:18:57.313000),5.0,
S1_CleanFloor_1_extracted,Event_5,PhoneGyroscope,PhoneGyroscope_Event_5.data,1007,4,0,0,0,epoch milliseconds (2018-03-07 16:18:57.311000),5.0,
S1_CleanFloor_1_extracted,Event_5,PhoneLinearAccelerometer,PhoneLinearAccelerometer_Event_5.data,1005,4,0,0,0,epoch milliseconds (2018-03-07 16:18:57.312000),5.0,
S1_CleanFloor_1_extracted,Event_5,PhoneMagnetometer,PhoneMagnetometer_Event_5.data,502,4,0,0,0,epoch milliseconds (2018-03-07 16:18:57.312000),10.0,
S1_CleanFloor_1_extracted,Event_5,android.sensor.accelerometer,android.sensor.accelerometer_Event_5.data,496,4,0,0,0,epoch milliseconds (2018-03-07 16:18:57.393000),10.0,
S1_CleanFloor_1_extracted,Event_5,android.sensor.gyroscope,android.sensor.gyroscope_Event_5.data,497,4,0,0,0,epoch milliseconds (2018-03-07 16:18:57.388000),10.0,
S1_CleanFloor_1_extracted,Event_6,JinsAccelerometer,JinsAccelerometer_Event_6.data,100,4,0,0,0,epoch milliseconds (2018-03-07 16:19:17.706000),38.0,
S1_CleanFloor_1_extracted,Event_6,JinsBlinkSpeed,JinsBlinkSpeed_Event_6.data,100,2,0,0,0,epoch milliseconds (2018-03-07 16:19:17.706000),38.0,
S1_CleanFloor_1_extracted,Event_6,JinsBlinkStrength,JinsBlinkStrength_Event_6.data,100,2,0,0,0,epoch milliseconds (2018-03-07 16:19:17.706000),38.0,
S1_CleanFloor_1_extracted,Event_6,JinsEyeMovement,JinsEyeMovement_Event_6.data,100,5,0,0,0,epoch milliseconds (2018-03-07 16:19:17.706000),38.0,
S1_CleanFloor_1_extracted,Event_6,JinsGyroscope,JinsGyroscope_Event_6.data,100,4,0,0,0,epoch milliseconds (2018-03-07 16:19:17.706000),38.0,
S1_CleanFloor_1_extracted,Event_6,PhoneAccelerometer,PhoneAccelerometer_Event_6.data,1007,4,0,0,0,epoch milliseconds (2018-03-07 16:19:17.688000),5.0,
S1_CleanFloor_1_extracted,Event_6,PhoneGravity,PhoneGravity_Event_6.data,1006,4,0,0,0,epoch milliseconds (2018-03-07 16:19:17.688000),5.0,
S1_CleanFloor_1_extracted,Event_6,PhoneGyroscope,PhoneGyroscope_Event_6.data,1005,4,0,0,0,epoch milliseconds (2018-03-07 16:19:17.687000),5.0,
S1_CleanFloor_1_extracted,Event_6,PhoneLinearAccelerometer,PhoneLinearAccelerometer_Event_6.data,1006,4,0,0,0,epoch milliseconds (2018-03-07 16:19:17.688000),5.0,
S1_CleanFloor_1_extracted,Event_6,PhoneMagnetometer,PhoneMagnetometer_Event_6.data,515,4,0,0,0,epoch milliseconds (2018-03-07 16:19:17.823000),10.0,
S1_CleanFloor_1_extracted,Event_6,android.sensor.accelerometer,android.sensor.accelerometer_Event_6.data,500,4,0,0,0,epoch milliseconds (2018-03-07 16:19:17.698000),10.0,
S1_CleanFloor_1_extracted,Event_6,android.sensor.gyroscope,android.sensor.gyroscope_Event_6.data,500,4,0,0,0,epoch milliseconds (2018-03-07 16:19:17.690000),10.0,
S1_CleanFloor_1_extracted,Event_7,JinsAccelerometer,JinsAccelerometer_Event_7.data,100,4,0,0,0,epoch milliseconds (2018-03-07 16:19:33.116000),38.0,
S1_CleanFloor_1_extracted,Event_7,JinsBlinkSpeed,JinsBlinkSpeed_Event_7.data,100,2,0,0,0,epoch milliseconds (2018-03-07 16:19:33.116000),38.0,
S1_CleanFloor_1_extracted,Event_7,JinsBlinkStrength,JinsBlinkStrength_Event_7.data,100,2,0,0,0,epoch milliseconds (2018-03-07 16:19:33.116000),38.0,
S1_CleanFloor_1_extracted,Event_7,JinsEyeMovement,JinsEyeMovement_Event_7.data,100,5,0,0,0,epoch milliseconds (2018-03-07 16:19:33.116000),38.0,
S1_CleanFloor_1_extracted,Event_7,JinsGyroscope,JinsGyroscope_Event_7.data,100,4,0,0,0,epoch milliseconds (2018-03-07 16:19:33.116000),38.0,
S1_CleanFloor_1_extracted,Event_7,PhoneAccelerometer,PhoneAccelerometer_Event_7.data,1007,4,0,0,0,epoch milliseconds (2018-03-07 16:19:33.078000),5.0,
S1_CleanFloor_1_extracted,Event_7,PhoneGravity,PhoneGravity_Event_7.data,1006,4,0,0,0,epoch milliseconds (2018-03-07 16:19:33.079000),5.0,
S1_CleanFloor_1_extracted,Event_7,PhoneGyroscope,PhoneGyroscope_Event_7.data,1004,4,0,0,0,epoch milliseconds (2018-03-07 16:19:33.079000),5.0,
S1_CleanFloor_1_extracted,Event_7,PhoneLinearAccelerometer,PhoneLinearAccelerometer_Event_7.data,1006,4,0,0,0,epoch milliseconds (2018-03-07 16:19:33.080000),5.0,
S1_CleanFloor_1_extracted,Event_7,PhoneMagnetometer,PhoneMagnetometer_Event_7.data,505,4,0,0,0,epoch milliseconds (2018-03-07 16:19:33.085000),10.0,
S1_CleanFloor_1_extracted,Event_7,android.sensor.accelerometer,android.sensor.accelerometer_Event_7.data,493,4,0,0,0,epoch milliseconds (2018-03-07 16:19:33.085000),10.0,
S1_CleanFloor_1_extracted,Event_7,android.sensor.gyroscope,android.sensor.gyroscope_Event_7.data,494,4,0,0,0,epoch milliseconds (2018-03-07 16:19:33.085000),10.0,
S1_CleanFloor_1_extracted,Event_8,JinsAccelerometer,JinsAccelerometer_Event_8.data,100,4,0,0,0,epoch milliseconds (2018-03-07 16:19:47.741000),38.0,
S1_CleanFloor_1_extracted,Event_8,JinsBlinkSpeed,JinsBlinkSpeed_Event_8.data,100,2,0,0,0,epoch milliseconds (2018-03-07 16:19:47.741000),38.0,
S1_CleanFloor_1_extracted,Event_8,JinsBlinkStrength,JinsBlinkStrength_Event_8.data,100,2,0,0,0,epoch milliseconds (2018-03-07 16:19:47.741000),38.0,
S1_CleanFloor_1_extracted,Event_8,JinsEyeMovement,JinsEyeMovement_Event_8.data,100,5,0,0,0,epoch milliseconds (2018-03-07 16:19:47.741000),38.0,
S1_CleanFloor_1_extracted,Event_8,JinsGyroscope,JinsGyroscope_Event_8.data,100,4,0,0,0,epoch milliseconds (2018-03-07 16:19:47.741000),38.0,
S1_CleanFloor_1_extracted,Event_8,PhoneAccelerometer,PhoneAccelerometer_Event_8.data,1008,4,0,0,0,epoch milliseconds (2018-03-07 16:19:47.719000),5.0,
S1_CleanFloor_1_extracted,Event_8,PhoneGravity,PhoneGravity_Event_8.data,1005,4,0,0,0,epoch milliseconds (2018-03-07 16:19:47.721000),5.0,
S1_CleanFloor_1_extracted,Event_8,PhoneGyroscope,PhoneGyroscope_Event_8.data,1005,4,0,0,0,epoch milliseconds (2018-03-07 16:19:47.718000),5.0,
S1_CleanFloor_1_extracted,Event_8,PhoneLinearAccelerometer,PhoneLinearAccelerometer_Event_8.data,1005,4,0,0,0,epoch milliseconds (2018-03-07 16:19:47.719000),5.0,
S1_CleanFloor_1_extracted,Event_8,PhoneMagnetometer,PhoneMagnetometer_Event_8.data,501,4,0,0,0,epoch milliseconds (2018-03-07 16:19:47.724000),10.0,
S1_CleanFloor_1_extracted,Event_8,android.sensor.accelerometer,android.sensor.accelerometer_Event_8.data,507,4,0,0,0,epoch milliseconds (2018-03-07 16:19:47.718000),10.0,
S1_CleanFloor_1_extracted,Event_8,android.sensor.gyroscope,android.sensor.gyroscope_Event_8.data,507,4,0,0,0,epoch milliseconds (2018-03-07 16:19:47.720000),10.0,
S1_CleanFloor_1_extracted,Event_9,JinsAccelerometer,JinsAccelerometer_Event_9.data,100,4,0,0,0,epoch milliseconds (2018-03-07 16:20:18.417000),39.0,
S1_CleanFloor_1_extracted,Event_9,JinsBlinkSpeed,JinsBlinkSpeed_Event_9.data,100,2,0,0,0,epoch milliseconds (2018-03-07 16:20:18.417000),39.0,
S1_CleanFloor_1_extracted,Event_9,JinsBlinkStrength,JinsBlinkStrength_Event_9.data,100,2,0,0,0,epoch milliseconds (2018-03-07 16:20:18.417000),39.0,
S1_CleanFloor_1_extracted,Event_9,JinsEyeMovement,JinsEyeMovement_Event_9.data,100,5,0,0,0,epoch milliseconds (2018-03-07 16:20:18.417000),39.0,
S1_CleanFloor_1_extracted,Event_9,JinsGyroscope,JinsGyroscope_Event_9.data,100,4,0,0,0,epoch milliseconds (2018-03-07 16:20:18.417000),39.0,
S1_CleanFloor_1_extracted,Event_9,PhoneAccelerometer,PhoneAccelerometer_Event_9.data,1007,4,0,0,0,epoch milliseconds (2018-03-07 16:20:18.398000),5.0,
S1_CleanFloor_1_extracted,Event_9,PhoneGravity,PhoneGravity_Event_9.data,1010,4,0,0,0,epoch milliseconds (2018-03-07 16:20:18.401000),5.0,
S1_CleanFloor_1_extracted,Event_9,PhoneGyroscope,PhoneGyroscope_Event_9.data,1007,4,0,0,0,epoch milliseconds (2018-03-07 16:20:18.402000),5.0,
S1_CleanFloor_1_extracted,Event_9,PhoneLinearAccelerometer,PhoneLinearAccelerometer_Event_9.data,1005,4,0,0,0,epoch milliseconds (2018-03-07 16:20:18.398000),5.0,
S1_CleanFloor_1_extracted,Event_9,PhoneMagnetometer,PhoneMagnetometer_Event_9.data,501,4,0,0,0,epoch milliseconds (2018-03-07 16:20:18.403000),10.0,
S1_CleanFloor_1_extracted,Event_9,android.sensor.accelerometer,android.sensor.accelerometer_Event_9.data,502,4,0,0,0,epoch milliseconds (2018-03-07 16:20:18.400000),10.0,
S1_CleanFloor_1_extracted,Event_9,android.sensor.gyroscope,android.sensor.gyroscope_Event_9.data,502,4,0,0,0,epoch milliseconds (2018-03-07 16:20:18.405000),10.0,
S1_CleanFloor_1_extracted,Event_10,JinsAccelerometer,JinsAccelerometer_Event_10.data,101,4,0,0,0,epoch milliseconds (2018-03-07 16:20:33.303000),39.0,
S1_CleanFloor_1_extracted,Event_10,JinsBlinkSpeed,JinsBlinkSpeed_Event_10.data,101,2,0,0,0,epoch milliseconds (2018-03-07 16:20:33.303000),39.0,
S1_CleanFloor_1_extracted,Event_10,JinsBlinkStrength,JinsBlinkStrength_Event_10.data,101,2,0,0,0,epoch milliseconds (2018-03-07 16:20:33.303000),39.0,
S1_CleanFloor_1_extracted,Event_10,JinsEyeMovement,JinsEyeMovement_Event_10.data,101,5,0,0,0,epoch milliseconds (2018-03-07 16:20:33.303000),39.0,
S1_CleanFloor_1_extracted,Event_10,JinsGyroscope,JinsGyroscope_Event_10.data,101,4,0,0,0,epoch milliseconds (2018-03-07 16:20:33.303000),39.0,
S1_CleanFloor_1_extracted,Event_10,PhoneAccelerometer,PhoneAccelerometer_Event_10.data,1008,4,0,0,0,epoch milliseconds (2018-03-07 16:20:33.302000),5.0,
S1_CleanFloor_1_extracted,Event_10,PhoneGravity,PhoneGravity_Event_10.data,1008,4,0,0,0,epoch milliseconds (2018-03-07 16:20:33.303000),5.0,
S1_CleanFloor_1_extracted,Event_10,PhoneGyroscope,PhoneGyroscope_Event_10.data,1007,4,0,0,0,epoch milliseconds (2018-03-07 16:20:33.304000),5.0,
S1_CleanFloor_1_extracted,Event_10,PhoneLinearAccelerometer,PhoneLinearAccelerometer_Event_10.data,1006,4,0,0,0,epoch milliseconds (2018-03-07 16:20:33.302000),5.0,
S1_CleanFloor_1_extracted,Event_10,PhoneMagnetometer,PhoneMagnetometer_Event_10.data,501,4,0,0,0,epoch milliseconds (2018-03-07 16:20:33.303000),10.0,
S1_CleanFloor_1_extracted,Event_10,android.sensor.accelerometer,android.sensor.accelerometer_Event_10.data,495,4,0,0,0,epoch milliseconds (2018-03-07 16:20:33.311000),10.0,
S1_CleanFloor_1_extracted,Event_10,android.sensor.gyroscope,android.sensor.gyroscope_Event_10.data,496,4,0,0,0,epoch milliseconds (2018-03-07 16:20:33.310000),10.0,
S1_CleanFloor_2_extracted,Event_0,JinsAccelerometer,JinsAccelerometer_Event_0.data,100,4,0,0,0,epoch milliseconds (2018-03-07 16:23:13.135000),38.0,
S1_CleanFloor_2_extracted,Event_0,JinsBlinkSpeed,JinsBlinkSpeed_Event_0.data,100,2,0,0,0,epoch milliseconds (2018-03-07 16:23:13.135000),38.0,
S1_CleanFloor_2_extracted,Event_0,JinsBlinkStrength,JinsBlinkStrength_Event_0.data,100,2,0,0,0,epoch milliseconds (2018-03-07 16:23:13.135000),38.0,
S1_CleanFloor_2_extracted,Event_0,JinsEyeMovement,JinsEyeMovement_Event_0.data,100,5,0,0,0,epoch milliseconds (2018-03-07 16:23:13.135000),38.0,
S1_CleanFloor_2_extracted,Event_0,JinsGyroscope,JinsGyroscope_Event_0.data,100,4,0,0,0,epoch milliseconds (2018-03-07 16:23:13.135000),38.0,
S1_CleanFloor_2_extracted,Event_0,PhoneAccelerometer,PhoneAccelerometer_Event_0.data,1007,4,0,0,0,epoch milliseconds (2018-03-07 16:23:13.086000),5.0,
S1_CleanFloor_2_extracted,Event_0,PhoneGravity,PhoneGravity_Event_0.data,1009,4,0,0,0,epoch milliseconds (2018-03-07 16:23:13.087000),5.0,
S1_CleanFloor_2_extracted,Event_0,PhoneGyroscope,PhoneGyroscope_Event_0.data,1008,4,0,0,0,epoch milliseconds (2018-03-07 16:23:13.086000),5.0,
S1_CleanFloor_2_extracted,Event_0,PhoneLinearAccelerometer,PhoneLinearAccelerometer_Event_0.data,1008,4,0,0,0,epoch milliseconds (2018-03-07 16:23:13.088000),5.0,
S1_CleanFloor_2_extracted,Event_0,PhoneMagnetometer,PhoneMagnetometer_Event_0.data,501,4,0,0,0,epoch milliseconds (2018-03-07 16:23:13.090000),10.0,
S1_CleanFloor_2_extracted,Event_0,android.sensor.accelerometer,android.sensor.accelerometer_Event_0.data,495,4,0,0,0,epoch milliseconds (2018-03-07 16:23:13.088000),10.0,
S1_CleanFloor_2_extracted,Event_0,android.sensor.gyroscope,android.sensor.gyroscope_Event_0.data,495,4,0,0,0,epoch milliseconds (2018-03-07 16:23:13.092000),10.0,
S1_CleanFloor_2_extracted,Event_1,JinsAccelerometer,JinsAccelerometer_Event_1.data,101,4,0,0,0,epoch milliseconds (2018-03-07 16:23:33.422000),39.0,
S1_CleanFloor_2_extracted,Event_1,JinsBlinkSpeed,JinsBlinkSpeed_Event_1.data,101,2,0,0,0,epoch milliseconds (2018-03-07 16:23:33.422000),39.0,
S1_CleanFloor_2_extracted,Event_1,JinsBlinkStrength,JinsBlinkStrength_Event_1.data,101,2,0,0,0,epoch milliseconds (2018-03-07 16:23:33.422000),39.0,
S1_CleanFloor_2_extracted,Event_1,JinsEyeMovement,JinsEyeMovement_Event_1.data,101,5,0,0,0,epoch milliseconds (2018-03-07 16:23:33.422000),39.0,
S1_CleanFloor_2_extracted,Event_1,JinsGyroscope,JinsGyroscope_Event_1.data,101,4,0,0,0,epoch milliseconds (2018-03-07 16:23:33.422000),39.0,
S1_CleanFloor_2_extracted,Event_1,PhoneAccelerometer,PhoneAccelerometer_Event_1.data,1006,4,0,0,0,epoch milliseconds (2018-03-07 16:23:33.417000),5.0,
S1_CleanFloor_2_extracted,Event_1,PhoneGravity,PhoneGravity_Event_1.data,1007,4,0,0,0,epoch milliseconds (2018-03-07 16:23:33.415000),5.0,
S1_CleanFloor_2_extracted,Event_1,PhoneGyroscope,PhoneGyroscope_Event_1.data,1003,4,0,0,0,epoch milliseconds (2018-03-07 16:23:33.417000),5.0,
S1_CleanFloor_2_extracted,Event_1,PhoneLinearAccelerometer,PhoneLinearAccelerometer_Event_1.data,1007,4,0,0,0,epoch milliseconds (2018-03-07 16:23:33.417000),5.0,
S1_CleanFloor_2_extracted,Event_1,PhoneMagnetometer,PhoneMagnetometer_Event_1.data,501,4,0,0,0,epoch milliseconds (2018-03-07 16:23:33.423000),10.0,
S1_CleanFloor_2_extracted,Event_1,android.sensor.accelerometer,android.sensor.accelerometer_Event_1.data,496,4,0,0,0,epoch milliseconds (2018-03-07 16:23:33.417000),10.0,
S1_CleanFloor_2_extracted,Event_1,android.sensor.gyroscope,android.sensor.gyroscope_Event_1.data,495,4,0,0,0,epoch milliseconds (2018-03-07 16:23:33.419000),10.0,
S1_CleanFloor_2_extracted,Event_2,JinsAccelerometer,JinsAccelerometer_Event_2.data,100,4,0,0,0,epoch milliseconds (2018-03-07 16:24:00.088000),39.0,
S1_CleanFloor_2_extracted,Event_2,JinsBlinkSpeed,JinsBlinkSpeed_Event_2.data,100,2,0,0,0,epoch milliseconds (2018-03-07 16:24:00.088000),39.0,
S1_CleanFloor_2_extracted,Event_2,JinsBlinkStrength,JinsBlinkStrength_Event_2.data,100,2,0,0,0,epoch milliseconds (2018-03-07 16:24:00.088000),39.0,
S1_CleanFloor_2_extracted,Event_2,JinsEyeMovement,JinsEyeMovement_Event_2.data,100,5,0,0,0,epoch milliseconds (2018-03-07 16:24:00.088000),39.0,
S1_CleanFloor_2_extracted,Event_2,JinsGyroscope,JinsGyroscope_Event_2.data,100,4,0,0,0,epoch milliseconds (2018-03-07 16:24:00.088000),39.0,
S1_CleanFloor_2_extracted,Event_2,PhoneAccelerometer,PhoneAccelerometer_Event_2.data,1007,4,0,0,0,epoch milliseconds (2018-03-07 16:24:00.079000),5.0,
S1_CleanFloor_2_extracted,Event_2,PhoneGravity,PhoneGravity_Event_2.data,1016,4,0,0,0,epoch milliseconds (2018-03-07 16:24:00.080000),5.0,
S1_CleanFloor_2_extracted,Event_2,PhoneGyroscope,PhoneGyroscope_Event_2.data,1014,4,0,0,0,epoch milliseconds (2018-03-07 16:24:00.082000),5.0,
S1_CleanFloor_2_extracted,Event_2,PhoneLinearAccelerometer,PhoneLinearAccelerometer_Event_2.data,1015,4,0,0,0,epoch milliseconds (2018-03-07 16:24:00.080000),5.0,
S1_CleanFloor_2_extracted,Event_2,PhoneMagnetometer,PhoneMagnetometer_Event_2.data,501,4,0,0,0,epoch milliseconds (2018-03-07 16:24:00.078000),10.0,
S1_CleanFloor_2_extracted,Event_2,android.sensor.accelerometer,android.sensor.accelerometer_Event_2.data,510,4,0,0,0,epoch milliseconds (2018-03-07 16:24:00.085000),10.0,
S1_CleanFloor_2_extracted,Event_2,android.sensor.gyroscope,android.sensor.gyroscope_Event_2.data,509,4,0,0,0,epoch milliseconds (2018-03-07 16:24:00.086000),10.0,
S1_CleanFloor_2_extracted,Event_3,JinsAccelerometer,JinsAccelerometer_Event_3.data,100,4,0,0,0,epoch milliseconds (2018-03-07 16:24:16.087000),39.0,
S1_CleanFloor_2_extracted,Event_3,JinsBlinkSpeed,JinsBlinkSpeed_Event_3.data,100,2,0,0,0,epoch milliseconds (2018-03-07 16:24:16.087000),39.0,
S1_CleanFloor_2_extracted,Event_3,JinsBlinkStrength,JinsBlinkStrength_Event_3.data,100,2,0,0,0,epoch milliseconds (2018-03-07 16:24:16.087000),39.0,
S1_CleanFloor_2_extracted,Event_3,JinsEyeMovement,JinsEyeMovement_Event_3.data,100,5,0,0,0,epoch milliseconds (2018-03-07 16:24:16.087000),39.0,
S1_CleanFloor_2_extracted,Event_3,JinsGyroscope,JinsGyroscope_Event_3.data,100,4,0,0,0,epoch milliseconds (2018-03-07 16:24:16.087000),39.0,
S1_CleanFloor_2_extracted,Event_3,PhoneAccelerometer,PhoneAccelerometer_Event_3.data,1007,4,0,0,0,epoch milliseconds (2018-03-07 16:24:16.055000),5.0,
S1_CleanFloor_2_extracted,Event_3,PhoneGravity,PhoneGravity_Event_3.data,1005,4,0,0,0,epoch milliseconds (2018-03-07 16:24:16.056000),5.0,
S1_CleanFloor_2_extracted,Event_3,PhoneGyroscope,PhoneGyroscope_Event_3.data,1006,4,0,0,0,epoch milliseconds (2018-03-07 16:24:16.054000),5.0,
S1_CleanFloor_2_extracted,Event_3,PhoneLinearAccelerometer,PhoneLinearAccelerometer_Event_3.data,1006,4,0,0,0,epoch milliseconds (2018-03-07 16:24:16.056000),5.0,
S1_CleanFloor_2_extracted,Event_3,PhoneMagnetometer,PhoneMagnetometer_Event_3.data,501,4,0,0,0,epoch milliseconds (2018-03-07 16:24:16.063000),10.0,
S1_CleanFloor_2_extracted,Event_3,android.sensor.accelerometer,android.sensor.accelerometer_Event_3.data,500,4,0,0,0,epoch milliseconds (2018-03-07 16:24:16.061000),10.0,
S1_CleanFloor_2_extracted,Event_3,android.sensor.gyroscope,android.sensor.gyroscope_Event_3.data,501,4,0,0,0,epoch milliseconds (2018-03-07 16:24:16.056000),10.0,
S1_CleanFloor_2_extracted,Event_4,JinsAccelerometer,JinsAccelerometer_Event_4.data,101,4,0,0,0,epoch milliseconds (2018-03-07 16:24:31.920000),39.0,
S1_CleanFloor_2_extracted,Event_4,JinsBlinkSpeed,JinsBlinkSpeed_Event_4.data,101,2,0,0,0,epoch milliseconds (2018-03-07 16:24:31.920000),39.0,
S1_CleanFloor_2_extracted,Event_4,JinsBlinkStrength,JinsBlinkStrength_Event_4.data,101,2,0,0,0,epoch milliseconds (2018-03-07 16:24:31.920000),39.0,
S1_CleanFloor_2_extracted,Event_4,JinsEyeMovement,JinsEyeMovement_Event_4.data,101,5,0,0,0,epoch milliseconds (2018-03-07 16:24:31.920000),39.0,
S1_CleanFloor_2_extracted,Event_4,JinsGyroscope,JinsGyroscope_Event_4.data,101,4,0,0,0,epoch milliseconds (2018-03-07 16:24:31.920000),39.0,
S1_CleanFloor_2_extracted,Event_4,PhoneAccelerometer,PhoneAccelerometer_Event_4.data,1007,4,0,0,0,epoch milliseconds (2018-03-07 16:24:31.922000),5.0,
S1_CleanFloor_2_extracted,Event_4,PhoneGravity,PhoneGravity_Event_4.data,1007,4,0,0,0,epoch milliseconds (2018-03-07 16:24:31.922000),5.0,
S1_CleanFloor_2_extracted,Event_4,PhoneGyroscope,PhoneGyroscope_Event_4.data,1007,4,0,0,0,epoch milliseconds (2018-03-07 16:24:31.921000),5.0,
S1_CleanFloor_2_extracted,Event_4,PhoneLinearAccelerometer,PhoneLinearAccelerometer_Event_4.data,1008,4,0,0,0,epoch milliseconds (2018-03-07 16:24:31.921000),5.0,
S1_CleanFloor_2_extracted,Event_4,PhoneMagnetometer,PhoneMagnetometer_Event_4.data,501,4,0,0,0,epoch milliseconds (2018-03-07 16:24:31.922000),10.0,
S1_CleanFloor_2_extracted,Event_4,android.sensor.accelerometer,android.sensor.accelerometer_Event_4.data,493,4,0,0,0,epoch milliseconds (2018-03-07 16:24:31.922000),10.0,
S1_CleanFloor_2_extracted,Event_4,android.sensor.gyroscope,android.sensor.gyroscope_Event_4.data,492,4,0,0,0,epoch milliseconds (2018-03-07 16:24:31.923000),10.0,
S1_CleanFloor_2_extracted,Event_5,JinsAccelerometer,JinsAccelerometer_Event_5.data,101,4,0,0,0,epoch milliseconds (2018-03-07 16:24:54.984000),38.0,
S1_CleanFloor_2_extracted,Event_5,JinsBlinkSpeed,JinsBlinkSpeed_Event_5.data,101,2,0,0,0,epoch milliseconds (2018-03-07 16:24:54.984000),38.0,
S1_CleanFloor_2_extracted,Event_5,JinsBlinkStrength,JinsBlinkStrength_Event_5.data,101,2,0,0,0,epoch milliseconds (2018-03-07 16:24:54.984000),38.0,
S1_CleanFloor_2_extracted,Event_5,JinsEyeMovement,JinsEyeMovement_Event_5.data,101,5,0,0,0,epoch milliseconds (2018-03-07 16:24:54.984000),38.0,
S1_CleanFloor_2_extracted,Event_5,JinsGyroscope,JinsGyroscope_Event_5.data,101,4,0,0,0,epoch milliseconds (2018-03-07 16:24:54.984000),38.0,
S1_CleanFloor_2_extracted,Event_5,PhoneAccelerometer,PhoneAccelerometer_Event_5.data,1006,4,0,0,0,epoch milliseconds (2018-03-07 16:24:54.985000),5.0,
S1_CleanFloor_2_extracted,Event_5,PhoneGravity,PhoneGravity_Event_5.data,1007,4,0,0,0,epoch milliseconds (2018-03-07 16:24:54.984000),5.0,
S1_CleanFloor_2_extracted,Event_5,PhoneGyroscope,PhoneGyroscope_Event_5.data,1006,4,0,0,0,epoch milliseconds (2018-03-07 16:24:54.986000),5.0,
S1_CleanFloor_2_extracted,Event_5,PhoneLinearAccelerometer,PhoneLinearAccelerometer_Event_5.data,1007,4,0,0,0,epoch milliseconds (2018-03-07 16:24:54.983000),5.0,
S1_CleanFloor_2_extracted,Event_5,PhoneMagnetometer,PhoneMagnetometer_Event_5.data,501,4,0,0,0,epoch milliseconds (2018-03-07 16:24:54.984000),10.0,
S1_CleanFloor_2_extracted,Event_5,android.sensor.accelerometer,android.sensor.accelerometer_Event_5.data,503,4,0,0,0,epoch milliseconds (2018-03-07 16:24:54.984000),10.0,
S1_CleanFloor_2_extracted,Event_5,android.sensor.gyroscope,android.sensor.gyroscope_Event_5.data,503,4,0,0,0,epoch milliseconds (2018-03-07 16:24:54.990000),10.0,
S1_CleanFloor_2_extracted,Event_6,JinsAccelerometer,JinsAccelerometer_Event_6.data,100,4,0,0,0,epoch milliseconds (2018-03-07 16:25:06.165000),38.0,
S1_CleanFloor_2_extracted,Event_6,JinsBlinkSpeed,JinsBlinkSpeed_Event_6.data,100,2,0,0,0,epoch milliseconds (2018-03-07 16:25:06.165000),38.0,
S1_CleanFloor_2_extracted,Event_6,JinsBlinkStrength,JinsBlinkStrength_Event_6.data,100,2,0,0,0,epoch milliseconds (2018-03-07 16:25:06.165000),38.0,
S1_CleanFloor_2_extracted,Event_6,JinsEyeMovement,JinsEyeMovement_Event_6.data,100,5,0,0,0,epoch milliseconds (2018-03-07 16:25:06.165000),38.0,
S1_CleanFloor_2_extracted,Event_6,JinsGyroscope,JinsGyroscope_Event_6.data,100,4,0,0,0,epoch milliseconds (2018-03-07 16:25:06.165000),38.0,
S1_CleanFloor_2_extracted,Event_6,PhoneAccelerometer,PhoneAccelerometer_Event_6.data,1007,4,0,0,0,epoch milliseconds (2018-03-07 16:25:06.131000),5.0,
S1_CleanFloor_2_extracted,Event_6,PhoneGravity,PhoneGravity_Event_6.data,1007,4,0,0,0,epoch milliseconds (2018-03-07 16:25:06.130000),5.0,
S1_CleanFloor_2_extracted,Event_6,PhoneGyroscope,PhoneGyroscope_Event_6.data,1008,4,0,0,0,epoch milliseconds (2018-03-07 16:25:06.129000),5.0,
S1_CleanFloor_2_extracted,Event_6,PhoneLinearAccelerometer,PhoneLinearAccelerometer_Event_6.data,1007,4,0,0,0,epoch milliseconds (2018-03-07 16:25:06.127000),5.0,
S1_CleanFloor_2_extracted,Event_6,PhoneMagnetometer,PhoneMagnetometer_Event_6.data,501,4,0,0,0,epoch milliseconds (2018-03-07 16:25:06.130000),10.0,
S1_CleanFloor_2_extracted,Event_6,android.sensor.accelerometer,android.sensor.accelerometer_Event_6.data,500,4,0,0,0,epoch milliseconds (2018-03-07 16:25:06.130000),10.0,
S1_CleanFloor_2_extracted,Event_6,android.sensor.gyroscope,android.sensor.gyroscope_Event_6.data,499,4,0,0,0,epoch milliseconds (2018-03-07 16:25:06.134000),10.0,
S1_CleanFloor_2_extracted,Event_7,JinsAccelerometer,JinsAccelerometer_Event_7.data,100,4,0,0,0,epoch milliseconds (2018-03-07 16:25:20.787000),38.0,
S1_CleanFloor_2_extracted,Event_7,JinsBlinkSpeed,JinsBlinkSpeed_Event_7.data,100,2,0,0,0,epoch milliseconds (2018-03-07 16:25:20.787000),38.0,
S1_CleanFloor_2_extracted,Event_7,JinsBlinkStrength,JinsBlinkStrength_Event_7.data,100,2,0,0,0,epoch milliseconds (2018-03-07 16:25:20.787000),38.0,
S1_CleanFloor_2_extracted,Event_7,JinsEyeMovement,JinsEyeMovement_Event_7.data,100,5,0,0,0,epoch milliseconds (2018-03-07 16:25:20.787000),38.0,
S1_CleanFloor_2_extracted,Event_7,JinsGyroscope,JinsGyroscope_Event_7.data,100,4,0,0,0,epoch milliseconds (2018-03-07 16:25:20.787000),38.0,
S1_CleanFloor_2_extracted,Event_7,PhoneAccelerometer,PhoneAccelerometer_Event_7.data,1007,4,0,0,0,epoch milliseconds (2018-03-07 16:25:20.745000),5.0,
S1_CleanFloor_2_extracted,Event_7,PhoneGravity,PhoneGravity_Event_7.data,1008,4,0,0,0,epoch milliseconds (2018-03-07 16:25:20.744000),5.0,
S1_CleanFloor_2_extracted,Event_7,PhoneGyroscope,PhoneGyroscope_Event_7.data,1010,4,0,0,0,epoch milliseconds (2018-03-07 16:25:20.743000),5.0,
S1_CleanFloor_2_extracted,Event_7,PhoneLinearAccelerometer,PhoneLinearAccelerometer_Event_7.data,1007,4,0,0,0,epoch milliseconds (2018-03-07 16:25:20.742000),5.0,
S1_CleanFloor_2_extracted,Event_7,PhoneMagnetometer,PhoneMagnetometer_Event_7.data,501,4,0,0,0,epoch milliseconds (2018-03-07 16:25:20.743000),10.0,
S1_CleanFloor_2_extracted,Event_7,android.sensor.accelerometer,android.sensor.accelerometer_Event_7.data,504,4,0,0,0,epoch milliseconds (2018-03-07 16:25:20.746000),10.0,
S1_CleanFloor_2_extracted,Event_7,android.sensor.gyroscope,android.sensor.gyroscope_Event_7.data,504,4,0,0,0,epoch milliseconds (2018-03-07 16:25:20.745000),10.0,
S1_CleanFloor_2_extracted,Event_8,JinsAccelerometer,JinsAccelerometer_Event_8.data,99,4,0,0,0,epoch milliseconds (2018-03-07 16:25:53.337000),38.5,
S1_CleanFloor_2_extracted,Event_8,JinsBlinkSpeed,JinsBlinkSpeed_Event_8.data,99,2,0,0,0,epoch milliseconds (2018-03-07 16:25:53.337000),38.5,
S1_CleanFloor_2_extracted,Event_8,JinsBlinkStrength,JinsBlinkStrength_Event_8.data,99,2,0,0,0,epoch milliseconds (2018-03-07 16:25:53.337000),38.5,
S1_CleanFloor_2_extracted,Event_8,JinsEyeMovement,JinsEyeMovement_Event_8.data,99,5,0,0,0,epoch milliseconds (2018-03-07 16:25:53.337000),38.5,
S1_CleanFloor_2_extracted,Event_8,JinsGyroscope,JinsGyroscope_Event_8.data,99,4,0,0,0,epoch milliseconds (2018-03-07 16:25:53.337000),38.5,
S1_CleanFloor_2_extracted,Event_8,PhoneAccelerometer,PhoneAccelerometer_Event_8.data,1006,4,0,0,0,epoch milliseconds (2018-03-07 16:25:53.278000),5.0,
S1_CleanFloor_2_extracted,Event_8,PhoneGravity,PhoneGravity_Event_8.data,1009,4,0,0,0,epoch milliseconds (2018-03-07 16:25:53.281000),5.0,
S1_CleanFloor_2_extracted,Event_8,PhoneGyroscope,PhoneGyroscope_Event_8.data,1005,4,0,0,0,epoch milliseconds (2018-03-07 16:25:53.282000),5.0,
S1_CleanFloor_2_extracted,Event_8,PhoneLinearAccelerometer,PhoneLinearAccelerometer_Event_8.data,1006,4,0,0,0,epoch milliseconds (2018-03-07 16:25:53.278000),5.0,
S1_CleanFloor_2_extracted,Event_8,PhoneMagnetometer,PhoneMagnetometer_Event_8.data,501,4,0,0,0,epoch milliseconds (2018-03-07 16:25:53.288000),10.0,
S1_CleanFloor_2_extracted,Event_8,android.sensor.accelerometer,android.sensor.accelerometer_Event_8.data,498,4,0,0,0,epoch milliseconds (2018-03-07 16:25:53.278000),10.0,
S1_CleanFloor_2_extracted,Event_8,android.sensor.gyroscope,android.sensor.gyroscope_Event_8.data,498,4,0,0,0,epoch milliseconds (2018-03-07 16:25:53.283000),10.0,
S1_CleanFloor_2_extracted,Event_9,JinsAccelerometer,JinsAccelerometer_Event_9.data,100,4,0,0,0,epoch milliseconds (2018-03-07 16:26:08.033000),38.0,
S1_CleanFloor_2_extracted,Event_9,JinsBlinkSpeed,JinsBlinkSpeed_Event_9.data,100,2,0,0,0,epoch milliseconds (2018-03-07 16:26:08.033000),38.0,
S1_CleanFloor_2_extracted,Event_9,JinsBlinkStrength,JinsBlinkStrength_Event_9.data,100,2,0,0,0,epoch milliseconds (2018-03-07 16:26:08.033000),38.0,
S1_CleanFloor_2_extracted,Event_9,JinsEyeMovement,JinsEyeMovement_Event_9.data,100,5,0,0,0,epoch milliseconds (2018-03-07 16:26:08.033000),38.0,
S1_CleanFloor_2_extracted,Event_9,JinsGyroscope,JinsGyroscope_Event_9.data,100,4,0,0,0,epoch milliseconds (2018-03-07 16:26:08.033000),38.0,
S1_CleanFloor_2_extracted,Event_9,PhoneAccelerometer,PhoneAccelerometer_Event_9.data,1007,4,0,0,0,epoch milliseconds (2018-03-07 16:26:08.009000),5.0,
S1_CleanFloor_2_extracted,Event_9,PhoneGravity,PhoneGravity_Event_9.data,1007,4,0,0,0,epoch milliseconds (2018-03-07 16:26:08.008000),5.0,
S1_CleanFloor_2_extracted,Event_9,PhoneGyroscope,PhoneGyroscope_Event_9.data,1009,4,0,0,0,epoch milliseconds (2018-03-07 16:26:08.008000),5.0,
S1_CleanFloor_2_extracted,Event_9,PhoneLinearAccelerometer,PhoneLinearAccelerometer_Event_9.data,1006,4,0,0,0,epoch milliseconds (2018-03-07 16:26:08.008000),5.0,
S1_CleanFloor_2_extracted,Event_9,PhoneMagnetometer,PhoneMagnetometer_Event_9.data,500,4,0,0,0,epoch milliseconds (2018-03-07 16:26:08.011000),10.0,
S1_CleanFloor_2_extracted,Event_9,android.sensor.accelerometer,android.sensor.accelerometer_Event_9.data,491,4,0,0,0,epoch milliseconds (2018-03-07 16:26:08.008000),10.0,
S1_CleanFloor_2_extracted,Event_9,android.sensor.gyroscope,android.sensor.gyroscope_Event_9.data,490,4,0,0,0,epoch milliseconds (2018-03-07 16:26:08.010000),10.0,
S1_CleanSurface_1_extracted,Event_0,JinsAccelerometer,JinsAccelerometer_Event_0.data,100,4,0,0,0,epoch milliseconds (2018-03-07 15:36:53.520000),38.0,
S1_CleanSurface_1_extracted,Event_0,JinsBlinkSpeed,JinsBlinkSpeed_Event_0.data,100,2,0,0,0,epoch milliseconds (2018-03-07 15:36:53.520000),38.0,
S1_CleanSurface_1_extracted,Event_0,JinsBlinkStrength,JinsBlinkStrength_Event_0.data,100,2,0,0,0,epoch milliseconds (2018-03-07 15:36:53.520000),38.0,
S1_CleanSurface_1_extracted,Event_0,JinsEyeMovement,JinsEyeMovement_Event_0.data,100,5,0,0,0,epoch milliseconds (2018-03-07 15:36:53.520000),38.0,
S1_CleanSurface_1_extracted,Event_0,JinsGyroscope,JinsGyroscope_Event_0.data,100,4,0,0,0,epoch milliseconds (2018-03-07 15:36:53.520000),38.0,
S1_CleanSurface_1_extracted,Event_0,PhoneAccelerometer,PhoneAccelerometer_Event_0.data,1007,4,0,0,0,epoch milliseconds (2018-03-07 15:36:53.504000),5.0,
S1_CleanSurface_1_extracted,Event_0,PhoneGravity,PhoneGravity_Event_0.data,1007,4,0,0,0,epoch milliseconds (2018-03-07 15:36:53.504000),5.0,
S1_CleanSurface_1_extracted,Event_0,PhoneGyroscope,PhoneGyroscope_Event_0.data,1008,4,0,0,0,epoch milliseconds (2018-03-07 15:36:53.508000),5.0,
S1_CleanSurface_1_extracted,Event_0,PhoneLinearAccelerometer,PhoneLinearAccelerometer_Event_0.data,1007,4,0,0,0,epoch milliseconds (2018-03-07 15:36:53.507000),5.0,
S1_CleanSurface_1_extracted,Event_0,PhoneMagnetometer,PhoneMagnetometer_Event_0.data,500,4,0,0,0,epoch milliseconds (2018-03-07 15:36:53.508000),10.0,
S1_CleanSurface_1_extracted,Event_0,android.sensor.accelerometer,android.sensor.accelerometer_Event_0.data,507,4,0,0,0,epoch milliseconds (2018-03-07 15:36:53.507000),10.0,
S1_CleanSurface_1_extracted,Event_0,android.sensor.gyroscope,android.sensor.gyroscope_Event_0.data,508,4,0,0,0,epoch milliseconds (2018-03-07 15:36:53.505000),10.0,
S1_CleanSurface_1_extracted,Event_1,JinsAccelerometer,JinsAccelerometer_Event_1.data,100,4,0,0,0,epoch milliseconds (2018-03-07 15:37:04.470000),39.0,
S1_CleanSurface_1_extracted,Event_1,JinsBlinkSpeed,JinsBlinkSpeed_Event_1.data,100,2,0,0,0,epoch milliseconds (2018-03-07 15:37:04.470000),39.0,
S1_CleanSurface_1_extracted,Event_1,JinsBlinkStrength,JinsBlinkStrength_Event_1.data,100,2,0,0,0,epoch milliseconds (2018-03-07 15:37:04.470000),39.0,
S1_CleanSurface_1_extracted,Event_1,JinsEyeMovement,JinsEyeMovement_Event_1.data,100,5,0,0,0,epoch milliseconds (2018-03-07 15:37:04.470000),39.0,
S1_CleanSurface_1_extracted,Event_1,JinsGyroscope,JinsGyroscope_Event_1.data,100,4,0,0,0,epoch milliseconds (2018-03-07 15:37:04.470000),39.0,
S1_CleanSurface_1_extracted,Event_1,PhoneAccelerometer,PhoneAccelerometer_Event_1.data,1006,4,0,0,0,epoch milliseconds (2018-03-07 15:37:04.434000),5.0,
S1_CleanSurface_1_extracted,Event_1,PhoneGravity,PhoneGravity_Event_1.data,1006,4,0,0,0,epoch milliseconds (2018-03-07 15:37:04.436000),5.0,
S1_CleanSurface_1_extracted,Event_1,PhoneGyroscope,PhoneGyroscope_Event_1.data,1007,4,0,0,0,epoch milliseconds (2018-03-07 15:37:04.435000),5.0,
S1_CleanSurface_1_extracted,Event_1,PhoneLinearAccelerometer,PhoneLinearAccelerometer_Event_1.data,1008,4,0,0,0,epoch milliseconds (2018-03-07 15:37:04.433000),5.0,
S1_CleanSurface_1_extracted,Event_1,PhoneMagnetometer,PhoneMagnetometer_Event_1.data,501,4,0,0,0,epoch milliseconds (2018-03-07 15:37:04.435000),10.0,
S1_CleanSurface_1_extracted,Event_1,android.sensor.accelerometer,android.sensor.accelerometer_Event_1.data,498,4,0,0,0,epoch milliseconds (2018-03-07 15:37:04.434000),10.0,
S1_CleanSurface_1_extracted,Event_1,android.sensor.gyroscope,android.sensor.gyroscope_Event_1.data,498,4,0,0,0,epoch milliseconds (2018-03-07 15:37:04.433000),10.0,
S1_CleanSurface_1_extracted,Event_2,JinsAccelerometer,JinsAccelerometer_Event_2.data,100,4,0,0,0,epoch milliseconds (2018-03-07 15:37:14.740000),38.0,
S1_CleanSurface_1_extracted,Event_2,JinsBlinkSpeed,JinsBlinkSpeed_Event_2.data,100,2,0,0,0,epoch milliseconds (2018-03-07 15:37:14.740000),38.0,
S1_CleanSurface_1_extracted,Event_2,JinsBlinkStrength,JinsBlinkStrength_Event_2.data,100,2,0,0,0,epoch milliseconds (2018-03-07 15:37:14.740000),38.0,
S1_CleanSurface_1_extracted,Event_2,JinsEyeMovement,JinsEyeMovement_Event_2.data,100,5,0,0,0,epoch milliseconds (2018-03-07 15:37:14.740000),38.0,
S1_CleanSurface_1_extracted,Event_2,JinsGyroscope,JinsGyroscope_Event_2.data,100,4,0,0,0,epoch milliseconds (2018-03-07 15:37:14.740000),38.0,
S1_CleanSurface_1_extracted,Event_2,PhoneAccelerometer,PhoneAccelerometer_Event_2.data,1006,4,0,0,0,epoch milliseconds (2018-03-07 15:37:14.724000),5.0,
S1_CleanSurface_1_extracted,Event_2,PhoneGravity,PhoneGravity_Event_2.data,1007,4,0,0,0,epoch milliseconds (2018-03-07 15:37:14.721000),5.0,
S1_CleanSurface_1_extracted,Event_2,PhoneGyroscope,PhoneGyroscope_Event_2.data,1006,4,0,0,0,epoch milliseconds (2018-03-07 15:37:14.720000),5.0,
S1_CleanSurface_1_extracted,Event_2,PhoneLinearAccelerometer,PhoneLinearAccelerometer_Event_2.data,1006,4,0,0,0,epoch milliseconds (2018-03-07 15:37:14.721000),5.0,
S1_CleanSurface_1_extracted,Event_2,PhoneMagnetometer,PhoneMagnetometer_Event_2.data,501,4,0,0,0,epoch milliseconds (2018-03-07 15:37:14.724000),10.0,
S1_CleanSurface_1_extracted,Event_2,android.sensor.accelerometer,android.sensor.accelerometer_Event_2.data,492,4,0,0,0,epoch milliseconds (2018-03-07 15:37:14.721000),10.0,
S1_CleanSurface_1_extracted,Event_2,android.sensor.gyroscope,android.sensor.gyroscope_Event_2.data,492,4,0,0,0,epoch milliseconds (2018-03-07 15:37:14.727000),10.0,
S1_CleanSurface_1_extracted,Event_3,JinsAccelerometer,JinsAccelerometer_Event_3.data,100,4,0,0,0,epoch milliseconds (2018-03-07 15:37:41.291000),38.0,
S1_CleanSurface_1_extracted,Event_3,JinsBlinkSpeed,JinsBlinkSpeed_Event_3.data,100,2,0,0,0,epoch milliseconds (2018-03-07 15:37:41.291000),38.0,
S1_CleanSurface_1_extracted,Event_3,JinsBlinkStrength,JinsBlinkStrength_Event_3.data,100,2,0,0,0,epoch milliseconds (2018-03-07 15:37:41.291000),38.0,
S1_CleanSurface_1_extracted,Event_3,JinsEyeMovement,JinsEyeMovement_Event_3.data,100,5,0,0,0,epoch milliseconds (2018-03-07 15:37:41.291000),38.0,
S1_CleanSurface_1_extracted,Event_3,JinsGyroscope,JinsGyroscope_Event_3.data,100,4,0,0,0,epoch milliseconds (2018-03-07 15:37:41.291000),38.0,
S1_CleanSurface_1_extracted,Event_3,PhoneAccelerometer,PhoneAccelerometer_Event_3.data,1006,4,0,0,0,epoch milliseconds (2018-03-07 15:37:41.272000),5.0,
S1_CleanSurface_1_extracted,Event_3,PhoneGravity,PhoneGravity_Event_3.data,1007,4,0,0,0,epoch milliseconds (2018-03-07 15:37:41.264000),5.0,
S1_CleanSurface_1_extracted,Event_3,PhoneGyroscope,PhoneGyroscope_Event_3.data,1005,4,0,0,0,epoch milliseconds (2018-03-07 15:37:41.269000),5.0,
S1_CleanSurface_1_extracted,Event_3,PhoneLinearAccelerometer,PhoneLinearAccelerometer_Event_3.data,1006,4,0,0,0,epoch milliseconds (2018-03-07 15:37:41.267000),5.0,
S1_CleanSurface_1_extracted,Event_3,PhoneMagnetometer,PhoneMagnetometer_Event_3.data,500,4,0,0,0,epoch milliseconds (2018-03-07 15:37:41.270000),10.0,
S1_CleanSurface_1_extracted,Event_3,android.sensor.accelerometer,android.sensor.accelerometer_Event_3.data,507,4,0,0,0,epoch milliseconds (2018-03-07 15:37:41.267000),10.0,
S1_CleanSurface_1_extracted,Event_3,android.sensor.gyroscope,android.sensor.gyroscope_Event_3.data,506,4,0,0,0,epoch milliseconds (2018-03-07 15:37:41.267000),10.0,
S1_CleanSurface_1_extracted,Event_4,JinsAccelerometer,JinsAccelerometer_Event_4.data,99,4,0,0,0,epoch milliseconds (2018-03-07 15:38:01.919000),38.0,
S1_CleanSurface_1_extracted,Event_4,JinsBlinkSpeed,JinsBlinkSpeed_Event_4.data,99,2,0,0,0,epoch milliseconds (2018-03-07 15:38:01.919000),38.0,
S1_CleanSurface_1_extracted,Event_4,JinsBlinkStrength,JinsBlinkStrength_Event_4.data,99,2,0,0,0,epoch milliseconds (2018-03-07 15:38:01.919000),38.0,
S1_CleanSurface_1_extracted,Event_4,JinsEyeMovement,JinsEyeMovement_Event_4.data,99,5,0,0,0,epoch milliseconds (2018-03-07 15:38:01.919000),38.0,
S1_CleanSurface_1_extracted,Event_4,JinsGyroscope,JinsGyroscope_Event_4.data,99,4,0,0,0,epoch milliseconds (2018-03-07 15:38:01.919000),38.0,
S1_CleanSurface_1_extracted,Event_4,PhoneAccelerometer,PhoneAccelerometer_Event_4.data,1010,4,0,0,0,epoch milliseconds (2018-03-07 15:38:01.864000),5.0,
S1_CleanSurface_1_extracted,Event_4,PhoneGravity,PhoneGravity_Event_4.data,1005,4,0,0,0,epoch milliseconds (2018-03-07 15:38:01.864000),5.0,
S1_CleanSurface_1_extracted,Event_4,PhoneGyroscope,PhoneGyroscope_Event_4.data,1006,4,0,0,0,epoch milliseconds (2018-03-07 15:38:01.865000),5.0,
S1_CleanSurface_1_extracted,Event_4,PhoneLinearAccelerometer,PhoneLinearAccelerometer_Event_4.data,1006,4,0,0,0,epoch milliseconds (2018-03-07 15:38:01.868000),5.0,
S1_CleanSurface_1_extracted,Event_4,PhoneMagnetometer,PhoneMagnetometer_Event_4.data,497,4,0,0,0,epoch milliseconds (2018-03-07 15:38:01.869000),10.0,
S1_CleanSurface_1_extracted,Event_4,android.sensor.accelerometer,android.sensor.accelerometer_Event_4.data,500,4,0,0,0,epoch milliseconds (2018-03-07 15:38:01.873000),10.0,
S1_CleanSurface_1_extracted,Event_4,android.sensor.gyroscope,android.sensor.gyroscope_Event_4.data,501,4,0,0,0,epoch milliseconds (2018-03-07 15:38:01.864000),10.0,
S1_CleanSurface_1_extracted,Event_5,JinsAccelerometer,JinsAccelerometer_Event_5.data,100,4,0,0,0,epoch milliseconds (2018-03-07 15:38:25.179000),38.0,
S1_CleanSurface_1_extracted,Event_5,JinsBlinkSpeed,JinsBlinkSpeed_Event_5.data,100,2,0,0,0,epoch milliseconds (2018-03-07 15:38:25.179000),38.0,
S1_CleanSurface_1_extracted,Event_5,JinsBlinkStrength,JinsBlinkStrength_Event_5.data,100,2,0,0,0,epoch milliseconds (2018-03-07 15:38:25.179000),38.0,
S1_CleanSurface_1_extracted,Event_5,JinsEyeMovement,JinsEyeMovement_Event_5.data,100,5,0,0,0,epoch milliseconds (2018-03-07 15:38:25.179000),38.0,
S1_CleanSurface_1_extracted,Event_5,JinsGyroscope,JinsGyroscope_Event_5.data,100,4,0,0,0,epoch milliseconds (2018-03-07 15:38:25.179000),38.0,
S1_CleanSurface_1_extracted,Event_5,PhoneAccelerometer,PhoneAccelerometer_Event_5.data,1007,4,0,0,0,epoch milliseconds (2018-03-07 15:38:25.136000),5.0,
S1_CleanSurface_1_extracted,Event_5,PhoneGravity,PhoneGravity_Event_5.data,1007,4,0,0,0,epoch milliseconds (2018-03-07 15:38:25.138000),5.0,
S1_CleanSurface_1_extracted,Event_5,PhoneGyroscope,PhoneGyroscope_Event_5.data,1005,4,0,0,0,epoch milliseconds (2018-03-07 15:38:25.140000),5.0,
S1_CleanSurface_1_extracted,Event_5,PhoneLinearAccelerometer,PhoneLinearAccelerometer_Event_5.data,1005,4,0,0,0,epoch milliseconds (2018-03-07 15:38:25.140000),5.0,
S1_CleanSurface_1_extracted,Event_5,PhoneMagnetometer,PhoneMagnetometer_Event_5.data,501,4,0,0,0,epoch milliseconds (2018-03-07 15:38:25.142000),10.0,
S1_CleanSurface_1_extracted,Event_5,android.sensor.accelerometer,android.sensor.accelerometer_Event_5.data,499,4,0,0,0,epoch milliseconds (2018-03-07 15:38:25.140000),10.0,
S1_CleanSurface_1_extracted,Event_5,android.sensor.gyroscope,android.sensor.gyroscope_Event_5.data,500,4,0,0,0,epoch milliseconds (2018-03-07 15:38:25.138000),10.0,
S1_CleanSurface_1_extracted,Event_6,JinsAccelerometer,JinsAccelerometer_Event_6.data,100,4,0,0,0,epoch milliseconds (2018-03-07 15:38:39.717000),38.0,
S1_CleanSurface_1_extracted,Event_6,JinsBlinkSpeed,JinsBlinkSpeed_Event_6.data,100,2,0,0,0,epoch milliseconds (2018-03-07 15:38:39.717000),38.0,
S1_CleanSurface_1_extracted,Event_6,JinsBlinkStrength,JinsBlinkStrength_Event_6.data,100,2,0,0,0,epoch milliseconds (2018-03-07 15:38:39.717000),38.0,
S1_CleanSurface_1_extracted,Event_6,JinsEyeMovement,JinsEyeMovement_Event_6.data,100,5,0,0,0,epoch milliseconds (2018-03-07 15:38:39.717000),38.0,
S1_CleanSurface_1_extracted,Event_6,JinsGyroscope,JinsGyroscope_Event_6.data,100,4,0,0,0,epoch milliseconds (2018-03-07 15:38:39.717000),38.0,
S1_CleanSurface_1_extracted,Event_6,PhoneAccelerometer,PhoneAccelerometer_Event_6.data,1006,4,0,0,0,epoch milliseconds (2018-03-07 15:38:39.699000),5.0,
S1_CleanSurface_1_extracted,Event_6,PhoneGravity,PhoneGravity_Event_6.data,1008,4,0,0,0,epoch milliseconds (2018-03-07 15:38:39.698000),5.0,
S1_CleanSurface_1_extracted,Event_6,PhoneGyroscope,PhoneGyroscope_Event_6.data,1006,4,0,0,0,epoch milliseconds (2018-03-07 15:38:39.699000),5.0,
S1_CleanSurface_1_extracted,Event_6,PhoneLinearAccelerometer,PhoneLinearAccelerometer_Event_6.data,1007,4,0,0,0,epoch milliseconds (2018-03-07 15:38:39.699000),5.0,
S1_CleanSurface_1_extracted,Event_6,PhoneMagnetometer,PhoneMagnetometer_Event_6.data,501,4,0,0,0,epoch milliseconds (2018-03-07 15:38:39.696000),10.0,
S1_CleanSurface_1_extracted,Event_6,android.sensor.accelerometer,android.sensor.accelerometer_Event_6.data,505,4,0,0,0,epoch milliseconds (2018-03-07 15:38:39.700000),10.0,
S1_CleanSurface_1_extracted,Event_6,android.sensor.gyroscope,android.sensor.gyroscope_Event_6.data,505,4,0,0,0,epoch milliseconds (2018-03-07 15:38:39.699000),10.0,
S1_CleanSurface_2_extracted,Event_0,JinsAccelerometer,JinsAccelerometer_Event_0.data,100,4,0,0,0,epoch milliseconds (2018-03-07 15:42:15.007000),39.0,
S1_CleanSurface_2_extracted,Event_0,JinsBlinkSpeed,JinsBlinkSpeed_Event_0.data,100,2,0,0,0,epoch milliseconds (2018-03-07 15:42:15.007000),39.0,
S1_CleanSurface_2_extracted,Event_0,JinsBlinkStrength,JinsBlinkStrength_Event_0.data,100,2,0,0,0,epoch milliseconds (2018-03-07 15:42:15.007000),39.0,
S1_CleanSurface_2_extracted,Event_0,JinsEyeMovement,JinsEyeMovement_Event_0.data,100,5,0,0,0,epoch milliseconds (2018-03-07 15:42:15.007000),39.0,
S1_CleanSurface_2_extracted,Event_0,JinsGyroscope,JinsGyroscope_Event_0.data,100,4,0,0,0,epoch milliseconds (2018-03-07 15:42:15.007000),39.0,
S1_CleanSurface_2_extracted,Event_0,PhoneAccelerometer,PhoneAccelerometer_Event_0.data,1008,4,0,0,0,epoch milliseconds (2018-03-07 15:42:14.992000),5.0,
S1_CleanSurface_2_extracted,Event_0,PhoneGravity,PhoneGravity_Event_0.data,1006,4,0,0,0,epoch milliseconds (2018-03-07 15:42:14.993000),5.0,
S1_CleanSurface_2_extracted,Event_0,PhoneGyroscope,PhoneGyroscope_Event_0.data,1005,4,0,0,0,epoch milliseconds (2018-03-07 15:42:14.993000),5.0,
S1_CleanSurface_2_extracted,Event_0,PhoneLinearAccelerometer,PhoneLinearAccelerometer_Event_0.data,1007,4,0,0,0,epoch milliseconds (2018-03-07 15:42:14.993000),5.0,
S1_CleanSurface_2_extracted,Event_0,PhoneMagnetometer,PhoneMagnetometer_Event_0.data,506,4,0,0,0,epoch milliseconds (2018-03-07 15:42:14.993000),10.0,
S1_CleanSurface_2_extracted,Event_0,android.sensor.accelerometer,android.sensor.accelerometer_Event_0.data,511,4,0,0,0,epoch milliseconds (2018-03-07 15:42:14.993000),10.0,
S1_CleanSurface_2_extracted,Event_0,android.sensor.gyroscope,android.sensor.gyroscope_Event_0.data,511,4,0,0,0,epoch milliseconds (2018-03-07 15:42:14.994000),10.0,
S1_CleanSurface_2_extracted,Event_1,JinsAccelerometer,JinsAccelerometer_Event_1.data,100,4,0,0,0,epoch milliseconds (2018-03-07 15:42:25.166000),38.0,
S1_CleanSurface_2_extracted,Event_1,JinsBlinkSpeed,JinsBlinkSpeed_Event_1.data,100,2,0,0,0,epoch milliseconds (2018-03-07 15:42:25.166000),38.0,
S1_CleanSurface_2_extracted,Event_1,JinsBlinkStrength,JinsBlinkStrength_Event_1.data,100,2,0,0,0,epoch milliseconds (2018-03-07 15:42:25.166000),38.0,
S1_CleanSurface_2_extracted,Event_1,JinsEyeMovement,JinsEyeMovement_Event_1.data,100,5,0,0,0,epoch milliseconds (2018-03-07 15:42:25.166000),38.0,
S1_CleanSurface_2_extracted,Event_1,JinsGyroscope,JinsGyroscope_Event_1.data,100,4,0,0,0,epoch milliseconds (2018-03-07 15:42:25.166000),38.0,
S1_CleanSurface_2_extracted,Event_1,PhoneAccelerometer,PhoneAccelerometer_Event_1.data,1007,4,0,0,0,epoch milliseconds (2018-03-07 15:42:25.160000),5.0,
S1_CleanSurface_2_extracted,Event_1,PhoneGravity,PhoneGravity_Event_1.data,1004,4,0,0,0,epoch milliseconds (2018-03-07 15:42:25.160000),5.0,
S1_CleanSurface_2_extracted,Event_1,PhoneGyroscope,PhoneGyroscope_Event_1.data,1008,4,0,0,0,epoch milliseconds (2018-03-07 15:42:25.161000),5.0,
S1_CleanSurface_2_extracted,Event_1,PhoneLinearAccelerometer,PhoneLinearAccelerometer_Event_1.data,1005,4,0,0,0,epoch milliseconds (2018-03-07 15:42:25.160000),5.0,
S1_CleanSurface_2_extracted,Event_1,PhoneMagnetometer,PhoneMagnetometer_Event_1.data,502,4,0,0,0,epoch milliseconds (2018-03-07 15:42:25.163000),10.0,
S1_CleanSurface_2_extracted,Event_1,android.sensor.accelerometer,android.sensor.accelerometer_Event_1.data,502,4,0,0,0,epoch milliseconds (2018-03-07 15:42:25.242000),10.0,
S1_CleanSurface_2_extracted,Event_1,android.sensor.gyroscope,android.sensor.gyroscope_Event_1.data,502,4,0,0,0,epoch milliseconds (2018-03-07 15:42:25.237000),10.0,
S1_CleanSurface_2_extracted,Event_2,JinsAccelerometer,JinsAccelerometer_Event_2.data,100,4,0,0,0,epoch milliseconds (2018-03-07 15:42:35.145000),38.0,
S1_CleanSurface_2_extracted,Event_2,JinsBlinkSpeed,JinsBlinkSpeed_Event_2.data,100,2,0,0,0,epoch milliseconds (2018-03-07 15:42:35.145000),38.0,
S1_CleanSurface_2_extracted,Event_2,JinsBlinkStrength,JinsBlinkStrength_Event_2.data,100,2,0,0,0,epoch milliseconds (2018-03-07 15:42:35.145000),38.0,
S1_CleanSurface_2_extracted,Event_2,JinsEyeMovement,JinsEyeMovement_Event_2.data,100,5,0,0,0,epoch milliseconds (2018-03-07 15:42:35.145000),38.0,
S1_CleanSurface_2_extracted,Event_2,JinsGyroscope,JinsGyroscope_Event_2.data,100,4,0,0,0,epoch milliseconds (2018-03-07 15:42:35.145000),38.0,
S1_CleanSurface_2_extracted,Event_2,PhoneAccelerometer,PhoneAccelerometer_Event_2.data,991,4,0,0,0,epoch milliseconds (2018-03-07 15:42:35.138000),5.0,
S1_CleanSurface_2_extracted,Event_2,PhoneGravity,PhoneGravity_Event_2.data,1003,4,0,0,0,epoch milliseconds (2018-03-07 15:42:35.136000),5.0,
S1_CleanSurface_2_extracted,Event_2,PhoneGyroscope,PhoneGyroscope_Event_2.data,1001,4,0,0,0,epoch milliseconds (2018-03-07 15:42:35.138000),5.0,
S1_CleanSurface_2_extracted,Event_2,PhoneLinearAccelerometer,PhoneLinearAccelerometer_Event_2.data,1004,4,0,0,0,epoch milliseconds (2018-03-07 15:42:35.136000),5.0,
S1_CleanSurface_2_extracted,Event_2,PhoneMagnetometer,PhoneMagnetometer_Event_2.data,501,4,0,0,0,epoch milliseconds (2018-03-07 15:42:35.145000),10.0,
S1_CleanSurface_2_extracted,Event_2,android.sensor.accelerometer,android.sensor.accelerometer_Event_2.data,499,4,0,0,0,epoch milliseconds (2018-03-07 15:42:35.141000),10.0,
S1_CleanSurface_2_extracted,Event_2,android.sensor.gyroscope,android.sensor.gyroscope_Event_2.data,499,4,0,0,0,epoch milliseconds (2018-03-07 15:42:35.138000),10.0,
S1_CleanSurface_2_extracted,Event_3,JinsAccelerometer,JinsAccelerometer_Event_3.data,100,4,0,0,0,epoch milliseconds (2018-03-07 15:42:45.456000),38.0,
S1_CleanSurface_2_extracted,Event_3,JinsBlinkSpeed,JinsBlinkSpeed_Event_3.data,100,2,0,0,0,epoch milliseconds (2018-03-07 15:42:45.456000),38.0,
S1_CleanSurface_2_extracted,Event_3,JinsBlinkStrength,JinsBlinkStrength_Event_3.data,100,2,0,0,0,epoch milliseconds (2018-03-07 15:42:45.456000),38.0,
S1_CleanSurface_2_extracted,Event_3,JinsEyeMovement,JinsEyeMovement_Event_3.data,100,5,0,0,0,epoch milliseconds (2018-03-07 15:42:45.456000),38.0,
S1_CleanSurface_2_extracted,Event_3,JinsGyroscope,JinsGyroscope_Event_3.data,100,4,0,0,0,epoch milliseconds (2018-03-07 15:42:45.456000),38.0,
S1_CleanSurface_2_extracted,Event_3,PhoneAccelerometer,PhoneAccelerometer_Event_3.data,1007,4,0,0,0,epoch milliseconds (2018-03-07 15:42:45.435000),5.0,
S1_CleanSurface_2_extracted,Event_3,PhoneGravity,PhoneGravity_Event_3.data,1006,4,0,0,0,epoch milliseconds (2018-03-07 15:42:45.436000),5.0,
S1_CleanSurface_2_extracted,Event_3,PhoneGyroscope,PhoneGyroscope_Event_3.data,1008,4,0,0,0,epoch milliseconds (2018-03-07 15:42:45.434000),5.0,
S1_CleanSurface_2_extracted,Event_3,PhoneLinearAccelerometer,PhoneLinearAccelerometer_Event_3.data,1006,4,0,0,0,epoch milliseconds (2018-03-07 15:42:45.432000),5.0,
S1_CleanSurface_2_extracted,Event_3,PhoneMagnetometer,PhoneMagnetometer_Event_3.data,501,4,0,0,0,epoch milliseconds (2018-03-07 15:42:45.438000),10.0,
S1_CleanSurface_2_extracted,Event_3,android.sensor.accelerometer,android.sensor.accelerometer_Event_3.data,502,4,0,0,0,epoch milliseconds (2018-03-07 15:42:45.434000),10.0,
S1_CleanSurface_2_extracted,Event_3,android.sensor.gyroscope,android.sensor.gyroscope_Event_3.data,502,4,0,0,0,epoch milliseconds (2018-03-07 15:42:45.432000),10.0,
S1_CleanSurface_2_extracted,Event_4,JinsAccelerometer,JinsAccelerometer_Event_4.data,100,4,0,0,0,epoch milliseconds (2018-03-07 15:43:08.370000),38.0,
S1_CleanSurface_2_extracted,Event_4,JinsBlinkSpeed,JinsBlinkSpeed_Event_4.data,100,2,0,0,0,epoch milliseconds (2018-03-07 15:43:08.370000),38.0,
S1_CleanSurface_2_extracted,Event_4,JinsBlinkStrength,JinsBlinkStrength_Event_4.data,100,2,0,0,0,epoch milliseconds (2018-03-07 15:43:08.370000),38.0,
S1_CleanSurface_2_extracted,Event_4,JinsEyeMovement,JinsEyeMovement_Event_4.data,100,5,0,0,0,epoch milliseconds (2018-03-07 15:43:08.370000),38.0,
S1_CleanSurface_2_extracted,Event_4,JinsGyroscope,JinsGyroscope_Event_4.data,100,4,0,0,0,epoch milliseconds (2018-03-07 15:43:08.370000),38.0,
S1_CleanSurface_2_extracted,Event_4,PhoneAccelerometer,PhoneAccelerometer_Event_4.data,1009,4,0,0,0,epoch milliseconds (2018-03-07 15:43:08.352000),5.0,
S1_CleanSurface_2_extracted,Event_4,PhoneGravity,PhoneGravity_Event_4.data,1007,4,0,0,0,epoch milliseconds (2018-03-07 15:43:08.353000),5.0,
S1_CleanSurface_2_extracted,Event_4,PhoneGyroscope,PhoneGyroscope_Event_4.data,1006,4,0,0,0,epoch milliseconds (2018-03-07 15:43:08.352000),5.0,
S1_CleanSurface_2_extracted,Event_4,PhoneLinearAccelerometer,PhoneLinearAccelerometer_Event_4.data,1007,4,0,0,0,epoch milliseconds (2018-03-07 15:43:08.352000),5.0,
S1_CleanSurface_2_extracted,Event_4,PhoneMagnetometer,PhoneMagnetometer_Event_4.data,501,4,0,0,0,epoch milliseconds (2018-03-07 15:43:08.357000),10.0,
S1_CleanSurface_2_extracted,Event_4,android.sensor.accelerometer,android.sensor.accelerometer_Event_4.data,499,4,0,0,0,epoch milliseconds (2018-03-07 15:43:08.395000),10.0,
S1_CleanSurface_2_extracted,Event_4,android.sensor.gyroscope,android.sensor.gyroscope_Event_4.data,498,4,0,0,0,epoch milliseconds (2018-03-07 15:43:08.394000),10.0,
S1_CleanSurface_2_extracted,Event_5,JinsAccelerometer,JinsAccelerometer_Event_5.data,99,4,0,0,0,epoch milliseconds (2018-03-07 15:43:21.276000),38.0,
S1_CleanSurface_2_extracted,Event_5,JinsBlinkSpeed,JinsBlinkSpeed_Event_5.data,99,2,0,0,0,epoch milliseconds (2018-03-07 15:43:21.276000),38.0,
S1_CleanSurface_2_extracted,Event_5,JinsBlinkStrength,JinsBlinkStrength_Event_5.data,99,2,0,0,0,epoch milliseconds (2018-03-07 15:43:21.276000),38.0,
S1_CleanSurface_2_extracted,Event_5,JinsEyeMovement,JinsEyeMovement_Event_5.data,99,5,0,0,0,epoch milliseconds (2018-03-07 15:43:21.276000),38.0,
S1_CleanSurface_2_extracted,Event_5,JinsGyroscope,JinsGyroscope_Event_5.data,99,4,0,0,0,epoch milliseconds (2018-03-07 15:43:21.276000),38.0,
S1_CleanSurface_2_extracted,Event_5,PhoneAccelerometer,PhoneAccelerometer_Event_5.data,1016,4,0,0,0,epoch milliseconds (2018-03-07 15:43:21.208000),5.0,
S1_CleanSurface_2_extracted,Event_5,PhoneGravity,PhoneGravity_Event_5.data,1002,4,0,0,0,epoch milliseconds (2018-03-07 15:43:21.212000),5.0,
S1_CleanSurface_2_extracted,Event_5,PhoneGyroscope,PhoneGyroscope_Event_5.data,1002,4,0,0,0,epoch milliseconds (2018-03-07 15:43:21.208000),5.0,
S1_CleanSurface_2_extracted,Event_5,PhoneLinearAccelerometer,PhoneLinearAccelerometer_Event_5.data,1001,4,0,0,0,epoch milliseconds (2018-03-07 15:43:21.213000),5.0,
S1_CleanSurface_2_extracted,Event_5,PhoneMagnetometer,PhoneMagnetometer_Event_5.data,501,4,0,0,0,epoch milliseconds (2018-03-07 15:43:21.215000),10.0,
S1_CleanSurface_2_extracted,Event_5,android.sensor.accelerometer,android.sensor.accelerometer_Event_5.data,503,4,0,0,0,epoch milliseconds (2018-03-07 15:43:21.213000),10.0,
S1_CleanSurface_2_extracted,Event_5,android.sensor.gyroscope,android.sensor.gyroscope_Event_5.data,503,4,0,0,0,epoch milliseconds (2018-03-07 15:43:21.212000),10.0,
S1_CleanSurface_2_extracted,Event_6,JinsAccelerometer,JinsAccelerometer_Event_6.data,100,4,0,0,0,epoch milliseconds (2018-03-07 15:43:37.992000),38.0,
S1_CleanSurface_2_extracted,Event_6,JinsBlinkSpeed,JinsBlinkSpeed_Event_6.data,100,2,0,0,0,epoch milliseconds (2018-03-07 15:43:37.992000),38.0,
S1_CleanSurface_2_extracted,Event_6,JinsBlinkStrength,JinsBlinkStrength_Event_6.data,100,2,0,0,0,epoch milliseconds (2018-03-07 15:43:37.992000),38.0,
S1_CleanSurface_2_extracted,Event_6,JinsEyeMovement,JinsEyeMovement_Event_6.data,100,5,0,0,0,epoch milliseconds (2018-03-07 15:43:37.992000),38.0,
S1_CleanSurface_2_extracted,Event_6,JinsGyroscope,JinsGyroscope_Event_6.data,100,4,0,0,0,epoch milliseconds (2018-03-07 15:43:37.992000),38.0,
S1_CleanSurface_2_extracted,Event_6,PhoneAccelerometer,PhoneAccelerometer_Event_6.data,1007,4,0,0,0,epoch milliseconds (2018-03-07 15:43:37.995000),5.0,
S1_CleanSurface_2_extracted,Event_6,PhoneGravity,PhoneGravity_Event_6.data,1006,4,0,0,0,epoch milliseconds (2018-03-07 15:43:37.996000),5.0,
S1_CleanSurface_2_extracted,Event_6,PhoneGyroscope,PhoneGyroscope_Event_6.data,1005,4,0,0,0,epoch milliseconds (2018-03-07 15:43:37.996000),5.0,
S1_CleanSurface_2_extracted,Event_6,PhoneLinearAccelerometer,PhoneLinearAccelerometer_Event_6.data,1005,4,0,0,0,epoch milliseconds (2018-03-07 15:43:37.992000),5.0,
S1_CleanSurface_2_extracted,Event_6,PhoneMagnetometer,PhoneMagnetometer_Event_6.data,502,4,0,0,0,epoch milliseconds (2018-03-07 15:43:37.992000),10.0,
S1_CleanSurface_2_extracted,Event_6,android.sensor.accelerometer,android.sensor.accelerometer_Event_6.data,481,4,0,0,0,epoch milliseconds (2018-03-07 15:43:37.999000),10.0,
S1_CleanSurface_2_extracted,Event_6,android.sensor.gyroscope,android.sensor.gyroscope_Event_6.data,480,4,0,0,0,epoch milliseconds (2018-03-07 15:43:38.001000),10.0,
