original_folder,event,sensor,file,rows,columns,malformed_rows,missing_values,bad_timestamps,timestamp_format,median_interval_ms,error
S6_OpenBigBox_1_extracted,Event_0,JinsAccelerometer,JinsAccelerometer_Event_0.data,100,4,0,0,0,epoch milliseconds (2018-03-08 14:43:44.927000),52.0,
S6_OpenBigBox_1_extracted,Event_0,JinsBlinkSpeed,JinsBlinkSpeed_Event_0.data,100,2,0,0,0,epoch milliseconds (2018-03-08 14:43:44.927000),52.0,
S6_OpenBigBox_1_extracted,Event_0,JinsBlinkStrength,JinsBlinkStrength_Event_0.data,100,2,0,0,0,epoch milliseconds (2018-03-08 14:43:44.927000),52.0,
S6_OpenBigBox_1_extracted,Event_0,JinsEyeMovement,JinsEyeMovement_Event_0.data,100,5,0,0,0,epoch milliseconds (2018-03-08 14:43:44.927000),52.0,
S6_OpenBigBox_1_extracted,Event_0,JinsGyroscope,JinsGyroscope_Event_0.data,100,4,0,0,0,epoch milliseconds (2018-03-08 14:43:44.927000),52.0,
S6_OpenBigBox_1_extracted,Event_0,PhoneAccelerometer,PhoneAccelerometer_Event_0.data,991,4,0,0,0,epoch milliseconds (2018-03-08 14:43:44.891000),5.0,
S6_OpenBigBox_1_extracted,Event_0,PhoneGravity,PhoneGravity_Event_0.data,991,4,0,0,0,epoch milliseconds (2018-03-08 14:43:44.888000),5.0,
S6_OpenBigBox_1_extracted,Event_0,PhoneGyroscope,PhoneGyroscope_Event_0.data,991,4,0,0,0,epoch milliseconds (2018-03-08 14:43:44.889000),5.0,
S6_OpenBigBox_1_extracted,Event_0,PhoneLinearAccelerometer,PhoneLinearAccelerometer_Event_0.data,994,4,0,0,0,epoch milliseconds (2018-03-08 14:43:44.889000),5.0,
S6_OpenBigBox_1_extracted,Event_0,PhoneMagnetometer,PhoneMagnetometer_Event_0.data,498,4,0,0,0,epoch milliseconds (2018-03-08 14:43:44.896000),10.0,
S6_OpenBigBox_1_extracted,Event_0,android.sensor.accelerometer,android.sensor.accelerometer_Event_0.data,501,4,0,0,0,epoch milliseconds (2018-03-08 14:43:44.896000),10.0,
S6_OpenBigBox_1_extracted,Event_0,android.sensor.gyroscope,android.sensor.gyroscope_Event_0.data,500,4,0,0,0,epoch milliseconds (2018-03-08 14:43:44.897000),10.0,
S6_OpenBigBox_1_extracted,Event_1,JinsAccelerometer,JinsAccelerometer_Event_1.data,99,4,0,0,0,epoch milliseconds (2018-03-08 14:44:04.091000),53.0,
S6_OpenBigBox_1_extracted,Event_1,JinsBlinkSpeed,JinsBlinkSpeed_Event_1.data,99,2,0,0,0,epoch milliseconds (2018-03-08 14:44:04.091000),53.0,
S6_OpenBigBox_1_extracted,Event_1,JinsBlinkStrength,JinsBlinkStrength_Event_1.data,99,2,0,0,0,epoch milliseconds (2018-03-08 14:44:04.091000),53.0,
S6_OpenBigBox_1_extracted,Event_1,JinsEyeMovement,JinsEyeMovement_Event_1.data,99,5,0,0,0,epoch milliseconds (2018-03-08 14:44:04.091000),53.0,
S6_OpenBigBox_1_extracted,Event_1,JinsGyroscope,JinsGyroscope_Event_1.data,99,4,0,0,0,epoch milliseconds (2018-03-08 14:44:04.091000),53.0,
S6_OpenBigBox_1_extracted,Event_1,PhoneAccelerometer,PhoneAccelerometer_Event_1.data,991,4,0,0,0,epoch milliseconds (2018-03-08 14:44:04.016000),5.0,
S6_OpenBigBox_1_extracted,Event_1,PhoneGravity,PhoneGravity_Event_1.data,992,4,0,0,0,epoch milliseconds (2018-03-08 14:44:04.016000),5.0,
S6_OpenBigBox_1_extracted,Event_1,PhoneGyroscope,PhoneGyroscope_Event_1.data,992,4,0,0,0,epoch milliseconds (2018-03-08 14:44:04.019000),5.0,
S6_OpenBigBox_1_extracted,Event_1,PhoneLinearAccelerometer,PhoneLinearAccelerometer_Event_1.data,990,4,0,0,0,epoch milliseconds (2018-03-08 14:44:04.018000),5.0,
S6_OpenBigBox_1_extracted,Event_1,PhoneMagnetometer,PhoneMagnetometer_Event_1.data,501,4,0,0,0,epoch milliseconds (2018-03-08 14:44:04.019000),10.0,
S6_OpenBigBox_1_extracted,Event_1,android.sensor.accelerometer,android.sensor.accelerometer_Event_1.data,502,4,0,0,0,epoch milliseconds (2018-03-08 14:44:04.024000),10.0,
S6_OpenBigBox_1_extracted,Event_1,android.sensor.gyroscope,android.sensor.gyroscope_Event_1.data,503,4,0,0,0,epoch milliseconds (2018-03-08 14:44:04.021000),10.0,
S6_OpenBigBox_1_extracted,Event_2,JinsAccelerometer,JinsAccelerometer_Event_2.data,100,4,0,0,0,epoch milliseconds (2018-03-08 14:44:22.860000),52.0,
S6_OpenBigBox_1_extracted,Event_2,JinsBlinkSpeed,JinsBlinkSpeed_Event_2.data,100,2,0,0,0,epoch milliseconds (2018-03-08 14:44:22.860000),52.0,
S6_OpenBigBox_1_extracted,Event_2,JinsBlinkStrength,JinsBlinkStrength_Event_2.data,100,2,0,0,0,epoch milliseconds (2018-03-08 14:44:22.860000),52.0,
S6_OpenBigBox_1_extracted,Event_2,JinsEyeMovement,JinsEyeMovement_Event_2.data,100,5,0,0,0,epoch milliseconds (2018-03-08 14:44:22.860000),52.0,
S6_OpenBigBox_1_extracted,Event_2,JinsGyroscope,JinsGyroscope_Event_2.data,100,4,0,0,0,epoch milliseconds (2018-03-08 14:44:22.860000),52.0,
S6_OpenBigBox_1_extracted,Event_2,PhoneAccelerometer,PhoneAccelerometer_Event_2.data,992,4,0,0,0,epoch milliseconds (2018-03-08 14:44:22.849000),5.0,
S6_OpenBigBox_1_extracted,Event_2,PhoneGravity,PhoneGravity_Event_2.data,991,4,0,0,0,epoch milliseconds (2018-03-08 14:44:22.852000),5.0,
S6_OpenBigBox_1_extracted,Event_2,PhoneGyroscope,PhoneGyroscope_Event_2.data,991,4,0,0,0,epoch milliseconds (2018-03-08 14:44:22.850000),5.0,
S6_OpenBigBox_1_extracted,Event_2,PhoneLinearAccelerometer,PhoneLinearAccelerometer_Event_2.data,989,4,0,0,0,epoch milliseconds (2018-03-08 14:44:22.853000),5.0,
S6_OpenBigBox_1_extracted,Event_2,PhoneMagnetometer,PhoneMagnetometer_Event_2.data,501,4,0,0,0,epoch milliseconds (2018-03-08 14:44:22.857000),10.0,
S6_OpenBigBox_1_extracted,Event_2,android.sensor.accelerometer,android.sensor.accelerometer_Event_2.data,509,4,0,0,0,epoch milliseconds (2018-03-08 14:44:22.849000),10.0,
S6_OpenBigBox_1_extracted,Event_2,android.sensor.gyroscope,android.sensor.gyroscope_Event_2.data,508,4,0,0,0,epoch milliseconds (2018-03-08 14:44:22.855000),10.0,
S6_OpenBigBox_1_extracted,Event_3,JinsAccelerometer,JinsAccelerometer_Event_3.data,100,4,0,0,0,epoch milliseconds (2018-03-08 14:44:41.075000),52.0,
S6_OpenBigBox_1_extracted,Event_3,JinsBlinkSpeed,JinsBlinkSpeed_Event_3.data,100,2,0,0,0,epoch milliseconds (2018-03-08 14:44:41.075000),52.0,
S6_OpenBigBox_1_extracted,Event_3,JinsBlinkStrength,JinsBlinkStrength_Event_3.data,100,2,0,0,0,epoch milliseconds (2018-03-08 14:44:41.075000),52.0,
S6_OpenBigBox_1_extracted,Event_3,JinsEyeMovement,JinsEyeMovement_Event_3.data,100,5,0,0,0,epoch milliseconds (2018-03-08 14:44:41.075000),52.0,
S6_OpenBigBox_1_extracted,Event_3,JinsGyroscope,JinsGyroscope_Event_3.data,100,4,0,0,0,epoch milliseconds (2018-03-08 14:44:41.075000),52.0,
S6_OpenBigBox_1_extracted,Event_3,PhoneAccelerometer,PhoneAccelerometer_Event_3.data,991,4,0,0,0,epoch milliseconds (2018-03-08 14:44:41.031000),5.0,
S6_OpenBigBox_1_extracted,Event_3,PhoneGravity,PhoneGravity_Event_3.data,991,4,0,0,0,epoch milliseconds (2018-03-08 14:44:41.032000),5.0,
S6_OpenBigBox_1_extracted,Event_3,PhoneGyroscope,PhoneGyroscope_Event_3.data,992,4,0,0,0,epoch milliseconds (2018-03-08 14:44:41.033000),5.0,
S6_OpenBigBox_1_extracted,Event_3,PhoneLinearAccelerometer,PhoneLinearAccelerometer_Event_3.data,990,4,0,0,0,epoch milliseconds (2018-03-08 14:44:41.035000),5.0,
S6_OpenBigBox_1_extracted,Event_3,PhoneMagnetometer,PhoneMagnetometer_Event_3.data,501,4,0,0,0,epoch milliseconds (2018-03-08 14:44:41.037000),10.0,
S6_OpenBigBox_1_extracted,Event_3,android.sensor.accelerometer,android.sensor.accelerometer_Event_3.data,500,4,0,0,0,epoch milliseconds (2018-03-08 14:44:41.038000),10.0,
S6_OpenBigBox_1_extracted,Event_3,android.sensor.gyroscope,android.sensor.gyroscope_Event_3.data,500,4,0,0,0,epoch milliseconds (2018-03-08 14:44:41.040000),10.0,
S6_OpenBigBox_1_extracted,Event_4,JinsAccelerometer,JinsAccelerometer_Event_4.data,100,4,0,0,0,epoch milliseconds (2018-03-08 14:44:59.614000),53.0,
S6_OpenBigBox_1_extracted,Event_4,JinsBlinkSpeed,JinsBlinkSpeed_Event_4.data,100,2,0,0,0,epoch milliseconds (2018-03-08 14:44:59.614000),53.0,
S6_OpenBigBox_1_extracted,Event_4,JinsBlinkStrength,JinsBlinkStrength_Event_4.data,100,2,0,0,0,epoch milliseconds (2018-03-08 14:44:59.614000),53.0,
S6_OpenBigBox_1_extracted,Event_4,JinsEyeMovement,JinsEyeMovement_Event_4.data,100,5,0,0,0,epoch milliseconds (2018-03-08 14:44:59.614000),53.0,
S6_OpenBigBox_1_extracted,Event_4,JinsGyroscope,JinsGyroscope_Event_4.data,100,4,0,0,0,epoch milliseconds (2018-03-08 14:44:59.614000),53.0,
S6_OpenBigBox_1_extracted,Event_4,PhoneAccelerometer,PhoneAccelerometer_Event_4.data,991,4,0,0,0,epoch milliseconds (2018-03-08 14:44:59.594000),5.0,
S6_OpenBigBox_1_extracted,Event_4,PhoneGravity,PhoneGravity_Event_4.data,991,4,0,0,0,epoch milliseconds (2018-03-08 14:44:59.593000),5.0,
S6_OpenBigBox_1_extracted,Event_4,PhoneGyroscope,PhoneGyroscope_Event_4.data,990,4,0,0,0,epoch milliseconds (2018-03-08 14:44:59.591000),5.0,
S6_OpenBigBox_1_extracted,Event_4,PhoneLinearAccelerometer,PhoneLinearAccelerometer_Event_4.data,991,4,0,0,0,epoch milliseconds (2018-03-08 14:44:59.594000),5.0,
S6_OpenBigBox_1_extracted,Event_4,PhoneMagnetometer,PhoneMagnetometer_Event_4.data,501,4,0,0,0,epoch milliseconds (2018-03-08 14:44:59.594000),10.0,
S6_OpenBigBox_1_extracted,Event_4,android.sensor.accelerometer,android.sensor.accelerometer_Event_4.data,499,4,0,0,0,epoch milliseconds (2018-03-08 14:44:59.598000),10.0,
S6_OpenBigBox_1_extracted,Event_4,android.sensor.gyroscope,android.sensor.gyroscope_Event_4.data,498,4,0,0,0,epoch milliseconds (2018-03-08 14:44:59.599000),10.0,
S6_OpenBigBox_1_extracted,Event_5,JinsAccelerometer,JinsAccelerometer_Event_5.data,100,4,0,0,0,epoch milliseconds (2018-03-08 14:45:16.518000),52.0,
S6_OpenBigBox_1_extracted,Event_5,JinsBlinkSpeed,JinsBlinkSpeed_Event_5.data,100,2,0,0,0,epoch milliseconds (2018-03-08 14:45:16.518000),52.0,
S6_OpenBigBox_1_extracted,Event_5,JinsBlinkStrength,JinsBlinkStrength_Event_5.data,100,2,0,0,0,epoch milliseconds (2018-03-08 14:45:16.518000),52.0,
S6_OpenBigBox_1_extracted,Event_5,JinsEyeMovement,JinsEyeMovement_Event_5.data,100,5,0,0,0,epoch milliseconds (2018-03-08 14:45:16.518000),52.0,
S6_OpenBigBox_1_extracted,Event_5,JinsGyroscope,JinsGyroscope_Event_5.data,100,4,0,0,0,epoch milliseconds (2018-03-08 14:45:16.518000),52.0,
S6_OpenBigBox_1_extracted,Event_5,PhoneAccelerometer,PhoneAccelerometer_Event_5.data,990,4,0,0,0,epoch milliseconds (2018-03-08 14:45:16.506000),5.0,
S6_OpenBigBox_1_extracted,Event_5,PhoneGravity,PhoneGravity_Event_5.data,991,4,0,0,0,epoch milliseconds (2018-03-08 14:45:16.507000),5.0,
S6_OpenBigBox_1_extracted,Event_5,PhoneGyroscope,PhoneGyroscope_Event_5.data,991,4,0,0,0,epoch milliseconds (2018-03-08 14:45:16.506000),5.0,
S6_OpenBigBox_1_extracted,Event_5,PhoneLinearAccelerometer,PhoneLinearAccelerometer_Event_5.data,992,4,0,0,0,epoch milliseconds (2018-03-08 14:45:16.503000),5.0,
S6_OpenBigBox_1_extracted,Event_5,PhoneMagnetometer,PhoneMagnetometer_Event_5.data,501,4,0,0,0,epoch milliseconds (2018-03-08 14:45:16.512000),10.0,
S6_OpenBigBox_1_extracted,Event_5,android.sensor.accelerometer,android.sensor.accelerometer_Event_5.data,498,4,0,0,0,epoch milliseconds (2018-03-08 14:45:16.505000),10.0,
S6_OpenBigBox_1_extracted,Event_5,android.sensor.gyroscope,android.sensor.gyroscope_Event_5.data,498,4,0,0,0,epoch milliseconds (2018-03-08 14:45:16.509000),10.0,
S6_OpenBigBox_1_extracted,Event_6,JinsAccelerometer,JinsAccelerometer_Event_6.data,101,4,0,0,0,epoch milliseconds (2018-03-08 14:45:35.231000),52.0,
S6_OpenBigBox_1_extracted,Event_6,JinsBlinkSpeed,JinsBlinkSpeed_Event_6.data,101,2,0,0,0,epoch milliseconds (2018-03-08 14:45:35.231000),52.0,
S6_OpenBigBox_1_extracted,Event_6,JinsBlinkStrength,JinsBlinkStrength_Event_6.data,101,2,0,0,0,epoch milliseconds (2018-03-08 14:45:35.231000),52.0,
S6_OpenBigBox_1_extracted,Event_6,JinsEyeMovement,JinsEyeMovement_Event_6.data,101,5,0,0,0,epoch milliseconds (2018-03-08 14:45:35.231000),52.0,
S6_OpenBigBox_1_extracted,Event_6,JinsGyroscope,JinsGyroscope_Event_6.data,101,4,0,0,0,epoch milliseconds (2018-03-08 14:45:35.231000),52.0,
S6_OpenBigBox_1_extracted,Event_6,PhoneAccelerometer,PhoneAccelerometer_Event_6.data,990,4,0,0,0,epoch milliseconds (2018-03-08 14:45:35.234000),5.0,
S6_OpenBigBox_1_extracted,Event_6,PhoneGravity,PhoneGravity_Event_6.data,990,4,0,0,0,epoch milliseconds (2018-03-08 14:45:35.235000),5.0,
S6_OpenBigBox_1_extracted,Event_6,PhoneGyroscope,PhoneGyroscope_Event_6.data,991,4,0,0,0,epoch milliseconds (2018-03-08 14:45:35.234000),5.0,
S6_OpenBigBox_1_extracted,Event_6,PhoneLinearAccelerometer,PhoneLinearAccelerometer_Event_6.data,992,4,0,0,0,epoch milliseconds (2018-03-08 14:45:35.231000),5.0,
S6_OpenBigBox_1_extracted,Event_6,PhoneMagnetometer,PhoneMagnetometer_Event_6.data,501,4,0,0,0,epoch milliseconds (2018-03-08 14:45:35.237000),10.0,
S6_OpenBigBox_1_extracted,Event_6,android.sensor.accelerometer,android.sensor.accelerometer_Event_6.data,502,4,0,0,0,epoch milliseconds (2018-03-08 14:45:35.233000),10.0,
S6_OpenBigBox_1_extracted,Event_6,android.sensor.gyroscope,android.sensor.gyroscope_Event_6.data,502,4,0,0,0,epoch milliseconds (2018-03-08 14:45:35.235000),10.0,
S6_OpenBigBox_1_extracted,Event_7,JinsAccelerometer,JinsAccelerometer_Event_7.data,99,4,0,0,0,epoch milliseconds (2018-03-08 14:45:51.770000),53.0,
S6_OpenBigBox_1_extracted,Event_7,JinsBlinkSpeed,JinsBlinkSpeed_Event_7.data,99,2,0,0,0,epoch milliseconds (2018-03-08 14:45:51.770000),53.0,
S6_OpenBigBox_1_extracted,Event_7,JinsBlinkStrength,JinsBlinkStrength_Event_7.data,99,2,0,0,0,epoch milliseconds (2018-03-08 14:45:51.770000),53.0,
S6_OpenBigBox_1_extracted,Event_7,JinsEyeMovement,JinsEyeMovement_Event_7.data,99,5,0,0,0,epoch milliseconds (2018-03-08 14:45:51.770000),53.0,
S6_OpenBigBox_1_extracted,Event_7,JinsGyroscope,JinsGyroscope_Event_7.data,99,4,0,0,0,epoch milliseconds (2018-03-08 14:45:51.770000),53.0,
S6_OpenBigBox_1_extracted,Event_7,PhoneAccelerometer,PhoneAccelerometer_Event_7.data,987,4,0,0,0,epoch milliseconds (2018-03-08 14:45:51.727000),5.0,
S6_OpenBigBox_1_extracted,Event_7,PhoneGravity,PhoneGravity_Event_7.data,990,4,0,0,0,epoch milliseconds (2018-03-08 14:45:51.727000),5.0,
S6_OpenBigBox_1_extracted,Event_7,PhoneGyroscope,PhoneGyroscope_Event_7.data,990,4,0,0,0,epoch milliseconds (2018-03-08 14:45:51.732000),5.0,
S6_OpenBigBox_1_extracted,Event_7,PhoneLinearAccelerometer,PhoneLinearAccelerometer_Event_7.data,989,4,0,0,0,epoch milliseconds (2018-03-08 14:45:51.727000),5.0,
S6_OpenBigBox_1_extracted,Event_7,PhoneMagnetometer,PhoneMagnetometer_Event_7.data,495,4,0,0,0,epoch milliseconds (2018-03-08 14:45:51.735000),10.0,
S6_OpenBigBox_1_extracted,Event_7,android.sensor.accelerometer,android.sensor.accelerometer_Event_7.data,497,4,0,0,0,epoch milliseconds (2018-03-08 14:45:51.734000),10.0,
S6_OpenBigBox_1_extracted,Event_7,android.sensor.gyroscope,android.sensor.gyroscope_Event_7.data,497,4,0,0,0,epoch milliseconds (2018-03-08 14:45:51.727000),10.0,
S6_OpenBigBox_1_extracted,Event_8,JinsAccelerometer,JinsAccelerometer_Event_8.data,100,4,0,0,0,epoch milliseconds (2018-03-08 14:46:07.964000),52.0,
S6_OpenBigBox_1_extracted,Event_8,JinsBlinkSpeed,JinsBlinkSpeed_Event_8.data,100,2,0,0,0,epoch milliseconds (2018-03-08 14:46:07.964000),52.0,
S6_OpenBigBox_1_extracted,Event_8,JinsBlinkStrength,JinsBlinkStrength_Event_8.data,100,2,0,0,0,epoch milliseconds (2018-03-08 14:46:07.964000),52.0,
S6_OpenBigBox_1_extracted,Event_8,JinsEyeMovement,JinsEyeMovement_Event_8.data,100,5,0,0,0,epoch milliseconds (2018-03-08 14:46:07.964000),52.0,
S6_OpenBigBox_1_extracted,Event_8,JinsGyroscope,JinsGyroscope_Event_8.data,100,4,0,0,0,epoch milliseconds (2018-03-08 14:46:07.964000),52.0,
S6_OpenBigBox_1_extracted,Event_8,PhoneAccelerometer,PhoneAccelerometer_Event_8.data,991,4,0,0,0,epoch milliseconds (2018-03-08 14:46:07.954000),5.0,
S6_OpenBigBox_1_extracted,Event_8,PhoneGravity,PhoneGravity_Event_8.data,991,4,0,0,0,epoch milliseconds (2018-03-08 14:46:07.954000),5.0,
S6_OpenBigBox_1_extracted,Event_8,PhoneGyroscope,PhoneGyroscope_Event_8.data,993,4,0,0,0,epoch milliseconds (2018-03-08 14:46:07.951000),5.0,
S6_OpenBigBox_1_extracted,Event_8,PhoneLinearAccelerometer,PhoneLinearAccelerometer_Event_8.data,991,4,0,0,0,epoch milliseconds (2018-03-08 14:46:07.955000),5.0,
S6_OpenBigBox_1_extracted,Event_8,PhoneMagnetometer,PhoneMagnetometer_Event_8.data,501,4,0,0,0,epoch milliseconds (2018-03-08 14:46:07.959000),10.0,
S6_OpenBigBox_1_extracted,Event_8,android.sensor.accelerometer,android.sensor.accelerometer_Event_8.data,498,4,0,0,0,epoch milliseconds (2018-03-08 14:46:07.955000),10.0,
S6_OpenBigBox_1_extracted,Event_8,android.sensor.gyroscope,android.sensor.gyroscope_Event_8.data,497,4,0,0,0,epoch milliseconds (2018-03-08 14:46:07.960000),10.0,
S6_OpenBigBox_1_extracted,Event_9,JinsAccelerometer,JinsAccelerometer_Event_9.data,100,4,0,0,0,epoch milliseconds (2018-03-08 14:46:28.888000),52.0,
S6_OpenBigBox_1_extracted,Event_9,JinsBlinkSpeed,JinsBlinkSpeed_Event_9.data,100,2,0,0,0,epoch milliseconds (2018-03-08 14:46:28.888000),52.0,
S6_OpenBigBox_1_extracted,Event_9,JinsBlinkStrength,JinsBlinkStrength_Event_9.data,100,2,0,0,0,epoch milliseconds (2018-03-08 14:46:28.888000),52.0,
S6_OpenBigBox_1_extracted,Event_9,JinsEyeMovement,JinsEyeMovement_Event_9.data,100,5,0,0,0,epoch milliseconds (2018-03-08 14:46:28.888000),52.0,
S6_OpenBigBox_1_extracted,Event_9,JinsGyroscope,JinsGyroscope_Event_9.data,100,4,0,0,0,epoch milliseconds (2018-03-08 14:46:28.888000),52.0,
S6_OpenBigBox_1_extracted,Event_9,PhoneAccelerometer,PhoneAccelerometer_Event_9.data,991,4,0,0,0,epoch milliseconds (2018-03-08 14:46:28.850000),5.0,
S6_OpenBigBox_1_extracted,Event_9,PhoneGravity,PhoneGravity_Event_9.data,990,4,0,0,0,epoch milliseconds (2018-03-08 14:46:28.849000),5.0,
S6_OpenBigBox_1_extracted,Event_9,PhoneGyroscope,PhoneGyroscope_Event_9.data,990,4,0,0,0,epoch milliseconds (2018-03-08 14:46:28.850000),5.0,
S6_OpenBigBox_1_extracted,Event_9,PhoneLinearAccelerometer,PhoneLinearAccelerometer_Event_9.data,991,4,0,0,0,epoch milliseconds (2018-03-08 14:46:28.847000),5.0,
S6_OpenBigBox_1_extracted,Event_9,PhoneMagnetometer,PhoneMagnetometer_Event_9.data,501,4,0,0,0,epoch milliseconds (2018-03-08 14:46:28.850000),10.0,
S6_OpenBigBox_1_extracted,Event_9,android.sensor.accelerometer,android.sensor.accelerometer_Event_9.data,493,4,0,0,0,epoch milliseconds (2018-03-08 14:46:28.856000),10.0,
S6_OpenBigBox_1_extracted,Event_9,android.sensor.gyroscope,android.sensor.gyroscope_Event_9.data,494,4,0,0,0,epoch milliseconds (2018-03-08 14:46:28.854000),10.0,
S6_OpenBigBox_2_extracted,Event_0,JinsAccelerometer,JinsAccelerometer_Event_0.data,100,4,0,0,0,epoch milliseconds (2018-03-08 14:55:33.460000),53.0,
S6_OpenBigBox_2_extracted,Event_0,JinsBlinkSpeed,JinsBlinkSpeed_Event_0.data,100,2,0,0,0,epoch milliseconds (2018-03-08 14:55:33.460000),53.0,
S6_OpenBigBox_2_extracted,Event_0,JinsBlinkStrength,JinsBlinkStrength_Event_0.data,100,2,0,0,0,epoch milliseconds (2018-03-08 14:55:33.460000),53.0,
S6_OpenBigBox_2_extracted,Event_0,JinsEyeMovement,JinsEyeMovement_Event_0.data,100,5,0,0,0,epoch milliseconds (2018-03-08 14:55:33.460000),53.0,
S6_OpenBigBox_2_extracted,Event_0,JinsGyroscope,JinsGyroscope_Event_0.data,100,4,0,0,0,epoch milliseconds (2018-03-08 14:55:33.460000),53.0,
S6_OpenBigBox_2_extracted,Event_0,PhoneAccelerometer,PhoneAccelerometer_Event_0.data,992,4,0,0,0,epoch milliseconds (2018-03-08 14:55:33.444000),5.0,
S6_OpenBigBox_2_extracted,Event_0,PhoneGravity,PhoneGravity_Event_0.data,992,4,0,0,0,epoch milliseconds (2018-03-08 14:55:33.445000),5.0,
S6_OpenBigBox_2_extracted,Event_0,PhoneGyroscope,PhoneGyroscope_Event_0.data,991,4,0,0,0,epoch milliseconds (2018-03-08 14:55:33.446000),5.0,
S6_OpenBigBox_2_extracted,Event_0,PhoneLinearAccelerometer,PhoneLinearAccelerometer_Event_0.data,989,4,0,0,0,epoch milliseconds (2018-03-08 14:55:33.448000),5.0,
S6_OpenBigBox_2_extracted,Event_0,PhoneMagnetometer,PhoneMagnetometer_Event_0.data,501,4,0,0,0,epoch milliseconds (2018-03-08 14:55:33.446000),10.0,
S6_OpenBigBox_2_extracted,Event_0,android.sensor.accelerometer,android.sensor.accelerometer_Event_0.data,496,4,0,0,0,epoch milliseconds (2018-03-08 14:55:33.449000),10.0,
S6_OpenBigBox_2_extracted,Event_0,android.sensor.gyroscope,android.sensor.gyroscope_Event_0.data,496,4,0,0,0,epoch milliseconds (2018-03-08 14:55:33.448000),10.0,
S6_OpenBigBox_2_extracted,Event_1,JinsAccelerometer,JinsAccelerometer_Event_1.data,101,4,0,0,0,epoch milliseconds (2018-03-08 14:55:52.645000),52.0,
S6_OpenBigBox_2_extracted,Event_1,JinsBlinkSpeed,JinsBlinkSpeed_Event_1.data,101,2,0,0,0,epoch milliseconds (2018-03-08 14:55:52.645000),52.0,
S6_OpenBigBox_2_extracted,Event_1,JinsBlinkStrength,JinsBlinkStrength_Event_1.data,101,2,0,0,0,epoch milliseconds (2018-03-08 14:55:52.645000),52.0,
S6_OpenBigBox_2_extracted,Event_1,JinsEyeMovement,JinsEyeMovement_Event_1.data,101,5,0,0,0,epoch milliseconds (2018-03-08 14:55:52.645000),52.0,
S6_OpenBigBox_2_extracted,Event_1,JinsGyroscope,JinsGyroscope_Event_1.data,101,4,0,0,0,epoch milliseconds (2018-03-08 14:55:52.645000),52.0,
S6_OpenBigBox_2_extracted,Event_1,PhoneAccelerometer,PhoneAccelerometer_Event_1.data,991,4,0,0,0,epoch milliseconds (2018-03-08 14:55:52.648000),5.0,
S6_OpenBigBox_2_extracted,Event_1,PhoneGravity,PhoneGravity_Event_1.data,991,4,0,0,0,epoch milliseconds (2018-03-08 14:55:52.647000),5.0,
S6_OpenBigBox_2_extracted,Event_1,PhoneGyroscope,PhoneGyroscope_Event_1.data,990,4,0,0,0,epoch milliseconds (2018-03-08 14:55:52.647000),5.0,
S6_OpenBigBox_2_extracted,Event_1,PhoneLinearAccelerometer,PhoneLinearAccelerometer_Event_1.data,992,4,0,0,0,epoch milliseconds (2018-03-08 14:55:52.645000),5.0,
S6_OpenBigBox_2_extracted,Event_1,PhoneMagnetometer,PhoneMagnetometer_Event_1.data,502,4,0,0,0,epoch milliseconds (2018-03-08 14:55:52.645000),10.0,
S6_OpenBigBox_2_extracted,Event_1,android.sensor.accelerometer,android.sensor.accelerometer_Event_1.data,502,4,0,0,0,epoch milliseconds (2018-03-08 14:55:52.645000),10.0,
S6_OpenBigBox_2_extracted,Event_1,android.sensor.gyroscope,android.sensor.gyroscope_Event_1.data,503,4,0,0,0,epoch milliseconds (2018-03-08 14:55:52.643000),10.0,
S6_OpenBigBox_2_extracted,Event_2,JinsAccelerometer,JinsAccelerometer_Event_2.data,101,4,0,0,0,epoch milliseconds (2018-03-08 14:56:10.287000),52.0,
S6_OpenBigBox_2_extracted,Event_2,JinsBlinkSpeed,JinsBlinkSpeed_Event_2.data,101,2,0,0,0,epoch milliseconds (2018-03-08 14:56:10.287000),52.0,
S6_OpenBigBox_2_extracted,Event_2,JinsBlinkStrength,JinsBlinkStrength_Event_2.data,101,2,0,0,0,epoch milliseconds (2018-03-08 14:56:10.287000),52.0,
S6_OpenBigBox_2_extracted,Event_2,JinsEyeMovement,JinsEyeMovement_Event_2.data,101,5,0,0,0,epoch milliseconds (2018-03-08 14:56:10.287000),52.0,
S6_OpenBigBox_2_extracted,Event_2,JinsGyroscope,JinsGyroscope_Event_2.data,101,4,0,0,0,epoch milliseconds (2018-03-08 14:56:10.287000),52.0,
S6_OpenBigBox_2_extracted,Event_2,PhoneAccelerometer,PhoneAccelerometer_Event_2.data,992,4,0,0,0,epoch milliseconds (2018-03-08 14:56:10.285000),5.0,
S6_OpenBigBox_2_extracted,Event_2,PhoneGravity,PhoneGravity_Event_2.data,991,4,0,0,0,epoch milliseconds (2018-03-08 14:56:10.286000),5.0,
S6_OpenBigBox_2_extracted,Event_2,PhoneGyroscope,PhoneGyroscope_Event_2.data,992,4,0,0,0,epoch milliseconds (2018-03-08 14:56:10.284000),5.0,
S6_OpenBigBox_2_extracted,Event_2,PhoneLinearAccelerometer,PhoneLinearAccelerometer_Event_2.data,992,4,0,0,0,epoch milliseconds (2018-03-08 14:56:10.284000),5.0,
S6_OpenBigBox_2_extracted,Event_2,PhoneMagnetometer,PhoneMagnetometer_Event_2.data,500,4,0,0,0,epoch milliseconds (2018-03-08 14:56:10.288000),10.0,
S6_OpenBigBox_2_extracted,Event_2,android.sensor.accelerometer,android.sensor.accelerometer_Event_2.data,505,4,0,0,0,epoch milliseconds (2018-03-08 14:56:10.286000),10.0,
S6_OpenBigBox_2_extracted,Event_2,android.sensor.gyroscope,android.sensor.gyroscope_Event_2.data,504,4,0,0,0,epoch milliseconds (2018-03-08 14:56:10.291000),10.0,
S6_OpenBigBox_2_extracted,Event_3,JinsAccelerometer,JinsAccelerometer_Event_3.data,100,4,0,0,0,epoch milliseconds (2018-03-08 14:56:27.457000),52.0,
S6_OpenBigBox_2_extracted,Event_3,JinsBlinkSpeed,JinsBlinkSpeed_Event_3.data,100,2,0,0,0,epoch milliseconds (2018-03-08 14:56:27.457000),52.0,
S6_OpenBigBox_2_extracted,Event_3,JinsBlinkStrength,JinsBlinkStrength_Event_3.data,100,2,0,0,0,epoch milliseconds (2018-03-08 14:56:27.457000),52.0,
S6_OpenBigBox_2_extracted,Event_3,JinsEyeMovement,JinsEyeMovement_Event_3.data,100,5,0,0,0,epoch milliseconds (2018-03-08 14:56:27.457000),52.0,
S6_OpenBigBox_2_extracted,Event_3,JinsGyroscope,JinsGyroscope_Event_3.data,100,4,0,0,0,epoch milliseconds (2018-03-08 14:56:27.457000),52.0,
S6_OpenBigBox_2_extracted,Event_3,PhoneAccelerometer,PhoneAccelerometer_Event_3.data,992,4,0,0,0,epoch milliseconds (2018-03-08 14:56:27.443000),5.0,
S6_OpenBigBox_2_extracted,Event_3,PhoneGravity,PhoneGravity_Event_3.data,992,4,0,0,0,epoch milliseconds (2018-03-08 14:56:27.447000),5.0,
S6_OpenBigBox_2_extracted,Event_3,PhoneGyroscope,PhoneGyroscope_Event_3.data,992,4,0,0,0,epoch milliseconds (2018-03-08 14:56:27.444000),5.0,
S6_OpenBigBox_2_extracted,Event_3,PhoneLinearAccelerometer,PhoneLinearAccelerometer_Event_3.data,992,4,0,0,0,epoch milliseconds (2018-03-08 14:56:27.446000),5.0,
S6_OpenBigBox_2_extracted,Event_3,PhoneMagnetometer,PhoneMagnetometer_Event_3.data,501,4,0,0,0,epoch milliseconds (2018-03-08 14:56:27.444000),10.0,
S6_OpenBigBox_2_extracted,Event_3,android.sensor.accelerometer,android.sensor.accelerometer_Event_3.data,497,4,0,0,0,epoch milliseconds (2018-03-08 14:56:27.444000),10.0,
S6_OpenBigBox_2_extracted,Event_3,android.sensor.gyroscope,android.sensor.gyroscope_Event_3.data,497,4,0,0,0,epoch milliseconds (2018-03-08 14:56:27.445000),10.0,
S6_OpenBigBox_2_extracted,Event_4,JinsAccelerometer,JinsAccelerometer_Event_4.data,99,4,0,0,0,epoch milliseconds (2018-03-08 14:56:46.016000),52.0,
S6_OpenBigBox_2_extracted,Event_4,JinsBlinkSpeed,JinsBlinkSpeed_Event_4.data,99,2,0,0,0,epoch milliseconds (2018-03-08 14:56:46.016000),52.0,
S6_OpenBigBox_2_extracted,Event_4,JinsBlinkStrength,JinsBlinkStrength_Event_4.data,99,2,0,0,0,epoch milliseconds (2018-03-08 14:56:46.016000),52.0,
S6_OpenBigBox_2_extracted,Event_4,JinsEyeMovement,JinsEyeMovement_Event_4.data,99,5,0,0,0,epoch milliseconds (2018-03-08 14:56:46.016000),52.0,
S6_OpenBigBox_2_extracted,Event_4,JinsGyroscope,JinsGyroscope_Event_4.data,99,4,0,0,0,epoch milliseconds (2018-03-08 14:56:46.016000),52.0,
S6_OpenBigBox_2_extracted,Event_4,PhoneAccelerometer,PhoneAccelerometer_Event_4.data,991,4,0,0,0,epoch milliseconds (2018-03-08 14:56:45.965000),5.0,
S6_OpenBigBox_2_extracted,Event_4,PhoneGravity,PhoneGravity_Event_4.data,991,4,0,0,0,epoch milliseconds (2018-03-08 14:56:45.967000),5.0,
S6_OpenBigBox_2_extracted,Event_4,PhoneGyroscope,PhoneGyroscope_Event_4.data,994,4,0,0,0,epoch milliseconds (2018-03-08 14:56:45.964000),5.0,
S6_OpenBigBox_2_extracted,Event_4,PhoneLinearAccelerometer,PhoneLinearAccelerometer_Event_4.data,991,4,0,0,0,epoch milliseconds (2018-03-08 14:56:45.965000),5.0,
S6_OpenBigBox_2_extracted,Event_4,PhoneMagnetometer,PhoneMagnetometer_Event_4.data,501,4,0,0,0,epoch milliseconds (2018-03-08 14:56:45.972000),10.0,
S6_OpenBigBox_2_extracted,Event_4,android.sensor.accelerometer,android.sensor.accelerometer_Event_4.data,498,4,0,0,0,epoch milliseconds (2018-03-08 14:56:45.967000),10.0,
S6_OpenBigBox_2_extracted,Event_4,android.sensor.gyroscope,android.sensor.gyroscope_Event_4.data,497,4,0,0,0,epoch milliseconds (2018-03-08 14:56:45.968000),10.0,
S6_OpenBigBox_2_extracted,Event_5,JinsAccelerometer,JinsAccelerometer_Event_5.data,100,4,0,0,0,epoch milliseconds (2018-03-08 14:57:02.417000),52.0,
S6_OpenBigBox_2_extracted,Event_5,JinsBlinkSpeed,JinsBlinkSpeed_Event_5.data,100,2,0,0,0,epoch milliseconds (2018-03-08 14:57:02.417000),52.0,
S6_OpenBigBox_2_extracted,Event_5,JinsBlinkStrength,JinsBlinkStrength_Event_5.data,100,2,0,0,0,epoch milliseconds (2018-03-08 14:57:02.417000),52.0,
S6_OpenBigBox_2_extracted,Event_5,JinsEyeMovement,JinsEyeMovement_Event_5.data,100,5,0,0,0,epoch milliseconds (2018-03-08 14:57:02.417000),52.0,
S6_OpenBigBox_2_extracted,Event_5,JinsGyroscope,JinsGyroscope_Event_5.data,100,4,0,0,0,epoch milliseconds (2018-03-08 14:57:02.417000),52.0,
S6_OpenBigBox_2_extracted,Event_5,PhoneAccelerometer,PhoneAccelerometer_Event_5.data,989,4,0,0,0,epoch milliseconds (2018-03-08 14:57:02.372000),5.0,
S6_OpenBigBox_2_extracted,Event_5,PhoneGravity,PhoneGravity_Event_5.data,989,4,0,0,0,epoch milliseconds (2018-03-08 14:57:02.371000),5.0,
S6_OpenBigBox_2_extracted,Event_5,PhoneGyroscope,PhoneGyroscope_Event_5.data,990,4,0,0,0,epoch milliseconds (2018-03-08 14:57:02.370000),5.0,
S6_OpenBigBox_2_extracted,Event_5,PhoneLinearAccelerometer,PhoneLinearAccelerometer_Event_5.data,989,4,0,0,0,epoch milliseconds (2018-03-08 14:57:02.371000),5.0,
S6_OpenBigBox_2_extracted,Event_5,PhoneMagnetometer,PhoneMagnetometer_Event_5.data,501,4,0,0,0,epoch milliseconds (2018-03-08 14:57:02.373000),10.0,
S6_OpenBigBox_2_extracted,Event_5,android.sensor.accelerometer,android.sensor.accelerometer_Event_5.data,502,4,0,0,0,epoch milliseconds (2018-03-08 14:57:02.373000),10.0,
S6_OpenBigBox_2_extracted,Event_5,android.sensor.gyroscope,android.sensor.gyroscope_Event_5.data,502,4,0,0,0,epoch milliseconds (2018-03-08 14:57:02.374000),10.0,
S6_OpenBigBox_2_extracted,Event_6,JinsAccelerometer,JinsAccelerometer_Event_6.data,101,4,0,0,0,epoch milliseconds (2018-03-08 14:57:19.722000),53.0,
S6_OpenBigBox_2_extracted,Event_6,JinsBlinkSpeed,JinsBlinkSpeed_Event_6.data,101,2,0,0,0,epoch milliseconds (2018-03-08 14:57:19.722000),53.0,
S6_OpenBigBox_2_extracted,Event_6,JinsBlinkStrength,JinsBlinkStrength_Event_6.data,101,2,0,0,0,epoch milliseconds (2018-03-08 14:57:19.722000),53.0,
S6_OpenBigBox_2_extracted,Event_6,JinsEyeMovement,JinsEyeMovement_Event_6.data,101,5,0,0,0,epoch milliseconds (2018-03-08 14:57:19.722000),53.0,
S6_OpenBigBox_2_extracted,Event_6,JinsGyroscope,JinsGyroscope_Event_6.data,101,4,0,0,0,epoch milliseconds (2018-03-08 14:57:19.722000),53.0,
S6_OpenBigBox_2_extracted,Event_6,PhoneAccelerometer,PhoneAccelerometer_Event_6.data,992,4,0,0,0,epoch milliseconds (2018-03-08 14:57:19.724000),5.0,
S6_OpenBigBox_2_extracted,Event_6,PhoneGravity,PhoneGravity_Event_6.data,992,4,0,0,0,epoch milliseconds (2018-03-08 14:57:19.724000),5.0,
S6_OpenBigBox_2_extracted,Event_6,PhoneGyroscope,PhoneGyroscope_Event_6.data,990,4,0,0,0,epoch milliseconds (2018-03-08 14:57:19.726000),5.0,
S6_OpenBigBox_2_extracted,Event_6,PhoneLinearAccelerometer,PhoneLinearAccelerometer_Event_6.data,991,4,0,0,0,epoch milliseconds (2018-03-08 14:57:19.723000),5.0,
S6_OpenBigBox_2_extracted,Event_6,PhoneMagnetometer,PhoneMagnetometer_Event_6.data,495,4,0,0,0,epoch milliseconds (2018-03-08 14:57:19.730000),10.0,
S6_OpenBigBox_2_extracted,Event_6,android.sensor.accelerometer,android.sensor.accelerometer_Event_6.data,510,4,0,0,0,epoch milliseconds (2018-03-08 14:57:19.728000),10.0,
S6_OpenBigBox_2_extracted,Event_6,android.sensor.gyroscope,android.sensor.gyroscope_Event_6.data,511,4,0,0,0,epoch milliseconds (2018-03-08 14:57:19.722000),10.0,
S6_OpenBigBox_2_extracted,Event_7,JinsAccelerometer,JinsAccelerometer_Event_7.data,100,4,0,0,0,epoch milliseconds (2018-03-08 14:57:36.916000),53.0,
S6_OpenBigBox_2_extracted,Event_7,JinsBlinkSpeed,JinsBlinkSpeed_Event_7.data,100,2,0,0,0,epoch milliseconds (2018-03-08 14:57:36.916000),53.0,
S6_OpenBigBox_2_extracted,Event_7,JinsBlinkStrength,JinsBlinkStrength_Event_7.data,100,2,0,0,0,epoch milliseconds (2018-03-08 14:57:36.916000),53.0,
S6_OpenBigBox_2_extracted,Event_7,JinsEyeMovement,JinsEyeMovement_Event_7.data,100,5,0,0,0,epoch milliseconds (2018-03-08 14:57:36.916000),53.0,
S6_OpenBigBox_2_extracted,Event_7,JinsGyroscope,JinsGyroscope_Event_7.data,100,4,0,0,0,epoch milliseconds (2018-03-08 14:57:36.916000),53.0,
S6_OpenBigBox_2_extracted,Event_7,PhoneAccelerometer,PhoneAccelerometer_Event_7.data,992,4,0,0,0,epoch milliseconds (2018-03-08 14:57:36.884000),5.0,
S6_OpenBigBox_2_extracted,Event_7,PhoneGravity,PhoneGravity_Event_7.data,992,4,0,0,0,epoch milliseconds (2018-03-08 14:57:36.883000),5.0,
S6_OpenBigBox_2_extracted,Event_7,PhoneGyroscope,PhoneGyroscope_Event_7.data,992,4,0,0,0,epoch milliseconds (2018-03-08 14:57:36.882000),5.0,
S6_OpenBigBox_2_extracted,Event_7,PhoneLinearAccelerometer,PhoneLinearAccelerometer_Event_7.data,991,4,0,0,0,epoch milliseconds (2018-03-08 14:57:36.884000),5.0,
S6_OpenBigBox_2_extracted,Event_7,PhoneMagnetometer,PhoneMagnetometer_Event_7.data,501,4,0,0,0,epoch milliseconds (2018-03-08 14:57:36.889000),10.0,
S6_OpenBigBox_2_extracted,Event_7,android.sensor.accelerometer,android.sensor.accelerometer_Event_7.data,497,4,0,0,0,epoch milliseconds (2018-03-08 14:57:36.889000),10.0,
S6_OpenBigBox_2_extracted,Event_7,android.sensor.gyroscope,android.sensor.gyroscope_Event_7.data,498,4,0,0,0,epoch milliseconds (2018-03-08 14:57:36.887000),10.0,
S6_OpenBigBox_2_extracted,Event_8,JinsAccelerometer,JinsAccelerometer_Event_8.data,99,4,0,0,0,epoch milliseconds (2018-03-08 14:57:53.110000),52.0,
S6_OpenBigBox_2_extracted,Event_8,JinsBlinkSpeed,JinsBlinkSpeed_Event_8.data,99,2,0,0,0,epoch milliseconds (2018-03-08 14:57:53.110000),52.0,
S6_OpenBigBox_2_extracted,Event_8,JinsBlinkStrength,JinsBlinkStrength_Event_8.data,99,2,0,0,0,epoch milliseconds (2018-03-08 14:57:53.110000),52.0,
S6_OpenBigBox_2_extracted,Event_8,JinsEyeMovement,JinsEyeMovement_Event_8.data,99,5,0,0,0,epoch milliseconds (2018-03-08 14:57:53.110000),52.0,
S6_OpenBigBox_2_extracted,Event_8,JinsGyroscope,JinsGyroscope_Event_8.data,99,4,0,0,0,epoch milliseconds (2018-03-08 14:57:53.110000),52.0,
S6_OpenBigBox_2_extracted,Event_8,PhoneAccelerometer,PhoneAccelerometer_Event_8.data,990,4,0,0,0,epoch milliseconds (2018-03-08 14:57:53.095000),5.0,
S6_OpenBigBox_2_extracted,Event_8,PhoneGravity,PhoneGravity_Event_8.data,990,4,0,0,0,epoch milliseconds (2018-03-08 14:57:53.091000),5.0,
S6_OpenBigBox_2_extracted,Event_8,PhoneGyroscope,PhoneGyroscope_Event_8.data,992,4,0,0,0,epoch milliseconds (2018-03-08 14:57:53.090000),5.0,
S6_OpenBigBox_2_extracted,Event_8,PhoneLinearAccelerometer,PhoneLinearAccelerometer_Event_8.data,990,4,0,0,0,epoch milliseconds (2018-03-08 14:57:53.094000),5.0,
S6_OpenBigBox_2_extracted,Event_8,PhoneMagnetometer,PhoneMagnetometer_Event_8.data,501,4,0,0,0,epoch milliseconds (2018-03-08 14:57:53.092000),10.0,
S6_OpenBigBox_2_extracted,Event_8,android.sensor.accelerometer,android.sensor.accelerometer_Event_8.data,499,4,0,0,0,epoch milliseconds (2018-03-08 14:57:53.096000),10.0,
S6_OpenBigBox_2_extracted,Event_8,android.sensor.gyroscope,android.sensor.gyroscope_Event_8.data,499,4,0,0,0,epoch milliseconds (2018-03-08 14:57:53.095000),10.0,
S6_OpenBigBox_2_extracted,Event_9,JinsAccelerometer,JinsAccelerometer_Event_9.data,100,4,0,0,0,epoch milliseconds (2018-03-08 14:58:10.621000),52.0,
S6_OpenBigBox_2_extracted,Event_9,JinsBlinkSpeed,JinsBlinkSpeed_Event_9.data,100,2,0,0,0,epoch milliseconds (2018-03-08 14:58:10.621000),52.0,
S6_OpenBigBox_2_extracted,Event_9,JinsBlinkStrength,JinsBlinkStrength_Event_9.data,100,2,0,0,0,epoch milliseconds (2018-03-08 14:58:10.621000),52.0,
S6_OpenBigBox_2_extracted,Event_9,JinsEyeMovement,JinsEyeMovement_Event_9.data,100,5,0,0,0,epoch milliseconds (2018-03-08 14:58:10.621000),52.0,
S6_OpenBigBox_2_extracted,Event_9,JinsGyroscope,JinsGyroscope_Event_9.data,100,4,0,0,0,epoch milliseconds (2018-03-08 14:58:10.621000),52.0,
S6_OpenBigBox_2_extracted,Event_9,PhoneAccelerometer,PhoneAccelerometer_Event_9.data,991,4,0,0,0,epoch milliseconds (2018-03-08 14:58:10.595000),5.0,
S6_OpenBigBox_2_extracted,Event_9,PhoneGravity,PhoneGravity_Event_9.data,991,4,0,0,0,epoch milliseconds (2018-03-08 14:58:10.595000),5.0,
S6_OpenBigBox_2_extracted,Event_9,PhoneGyroscope,PhoneGyroscope_Event_9.data,991,4,0,0,0,epoch milliseconds (2018-03-08 14:58:10.594000),5.0,
S6_OpenBigBox_2_extracted,Event_9,PhoneLinearAccelerometer,PhoneLinearAccelerometer_Event_9.data,991,4,0,0,0,epoch milliseconds (2018-03-08 14:58:10.599000),5.0,
S6_OpenBigBox_2_extracted,Event_9,PhoneMagnetometer,PhoneMagnetometer_Event_9.data,501,4,0,0,0,epoch milliseconds (2018-03-08 14:58:10.600000),10.0,
S6_OpenBigBox_2_extracted,Event_9,android.sensor.accelerometer,android.sensor.accelerometer_Event_9.data,505,4,0,0,0,epoch milliseconds (2018-03-08 14:58:10.596000),10.0,
S6_OpenBigBox_2_extracted,Event_9,android.sensor.gyroscope,android.sensor.gyroscope_Event_9.data,504,4,0,0,0,epoch milliseconds (2018-03-08 14:58:10.598000),10.0,
S6_OpenDoor_1_extracted,Event_0,JinsAccelerometer,JinsAccelerometer_Event_0.data,100,4,0,0,0,epoch milliseconds (2018-03-13 08:31:52.993000),52.0,
S6_OpenDoor_1_extracted,Event_0,JinsBlinkSpeed,JinsBlinkSpeed_Event_0.data,100,2,0,0,0,epoch milliseconds (2018-03-13 08:31:52.993000),52.0,
S6_OpenDoor_1_extracted,Event_0,JinsBlinkStrength,JinsBlinkStrength_Event_0.data,100,2,0,0,0,epoch milliseconds (2018-03-13 08:31:52.993000),52.0,
S6_OpenDoor_1_extracted,Event_0,JinsEyeMovement,JinsEyeMovement_Event_0.data,100,5,0,0,0,epoch milliseconds (2018-03-13 08:31:52.993000),52.0,
S6_OpenDoor_1_extracted,Event_0,JinsGyroscope,JinsGyroscope_Event_0.data,100,4,0,0,0,epoch milliseconds (2018-03-13 08:31:52.993000),52.0,
S6_OpenDoor_1_extracted,Event_0,PhoneAccelerometer,PhoneAccelerometer_Event_0.data,991,4,0,0,0,epoch milliseconds (2018-03-13 08:31:52.967000),5.0,
S6_OpenDoor_1_extracted,Event_0,PhoneGravity,PhoneGravity_Event_0.data,991,4,0,0,0,epoch milliseconds (2018-03-13 08:31:52.965000),5.0,
S6_OpenDoor_1_extracted,Event_0,PhoneGyroscope,PhoneGyroscope_Event_0.data,992,4,0,0,0,epoch milliseconds (2018-03-13 08:31:52.965000),5.0,
S6_OpenDoor_1_extracted,Event_0,PhoneLinearAccelerometer,PhoneLinearAccelerometer_Event_0.data,989,4,0,0,0,epoch milliseconds (2018-03-13 08:31:52.965000),5.0,
S6_OpenDoor_1_extracted,Event_0,PhoneMagnetometer,PhoneMagnetometer_Event_0.data,504,4,0,0,0,epoch milliseconds (2018-03-13 08:31:52.970000),10.0,
S6_OpenDoor_1_extracted,Event_0,android.sensor.accelerometer,android.sensor.accelerometer_Event_0.data,506,4,0,0,0,epoch milliseconds (2018-03-13 08:31:52.969000),10.0,
S6_OpenDoor_1_extracted,Event_0,android.sensor.gyroscope,android.sensor.gyroscope_Event_0.data,507,4,0,0,0,epoch milliseconds (2018-03-13 08:31:52.969000),10.0,
S6_OpenDoor_1_extracted,Event_1,JinsAccelerometer,JinsAccelerometer_Event_1.data,100,4,0,0,0,epoch milliseconds (2018-03-13 08:32:30.351000),52.0,
S6_OpenDoor_1_extracted,Event_1,JinsBlinkSpeed,JinsBlinkSpeed_Event_1.data,100,2,0,0,0,epoch milliseconds (2018-03-13 08:32:30.351000),52.0,
S6_OpenDoor_1_extracted,Event_1,JinsBlinkStrength,JinsBlinkStrength_Event_1.data,100,2,0,0,0,epoch milliseconds (2018-03-13 08:32:30.351000),52.0,
S6_OpenDoor_1_extracted,Event_1,JinsEyeMovement,JinsEyeMovement_Event_1.data,100,5,0,0,0,epoch milliseconds (2018-03-13 08:32:30.351000),52.0,
S6_OpenDoor_1_extracted,Event_1,JinsGyroscope,JinsGyroscope_Event_1.data,100,4,0,0,0,epoch milliseconds (2018-03-13 08:32:30.351000),52.0,
S6_OpenDoor_1_extracted,Event_1,PhoneAccelerometer,PhoneAccelerometer_Event_1.data,991,4,0,0,0,epoch milliseconds (2018-03-13 08:32:30.349000),5.0,
S6_OpenDoor_1_extracted,Event_1,PhoneGravity,PhoneGravity_Event_1.data,991,4,0,0,0,epoch milliseconds (2018-03-13 08:32:30.352000),5.0,
S6_OpenDoor_1_extracted,Event_1,PhoneGyroscope,PhoneGyroscope_Event_1.data,991,4,0,0,0,epoch milliseconds (2018-03-13 08:32:30.349000),5.0,
S6_OpenDoor_1_extracted,Event_1,PhoneLinearAccelerometer,PhoneLinearAccelerometer_Event_1.data,994,4,0,0,0,epoch milliseconds (2018-03-13 08:32:30.349000),5.0,
S6_OpenDoor_1_extracted,Event_1,PhoneMagnetometer,PhoneMagnetometer_Event_1.data,502,4,0,0,0,epoch milliseconds (2018-03-13 08:32:30.350000),10.0,
S6_OpenDoor_1_extracted,Event_1,android.sensor.accelerometer,android.sensor.accelerometer_Event_1.data,497,4,0,0,0,epoch milliseconds (2018-03-13 08:32:30.353000),10.0,
S6_OpenDoor_1_extracted,Event_1,android.sensor.gyroscope,android.sensor.gyroscope_Event_1.data,496,4,0,0,0,epoch milliseconds (2018-03-13 08:32:30.354000),10.0,
S6_OpenDoor_1_extracted,Event_2,JinsAccelerometer,JinsAccelerometer_Event_2.data,100,4,0,0,0,epoch milliseconds (2018-03-13 08:32:45.763000),52.0,
S6_OpenDoor_1_extracted,Event_2,JinsBlinkSpeed,JinsBlinkSpeed_Event_2.data,100,2,0,0,0,epoch milliseconds (2018-03-13 08:32:45.763000),52.0,
S6_OpenDoor_1_extracted,Event_2,JinsBlinkStrength,JinsBlinkStrength_Event_2.data,100,2,0,0,0,epoch milliseconds (2018-03-13 08:32:45.763000),52.0,
S6_OpenDoor_1_extracted,Event_2,JinsEyeMovement,JinsEyeMovement_Event_2.data,100,5,0,0,0,epoch milliseconds (2018-03-13 08:32:45.763000),52.0,
S6_OpenDoor_1_extracted,Event_2,JinsGyroscope,JinsGyroscope_Event_2.data,100,4,0,0,0,epoch milliseconds (2018-03-13 08:32:45.763000),52.0,
S6_OpenDoor_1_extracted,Event_2,PhoneAccelerometer,PhoneAccelerometer_Event_2.data,1002,4,0,0,0,epoch milliseconds (2018-03-13 08:32:45.728000),5.0,
S6_OpenDoor_1_extracted,Event_2,PhoneGravity,PhoneGravity_Event_2.data,994,4,0,0,0,epoch milliseconds (2018-03-13 08:32:45.727000),5.0,
S6_OpenDoor_1_extracted,Event_2,PhoneGyroscope,PhoneGyroscope_Event_2.data,994,4,0,0,0,epoch milliseconds (2018-03-13 08:32:45.729000),5.0,
S6_OpenDoor_1_extracted,Event_2,PhoneLinearAccelerometer,PhoneLinearAccelerometer_Event_2.data,994,4,0,0,0,epoch milliseconds (2018-03-13 08:32:45.726000),5.0,
S6_OpenDoor_1_extracted,Event_2,PhoneMagnetometer,PhoneMagnetometer_Event_2.data,498,4,0,0,0,epoch milliseconds (2018-03-13 08:32:45.731000),10.0,
S6_OpenDoor_1_extracted,Event_2,android.sensor.accelerometer,android.sensor.accelerometer_Event_2.data,508,4,0,0,0,epoch milliseconds (2018-03-13 08:32:45.733000),10.0,
S6_OpenDoor_1_extracted,Event_2,android.sensor.gyroscope,android.sensor.gyroscope_Event_2.data,508,4,0,0,0,epoch milliseconds (2018-03-13 08:32:45.733000),10.0,
S6_OpenDoor_1_extracted,Event_3,JinsAccelerometer,JinsAccelerometer_Event_3.data,100,4,0,0,0,epoch milliseconds (2018-03-13 08:33:00.562000),52.0,
S6_OpenDoor_1_extracted,Event_3,JinsBlinkSpeed,JinsBlinkSpeed_Event_3.data,100,2,0,0,0,epoch milliseconds (2018-03-13 08:33:00.562000),52.0,
S6_OpenDoor_1_extracted,Event_3,JinsBlinkStrength,JinsBlinkStrength_Event_3.data,100,2,0,0,0,epoch milliseconds (2018-03-13 08:33:00.562000),52.0,
S6_OpenDoor_1_extracted,Event_3,JinsEyeMovement,JinsEyeMovement_Event_3.data,100,5,0,0,0,epoch milliseconds (2018-03-13 08:33:00.562000),52.0,
S6_OpenDoor_1_extracted,Event_3,JinsGyroscope,JinsGyroscope_Event_3.data,100,4,0,0,0,epoch milliseconds (2018-03-13 08:33:00.562000),52.0,
S6_OpenDoor_1_extracted,Event_3,PhoneAccelerometer,PhoneAccelerometer_Event_3.data,991,4,0,0,0,epoch milliseconds (2018-03-13 08:33:00.553000),5.0,
S6_OpenDoor_1_extracted,Event_3,PhoneGravity,PhoneGravity_Event_3.data,996,4,0,0,0,epoch milliseconds (2018-03-13 08:33:00.550000),5.0,
S6_OpenDoor_1_extracted,Event_3,PhoneGyroscope,PhoneGyroscope_Event_3.data,997,4,0,0,0,epoch milliseconds (2018-03-13 08:33:00.551000),5.0,
S6_OpenDoor_1_extracted,Event_3,PhoneLinearAccelerometer,PhoneLinearAccelerometer_Event_3.data,997,4,0,0,0,epoch milliseconds (2018-03-13 08:33:00.551000),5.0,
S6_OpenDoor_1_extracted,Event_3,PhoneMagnetometer,PhoneMagnetometer_Event_3.data,502,4,0,0,0,epoch milliseconds (2018-03-13 08:33:00.549000),10.0,
S6_OpenDoor_1_extracted,Event_3,android.sensor.accelerometer,android.sensor.accelerometer_Event_3.data,498,4,0,0,0,epoch milliseconds (2018-03-13 08:33:00.550000),10.0,
S6_OpenDoor_1_extracted,Event_3,android.sensor.gyroscope,android.sensor.gyroscope_Event_3.data,499,4,0,0,0,epoch milliseconds (2018-03-13 08:33:00.553000),10.0,
S6_OpenDoor_1_extracted,Event_4,JinsAccelerometer,JinsAccelerometer_Event_4.data,100,4,0,0,0,epoch milliseconds (2018-03-13 08:33:15.166000),52.0,
S6_OpenDoor_1_extracted,Event_4,JinsBlinkSpeed,JinsBlinkSpeed_Event_4.data,100,2,0,0,0,epoch milliseconds (2018-03-13 08:33:15.166000),52.0,
S6_OpenDoor_1_extracted,Event_4,JinsBlinkStrength,JinsBlinkStrength_Event_4.data,100,2,0,0,0,epoch milliseconds (2018-03-13 08:33:15.166000),52.0,
S6_OpenDoor_1_extracted,Event_4,JinsEyeMovement,JinsEyeMovement_Event_4.data,100,5,0,0,0,epoch milliseconds (2018-03-13 08:33:15.166000),52.0,
S6_OpenDoor_1_extracted,Event_4,JinsGyroscope,JinsGyroscope_Event_4.data,100,4,0,0,0,epoch milliseconds (2018-03-13 08:33:15.166000),52.0,
S6_OpenDoor_1_extracted,Event_4,PhoneAccelerometer,PhoneAccelerometer_Event_4.data,995,4,0,0,0,epoch milliseconds (2018-03-13 08:33:15.119000),5.0,
S6_OpenDoor_1_extracted,Event_4,PhoneGravity,PhoneGravity_Event_4.data,989,4,0,0,0,epoch milliseconds (2018-03-13 08:33:15.121000),5.0,
S6_OpenDoor_1_extracted,Event_4,PhoneGyroscope,PhoneGyroscope_Event_4.data,990,4,0,0,0,epoch milliseconds (2018-03-13 08:33:15.122000),5.0,
S6_OpenDoor_1_extracted,Event_4,PhoneLinearAccelerometer,PhoneLinearAccelerometer_Event_4.data,991,4,0,0,0,epoch milliseconds (2018-03-13 08:33:15.119000),5.0,
S6_OpenDoor_1_extracted,Event_4,PhoneMagnetometer,PhoneMagnetometer_Event_4.data,501,4,0,0,0,epoch milliseconds (2018-03-13 08:33:15.121000),10.0,
S6_OpenDoor_1_extracted,Event_4,android.sensor.accelerometer,android.sensor.accelerometer_Event_4.data,500,4,0,0,0,epoch milliseconds (2018-03-13 08:33:15.119000),10.0,
S6_OpenDoor_1_extracted,Event_4,android.sensor.gyroscope,android.sensor.gyroscope_Event_4.data,499,4,0,0,0,epoch milliseconds (2018-03-13 08:33:15.120000),10.0,
S6_OpenDoor_1_extracted,Event_5,JinsAccelerometer,JinsAccelerometer_Event_5.data,100,4,0,0,0,epoch milliseconds (2018-03-13 08:33:29.268000),52.0,
S6_OpenDoor_1_extracted,Event_5,JinsBlinkSpeed,JinsBlinkSpeed_Event_5.data,100,2,0,0,0,epoch milliseconds (2018-03-13 08:33:29.268000),52.0,
S6_OpenDoor_1_extracted,Event_5,JinsBlinkStrength,JinsBlinkStrength_Event_5.data,100,2,0,0,0,epoch milliseconds (2018-03-13 08:33:29.268000),52.0,
S6_OpenDoor_1_extracted,Event_5,JinsEyeMovement,JinsEyeMovement_Event_5.data,100,5,0,0,0,epoch milliseconds (2018-03-13 08:33:29.268000),52.0,
S6_OpenDoor_1_extracted,Event_5,JinsGyroscope,JinsGyroscope_Event_5.data,100,4,0,0,0,epoch milliseconds (2018-03-13 08:33:29.268000),52.0,
S6_OpenDoor_1_extracted,Event_5,PhoneAccelerometer,PhoneAccelerometer_Event_5.data,994,4,0,0,0,epoch milliseconds (2018-03-13 08:33:29.246000),5.0,
S6_OpenDoor_1_extracted,Event_5,PhoneGravity,PhoneGravity_Event_5.data,993,4,0,0,0,epoch milliseconds (2018-03-13 08:33:29.247000),5.0,
S6_OpenDoor_1_extracted,Event_5,PhoneGyroscope,PhoneGyroscope_Event_5.data,993,4,0,0,0,epoch milliseconds (2018-03-13 08:33:29.248000),5.0,
S6_OpenDoor_1_extracted,Event_5,PhoneLinearAccelerometer,PhoneLinearAccelerometer_Event_5.data,992,4,0,0,0,epoch milliseconds (2018-03-13 08:33:29.249000),5.0,
S6_OpenDoor_1_extracted,Event_5,PhoneMagnetometer,PhoneMagnetometer_Event_5.data,500,4,0,0,0,epoch milliseconds (2018-03-13 08:33:29.254000),10.0,
S6_OpenDoor_1_extracted,Event_5,android.sensor.accelerometer,android.sensor.accelerometer_Event_5.data,495,4,0,0,0,epoch milliseconds (2018-03-13 08:33:29.245000),10.0,
S6_OpenDoor_1_extracted,Event_5,android.sensor.gyroscope,android.sensor.gyroscope_Event_5.data,495,4,0,0,0,epoch milliseconds (2018-03-13 08:33:29.249000),10.0,
S6_OpenDoor_1_extracted,Event_6,JinsAccelerometer,JinsAccelerometer_Event_6.data,100,4,0,0,0,epoch milliseconds (2018-03-13 08:33:44.217000),53.0,
S6_OpenDoor_1_extracted,Event_6,JinsBlinkSpeed,JinsBlinkSpeed_Event_6.data,100,2,0,0,0,epoch milliseconds (2018-03-13 08:33:44.217000),53.0,
S6_OpenDoor_1_extracted,Event_6,JinsBlinkStrength,JinsBlinkStrength_Event_6.data,100,2,0,0,0,epoch milliseconds (2018-03-13 08:33:44.217000),53.0,
S6_OpenDoor_1_extracted,Event_6,JinsEyeMovement,JinsEyeMovement_Event_6.data,100,5,0,0,0,epoch milliseconds (2018-03-13 08:33:44.217000),53.0,
S6_OpenDoor_1_extracted,Event_6,JinsGyroscope,JinsGyroscope_Event_6.data,100,4,0,0,0,epoch milliseconds (2018-03-13 08:33:44.217000),53.0,
S6_OpenDoor_1_extracted,Event_6,PhoneAccelerometer,PhoneAccelerometer_Event_6.data,991,4,0,0,0,epoch milliseconds (2018-03-13 08:33:44.184000),5.0,
S6_OpenDoor_1_extracted,Event_6,PhoneGravity,PhoneGravity_Event_6.data,992,4,0,0,0,epoch milliseconds (2018-03-13 08:33:44.184000),5.0,
S6_OpenDoor_1_extracted,Event_6,PhoneGyroscope,PhoneGyroscope_Event_6.data,990,4,0,0,0,epoch milliseconds (2018-03-13 08:33:44.184000),5.0,
S6_OpenDoor_1_extracted,Event_6,PhoneLinearAccelerometer,PhoneLinearAccelerometer_Event_6.data,991,4,0,0,0,epoch milliseconds (2018-03-13 08:33:44.181000),5.0,
S6_OpenDoor_1_extracted,Event_6,PhoneMagnetometer,PhoneMagnetometer_Event_6.data,500,4,0,0,0,epoch milliseconds (2018-03-13 08:33:44.189000),10.0,
S6_OpenDoor_1_extracted,Event_6,android.sensor.accelerometer,android.sensor.accelerometer_Event_6.data,505,4,0,0,0,epoch milliseconds (2018-03-13 08:33:44.183000),10.0,
S6_OpenDoor_1_extracted,Event_6,android.sensor.gyroscope,android.sensor.gyroscope_Event_6.data,506,4,0,0,0,epoch milliseconds (2018-03-13 08:33:44.183000),10.0,
S6_OpenDoor_2_extracted,Event_0,JinsAccelerometer,JinsAccelerometer_Event_0.data,100,4,0,0,0,epoch milliseconds (2018-03-13 08:36:59.864000),52.0,
S6_OpenDoor_2_extracted,Event_0,JinsBlinkSpeed,JinsBlinkSpeed_Event_0.data,100,2,0,0,0,epoch milliseconds (2018-03-13 08:36:59.864000),52.0,
S6_OpenDoor_2_extracted,Event_0,JinsBlinkStrength,JinsBlinkStrength_Event_0.data,100,2,0,0,0,epoch milliseconds (2018-03-13 08:36:59.864000),52.0,
S6_OpenDoor_2_extracted,Event_0,JinsEyeMovement,JinsEyeMovement_Event_0.data,100,5,0,0,0,epoch milliseconds (2018-03-13 08:36:59.864000),52.0,
S6_OpenDoor_2_extracted,Event_0,JinsGyroscope,JinsGyroscope_Event_0.data,100,4,0,0,0,epoch milliseconds (2018-03-13 08:36:59.864000),52.0,
S6_OpenDoor_2_extracted,Event_0,PhoneAccelerometer,PhoneAccelerometer_Event_0.data,991,4,0,0,0,epoch milliseconds (2018-03-13 08:36:59.838000),5.0,
S6_OpenDoor_2_extracted,Event_0,PhoneGravity,PhoneGravity_Event_0.data,992,4,0,0,0,epoch milliseconds (2018-03-13 08:36:59.835000),5.0,
S6_OpenDoor_2_extracted,Event_0,PhoneGyroscope,PhoneGyroscope_Event_0.data,990,4,0,0,0,epoch milliseconds (2018-03-13 08:36:59.837000),5.0,
S6_OpenDoor_2_extracted,Event_0,PhoneLinearAccelerometer,PhoneLinearAccelerometer_Event_0.data,990,4,0,0,0,epoch milliseconds (2018-03-13 08:36:59.837000),5.0,
S6_OpenDoor_2_extracted,Event_0,PhoneMagnetometer,PhoneMagnetometer_Event_0.data,501,4,0,0,0,epoch milliseconds (2018-03-13 08:36:59.842000),10.0,
S6_OpenDoor_2_extracted,Event_0,android.sensor.accelerometer,android.sensor.accelerometer_Event_0.data,495,4,0,0,0,epoch milliseconds (2018-03-13 08:36:59.842000),10.0,
S6_OpenDoor_2_extracted,Event_0,android.sensor.gyroscope,android.sensor.gyroscope_Event_0.data,494,4,0,0,0,epoch milliseconds (2018-03-13 08:36:59.844000),10.0,
S6_OpenDoor_2_extracted,Event_1,JinsAccelerometer,JinsAccelerometer_Event_1.data,100,4,0,0,0,epoch milliseconds (2018-03-13 08:37:14.065000),53.0,
S6_OpenDoor_2_extracted,Event_1,JinsBlinkSpeed,JinsBlinkSpeed_Event_1.data,100,2,0,0,0,epoch milliseconds (2018-03-13 08:37:14.065000),53.0,
S6_OpenDoor_2_extracted,Event_1,JinsBlinkStrength,JinsBlinkStrength_Event_1.data,100,2,0,0,0,epoch milliseconds (2018-03-13 08:37:14.065000),53.0,
S6_OpenDoor_2_extracted,Event_1,JinsEyeMovement,JinsEyeMovement_Event_1.data,100,5,0,0,0,epoch milliseconds (2018-03-13 08:37:14.065000),53.0,
S6_OpenDoor_2_extracted,Event_1,JinsGyroscope,JinsGyroscope_Event_1.data,100,4,0,0,0,epoch milliseconds (2018-03-13 08:37:14.065000),53.0,
S6_OpenDoor_2_extracted,Event_1,PhoneAccelerometer,PhoneAccelerometer_Event_1.data,991,4,0,0,0,epoch milliseconds (2018-03-13 08:37:14.007000),5.0,
S6_OpenDoor_2_extracted,Event_1,PhoneGravity,PhoneGravity_Event_1.data,990,4,0,0,0,epoch milliseconds (2018-03-13 08:37:14.006000),5.0,
S6_OpenDoor_2_extracted,Event_1,PhoneGyroscope,PhoneGyroscope_Event_1.data,992,4,0,0,0,epoch milliseconds (2018-03-13 08:37:14.006000),5.0,
S6_OpenDoor_2_extracted,Event_1,PhoneLinearAccelerometer,PhoneLinearAccelerometer_Event_1.data,991,4,0,0,0,epoch milliseconds (2018-03-13 08:37:14.006000),5.0,
S6_OpenDoor_2_extracted,Event_1,PhoneMagnetometer,PhoneMagnetometer_Event_1.data,501,4,0,0,0,epoch milliseconds (2018-03-13 08:37:14.004000),10.0,
S6_OpenDoor_2_extracted,Event_1,android.sensor.accelerometer,android.sensor.accelerometer_Event_1.data,502,4,0,0,0,epoch milliseconds (2018-03-13 08:37:14.005000),10.0,
S6_OpenDoor_2_extracted,Event_1,android.sensor.gyroscope,android.sensor.gyroscope_Event_1.data,502,4,0,0,0,epoch milliseconds (2018-03-13 08:37:14.004000),10.0,
S6_OpenDoor_2_extracted,Event_2,JinsAccelerometer,JinsAccelerometer_Event_2.data,100,4,0,0,0,epoch milliseconds (2018-03-13 08:37:29.636000),52.0,
S6_OpenDoor_2_extracted,Event_2,JinsBlinkSpeed,JinsBlinkSpeed_Event_2.data,100,2,0,0,0,epoch milliseconds (2018-03-13 08:37:29.636000),52.0,
S6_OpenDoor_2_extracted,Event_2,JinsBlinkStrength,JinsBlinkStrength_Event_2.data,100,2,0,0,0,epoch milliseconds (2018-03-13 08:37:29.636000),52.0,
S6_OpenDoor_2_extracted,Event_2,JinsEyeMovement,JinsEyeMovement_Event_2.data,100,5,0,0,0,epoch milliseconds (2018-03-13 08:37:29.636000),52.0,
S6_OpenDoor_2_extracted,Event_2,JinsGyroscope,JinsGyroscope_Event_2.data,100,4,0,0,0,epoch milliseconds (2018-03-13 08:37:29.636000),52.0,
S6_OpenDoor_2_extracted,Event_2,PhoneAccelerometer,PhoneAccelerometer_Event_2.data,992,4,0,0,0,epoch milliseconds (2018-03-13 08:37:29.613000),5.0,
S6_OpenDoor_2_extracted,Event_2,PhoneGravity,PhoneGravity_Event_2.data,991,4,0,0,0,epoch milliseconds (2018-03-13 08:37:29.615000),5.0,
S6_OpenDoor_2_extracted,Event_2,PhoneGyroscope,PhoneGyroscope_Event_2.data,991,4,0,0,0,epoch milliseconds (2018-03-13 08:37:29.611000),5.0,
S6_OpenDoor_2_extracted,Event_2,PhoneLinearAccelerometer,PhoneLinearAccelerometer_Event_2.data,991,4,0,0,0,epoch milliseconds (2018-03-13 08:37:29.611000),5.0,
S6_OpenDoor_2_extracted,Event_2,PhoneMagnetometer,PhoneMagnetometer_Event_2.data,501,4,0,0,0,epoch milliseconds (2018-03-13 08:37:29.618000),10.0,
S6_OpenDoor_2_extracted,Event_2,android.sensor.accelerometer,android.sensor.accelerometer_Event_2.data,505,4,0,0,0,epoch milliseconds (2018-03-13 08:37:29.619000),10.0,
S6_OpenDoor_2_extracted,Event_2,android.sensor.gyroscope,android.sensor.gyroscope_Event_2.data,498,4,0,0,0,epoch milliseconds (2018-03-13 08:37:29.619000),10.0,
S6_OpenDoor_2_extracted,Event_3,JinsAccelerometer,JinsAccelerometer_Event_3.data,99,4,0,0,0,epoch milliseconds (2018-03-13 08:37:44.309000),53.0,
S6_OpenDoor_2_extracted,Event_3,JinsBlinkSpeed,JinsBlinkSpeed_Event_3.data,99,2,0,0,0,epoch milliseconds (2018-03-13 08:37:44.309000),53.0,
S6_OpenDoor_2_extracted,Event_3,JinsBlinkStrength,JinsBlinkStrength_Event_3.data,99,2,0,0,0,epoch milliseconds (2018-03-13 08:37:44.309000),53.0,
S6_OpenDoor_2_extracted,Event_3,JinsEyeMovement,JinsEyeMovement_Event_3.data,99,5,0,0,0,epoch milliseconds (2018-03-13 08:37:44.309000),53.0,
S6_OpenDoor_2_extracted,Event_3,JinsGyroscope,JinsGyroscope_Event_3.data,99,4,0,0,0,epoch milliseconds (2018-03-13 08:37:44.309000),53.0,
S6_OpenDoor_2_extracted,Event_3,PhoneAccelerometer,PhoneAccelerometer_Event_3.data,992,4,0,0,0,epoch milliseconds (2018-03-13 08:37:44.237000),5.0,
S6_OpenDoor_2_extracted,Event_3,PhoneGravity,PhoneGravity_Event_3.data,991,4,0,0,0,epoch milliseconds (2018-03-13 08:37:44.236000),5.0,
S6_OpenDoor_2_extracted,Event_3,PhoneGyroscope,PhoneGyroscope_Event_3.data,990,4,0,0,0,epoch milliseconds (2018-03-13 08:37:44.240000),5.0,
S6_OpenDoor_2_extracted,Event_3,PhoneLinearAccelerometer,PhoneLinearAccelerometer_Event_3.data,990,4,0,0,0,epoch milliseconds (2018-03-13 08:37:44.239000),5.0,
S6_OpenDoor_2_extracted,Event_3,PhoneMagnetometer,PhoneMagnetometer_Event_3.data,501,4,0,0,0,epoch milliseconds (2018-03-13 08:37:44.239000),10.0,
S6_OpenDoor_2_extracted,Event_3,android.sensor.accelerometer,android.sensor.accelerometer_Event_3.data,505,4,0,0,0,epoch milliseconds (2018-03-13 08:37:44.239000),10.0,
S6_OpenDoor_2_extracted,Event_3,android.sensor.gyroscope,android.sensor.gyroscope_Event_3.data,504,4,0,0,0,epoch milliseconds (2018-03-13 08:37:44.240000),10.0,
S6_OpenDoor_2_extracted,Event_4,JinsAccelerometer,JinsAccelerometer_Event_4.data,100,4,0,0,0,epoch milliseconds (2018-03-13 08:37:58.536000),52.0,
S6_OpenDoor_2_extracted,Event_4,JinsBlinkSpeed,JinsBlinkSpeed_Event_4.data,100,2,0,0,0,epoch milliseconds (2018-03-13 08:37:58.536000),52.0,
S6_OpenDoor_2_extracted,Event_4,JinsBlinkStrength,JinsBlinkStrength_Event_4.data,100,2,0,0,0,epoch milliseconds (2018-03-13 08:37:58.536000),52.0,
S6_OpenDoor_2_extracted,Event_4,JinsEyeMovement,JinsEyeMovement_Event_4.data,100,5,0,0,0,epoch milliseconds (2018-03-13 08:37:58.536000),52.0,
S6_OpenDoor_2_extracted,Event_4,JinsGyroscope,JinsGyroscope_Event_4.data,100,4,0,0,0,epoch milliseconds (2018-03-13 08:37:58.536000),52.0,
S6_OpenDoor_2_extracted,Event_4,PhoneAccelerometer,PhoneAccelerometer_Event_4.data,992,4,0,0,0,epoch milliseconds (2018-03-13 08:37:58.523000),5.0,
S6_OpenDoor_2_extracted,Event_4,PhoneGravity,PhoneGravity_Event_4.data,991,4,0,0,0,epoch milliseconds (2018-03-13 08:37:58.526000),5.0,
S6_OpenDoor_2_extracted,Event_4,PhoneGyroscope,PhoneGyroscope_Event_4.data,992,4,0,0,0,epoch milliseconds (2018-03-13 08:37:58.523000),5.0,
S6_OpenDoor_2_extracted,Event_4,PhoneLinearAccelerometer,PhoneLinearAccelerometer_Event_4.data,991,4,0,0,0,epoch milliseconds (2018-03-13 08:37:58.523000),5.0,
S6_OpenDoor_2_extracted,Event_4,PhoneMagnetometer,PhoneMagnetometer_Event_4.data,500,4,0,0,0,epoch milliseconds (2018-03-13 08:37:58.529000),10.0,
S6_OpenDoor_2_extracted,Event_4,android.sensor.accelerometer,android.sensor.accelerometer_Event_4.data,504,4,0,0,0,epoch milliseconds (2018-03-13 08:37:58.528000),10.0,
S6_OpenDoor_2_extracted,Event_4,android.sensor.gyroscope,android.sensor.gyroscope_Event_4.data,503,4,0,0,0,epoch milliseconds (2018-03-13 08:37:58.530000),10.0,
S6_OpenDoor_2_extracted,Event_5,JinsAccelerometer,JinsAccelerometer_Event_5.data,100,4,0,0,0,epoch milliseconds (2018-03-13 08:38:12.820000),52.0,
S6_OpenDoor_2_extracted,Event_5,JinsBlinkSpeed,JinsBlinkSpeed_Event_5.data,100,2,0,0,0,epoch milliseconds (2018-03-13 08:38:12.820000),52.0,
S6_OpenDoor_2_extracted,Event_5,JinsBlinkStrength,JinsBlinkStrength_Event_5.data,100,2,0,0,0,epoch milliseconds (2018-03-13 08:38:12.820000),52.0,
S6_OpenDoor_2_extracted,Event_5,JinsEyeMovement,JinsEyeMovement_Event_5.data,100,5,0,0,0,epoch milliseconds (2018-03-13 08:38:12.820000),52.0,
S6_OpenDoor_2_extracted,Event_5,JinsGyroscope,JinsGyroscope_Event_5.data,100,4,0,0,0,epoch milliseconds (2018-03-13 08:38:12.820000),52.0,
S6_OpenDoor_2_extracted,Event_5,PhoneAccelerometer,PhoneAccelerometer_Event_5.data,991,4,0,0,0,epoch milliseconds (2018-03-13 08:38:12.807000),5.0,
S6_OpenDoor_2_extracted,Event_5,PhoneGravity,PhoneGravity_Event_5.data,992,4,0,0,0,epoch milliseconds (2018-03-13 08:38:12.803000),5.0,
S6_OpenDoor_2_extracted,Event_5,PhoneGyroscope,PhoneGyroscope_Event_5.data,991,4,0,0,0,epoch milliseconds (2018-03-13 08:38:12.807000),5.0,
S6_OpenDoor_2_extracted,Event_5,PhoneLinearAccelerometer,PhoneLinearAccelerometer_Event_5.data,991,4,0,0,0,epoch milliseconds (2018-03-13 08:38:12.805000),5.0,
S6_OpenDoor_2_extracted,Event_5,PhoneMagnetometer,PhoneMagnetometer_Event_5.data,501,4,0,0,0,epoch milliseconds (2018-03-13 08:38:12.811000),10.0,
S6_OpenDoor_2_extracted,Event_5,android.sensor.accelerometer,android.sensor.accelerometer_Event_5.data,502,4,0,0,0,epoch milliseconds (2018-03-13 08:38:12.811000),10.0,
S6_OpenDoor_2_extracted,Event_5,android.sensor.gyroscope,android.sensor.gyroscope_Event_5.data,502,4,0,0,0,epoch milliseconds (2018-03-13 08:38:12.803000),10.0,
S6_OpenDoor_2_extracted,Event_6,JinsAccelerometer,JinsAccelerometer_Event_6.data,100,4,0,0,0,epoch milliseconds (2018-03-13 08:38:28.487000),52.0,
S6_OpenDoor_2_extracted,Event_6,JinsBlinkSpeed,JinsBlinkSpeed_Event_6.data,100,2,0,0,0,epoch milliseconds (2018-03-13 08:38:28.487000),52.0,
S6_OpenDoor_2_extracted,Event_6,JinsBlinkStrength,JinsBlinkStrength_Event_6.data,100,2,0,0,0,epoch milliseconds (2018-03-13 08:38:28.487000),52.0,
S6_OpenDoor_2_extracted,Event_6,JinsEyeMovement,JinsEyeMovement_Event_6.data,100,5,0,0,0,epoch milliseconds (2018-03-13 08:38:28.487000),52.0,
S6_OpenDoor_2_extracted,Event_6,JinsGyroscope,JinsGyroscope_Event_6.data,100,4,0,0,0,epoch milliseconds (2018-03-13 08:38:28.487000),52.0,
S6_OpenDoor_2_extracted,Event_6,PhoneAccelerometer,PhoneAccelerometer_Event_6.data,991,4,0,0,0,epoch milliseconds (2018-03-13 08:38:28.477000),5.0,
S6_OpenDoor_2_extracted,Event_6,PhoneGravity,PhoneGravity_Event_6.data,991,4,0,0,0,epoch milliseconds (2018-03-13 08:38:28.479000),5.0,
S6_OpenDoor_2_extracted,Event_6,PhoneGyroscope,PhoneGyroscope_Event_6.data,991,4,0,0,0,epoch milliseconds (2018-03-13 08:38:28.475000),5.0,
S6_OpenDoor_2_extracted,Event_6,PhoneLinearAccelerometer,PhoneLinearAccelerometer_Event_6.data,990,4,0,0,0,epoch milliseconds (2018-03-13 08:38:28.477000),5.0,
S6_OpenDoor_2_extracted,Event_6,PhoneMagnetometer,PhoneMagnetometer_Event_6.data,501,4,0,0,0,epoch milliseconds (2018-03-13 08:38:28.478000),10.0,
S6_OpenDoor_2_extracted,Event_6,android.sensor.accelerometer,android.sensor.accelerometer_Event_6.data,492,4,0,0,0,epoch milliseconds (2018-03-13 08:38:28.484000),10.0,
S6_OpenDoor_2_extracted,Event_6,android.sensor.gyroscope,android.sensor.gyroscope_Event_6.data,492,4,0,0,0,epoch milliseconds (2018-03-13 08:38:28.478000),10.0,
S6_OpenDrawer_1_extracted,Event_0,JinsAccelerometer,JinsAccelerometer_Event_0.data,100,4,0,0,0,epoch milliseconds (2018-03-13 08:52:26.412000),52.0,
S6_OpenDrawer_1_extracted,Event_0,JinsBlinkSpeed,JinsBlinkSpeed_Event_0.data,100,2,0,0,0,epoch milliseconds (2018-03-13 08:52:26.412000),52.0,
S6_OpenDrawer_1_extracted,Event_0,JinsBlinkStrength,JinsBlinkStrength_Event_0.data,100,2,0,0,0,epoch milliseconds (2018-03-13 08:52:26.412000),52.0,
S6_OpenDrawer_1_extracted,Event_0,JinsEyeMovement,JinsEyeMovement_Event_0.data,100,5,0,0,0,epoch milliseconds (2018-03-13 08:52:26.412000),52.0,
S6_OpenDrawer_1_extracted,Event_0,JinsGyroscope,JinsGyroscope_Event_0.data,100,4,0,0,0,epoch milliseconds (2018-03-13 08:52:26.412000),52.0,
S6_OpenDrawer_1_extracted,Event_0,PhoneAccelerometer,PhoneAccelerometer_Event_0.data,992,4,0,0,0,epoch milliseconds (2018-03-13 08:52:26.340000),5.0,
S6_OpenDrawer_1_extracted,Event_0,PhoneGravity,PhoneGravity_Event_0.data,991,4,0,0,0,epoch milliseconds (2018-03-13 08:52:26.338000),5.0,
S6_OpenDrawer_1_extracted,Event_0,PhoneGyroscope,PhoneGyroscope_Event_0.data,990,4,0,0,0,epoch milliseconds (2018-03-13 08:52:26.340000),5.0,
S6_OpenDrawer_1_extracted,Event_0,PhoneLinearAccelerometer,PhoneLinearAccelerometer_Event_0.data,991,4,0,0,0,epoch milliseconds (2018-03-13 08:52:26.341000),5.0,
S6_OpenDrawer_1_extracted,Event_0,PhoneMagnetometer,PhoneMagnetometer_Event_0.data,501,4,0,0,0,epoch milliseconds (2018-03-13 08:52:26.340000),10.0,
S6_OpenDrawer_1_extracted,Event_0,android.sensor.accelerometer,android.sensor.accelerometer_Event_0.data,501,4,0,0,0,epoch milliseconds (2018-03-13 08:52:26.339000),10.0,
S6_OpenDrawer_1_extracted,Event_0,android.sensor.gyroscope,android.sensor.gyroscope_Event_0.data,500,4,0,0,0,epoch milliseconds (2018-03-13 08:52:26.343000),10.0,
S6_OpenDrawer_1_extracted,Event_1,JinsAccelerometer,JinsAccelerometer_Event_1.data,99,4,0,0,0,epoch milliseconds (2018-03-13 08:52:37.672000),52.0,
S6_OpenDrawer_1_extracted,Event_1,JinsBlinkSpeed,JinsBlinkSpeed_Event_1.data,99,2,0,0,0,epoch milliseconds (2018-03-13 08:52:37.672000),52.0,
S6_OpenDrawer_1_extracted,Event_1,JinsBlinkStrength,JinsBlinkStrength_Event_1.data,99,2,0,0,0,epoch milliseconds (2018-03-13 08:52:37.672000),52.0,
S6_OpenDrawer_1_extracted,Event_1,JinsEyeMovement,JinsEyeMovement_Event_1.data,99,5,0,0,0,epoch milliseconds (2018-03-13 08:52:37.672000),52.0,
S6_OpenDrawer_1_extracted,Event_1,JinsGyroscope,JinsGyroscope_Event_1.data,99,4,0,0,0,epoch milliseconds (2018-03-13 08:52:37.672000),52.0,
S6_OpenDrawer_1_extracted,Event_1,PhoneAccelerometer,PhoneAccelerometer_Event_1.data,991,4,0,0,0,epoch milliseconds (2018-03-13 08:52:37.630000),5.0,
S6_OpenDrawer_1_extracted,Event_1,PhoneGravity,PhoneGravity_Event_1.data,992,4,0,0,0,epoch milliseconds (2018-03-13 08:52:37.629000),5.0,
S6_OpenDrawer_1_extracted,Event_1,PhoneGyroscope,PhoneGyroscope_Event_1.data,991,4,0,0,0,epoch milliseconds (2018-03-13 08:52:37.631000),5.0,
S6_OpenDrawer_1_extracted,Event_1,PhoneLinearAccelerometer,PhoneLinearAccelerometer_Event_1.data,991,4,0,0,0,epoch milliseconds (2018-03-13 08:52:37.629000),5.0,
S6_OpenDrawer_1_extracted,Event_1,PhoneMagnetometer,PhoneMagnetometer_Event_1.data,501,4,0,0,0,epoch milliseconds (2018-03-13 08:52:37.634000),10.0,
S6_OpenDrawer_1_extracted,Event_1,android.sensor.accelerometer,android.sensor.accelerometer_Event_1.data,500,4,0,0,0,epoch milliseconds (2018-03-13 08:52:37.634000),10.0,
S6_OpenDrawer_1_extracted,Event_1,android.sensor.gyroscope,android.sensor.gyroscope_Event_1.data,501,4,0,0,0,epoch milliseconds (2018-03-13 08:52:37.633000),10.0,
S6_OpenDrawer_1_extracted,Event_2,JinsAccelerometer,JinsAccelerometer_Event_2.data,100,4,0,0,0,epoch milliseconds (2018-03-13 08:52:49.096000),52.0,
S6_OpenDrawer_1_extracted,Event_2,JinsBlinkSpeed,JinsBlinkSpeed_Event_2.data,100,2,0,0,0,epoch milliseconds (2018-03-13 08:52:49.096000),52.0,
S6_OpenDrawer_1_extracted,Event_2,JinsBlinkStrength,JinsBlinkStrength_Event_2.data,100,2,0,0,0,epoch milliseconds (2018-03-13 08:52:49.096000),52.0,
S6_OpenDrawer_1_extracted,Event_2,JinsEyeMovement,JinsEyeMovement_Event_2.data,100,5,0,0,0,epoch milliseconds (2018-03-13 08:52:49.096000),52.0,
S6_OpenDrawer_1_extracted,Event_2,JinsGyroscope,JinsGyroscope_Event_2.data,100,4,0,0,0,epoch milliseconds (2018-03-13 08:52:49.096000),52.0,
S6_OpenDrawer_1_extracted,Event_2,PhoneAccelerometer,PhoneAccelerometer_Event_2.data,992,4,0,0,0,epoch milliseconds (2018-03-13 08:52:49.079000),5.0,
S6_OpenDrawer_1_extracted,Event_2,PhoneGravity,PhoneGravity_Event_2.data,991,4,0,0,0,epoch milliseconds (2018-03-13 08:52:49.077000),5.0,
S6_OpenDrawer_1_extracted,Event_2,PhoneGyroscope,PhoneGyroscope_Event_2.data,991,4,0,0,0,epoch milliseconds (2018-03-13 08:52:49.080000),5.0,
S6_OpenDrawer_1_extracted,Event_2,PhoneLinearAccelerometer,PhoneLinearAccelerometer_Event_2.data,991,4,0,0,0,epoch milliseconds (2018-03-13 08:52:49.081000),5.0,
S6_OpenDrawer_1_extracted,Event_2,PhoneMagnetometer,PhoneMagnetometer_Event_2.data,501,4,0,0,0,epoch milliseconds (2018-03-13 08:52:49.077000),10.0,
S6_OpenDrawer_1_extracted,Event_2,android.sensor.accelerometer,android.sensor.accelerometer_Event_2.data,505,4,0,0,0,epoch milliseconds (2018-03-13 08:52:49.079000),10.0,
S6_OpenDrawer_1_extracted,Event_2,android.sensor.gyroscope,android.sensor.gyroscope_Event_2.data,505,4,0,0,0,epoch milliseconds (2018-03-13 08:52:49.079000),10.0,
S6_OpenDrawer_1_extracted,Event_3,JinsAccelerometer,JinsAccelerometer_Event_3.data,100,4,0,0,0,epoch milliseconds (2018-03-13 08:53:01.696000),52.0,
S6_OpenDrawer_1_extracted,Event_3,JinsBlinkSpeed,JinsBlinkSpeed_Event_3.data,100,2,0,0,0,epoch milliseconds (2018-03-13 08:53:01.696000),52.0,
S6_OpenDrawer_1_extracted,Event_3,JinsBlinkStrength,JinsBlinkStrength_Event_3.data,100,2,0,0,0,epoch milliseconds (2018-03-13 08:53:01.696000),52.0,
S6_OpenDrawer_1_extracted,Event_3,JinsEyeMovement,JinsEyeMovement_Event_3.data,100,5,0,0,0,epoch milliseconds (2018-03-13 08:53:01.696000),52.0,
S6_OpenDrawer_1_extracted,Event_3,JinsGyroscope,JinsGyroscope_Event_3.data,100,4,0,0,0,epoch milliseconds (2018-03-13 08:53:01.696000),52.0,
S6_OpenDrawer_1_extracted,Event_3,PhoneAccelerometer,PhoneAccelerometer_Event_3.data,990,4,0,0,0,epoch milliseconds (2018-03-13 08:53:01.658000),5.0,
S6_OpenDrawer_1_extracted,Event_3,PhoneGravity,PhoneGravity_Event_3.data,992,4,0,0,0,epoch milliseconds (2018-03-13 08:53:01.653000),5.0,
S6_OpenDrawer_1_extracted,Event_3,PhoneGyroscope,PhoneGyroscope_Event_3.data,993,4,0,0,0,epoch milliseconds (2018-03-13 08:53:01.653000),5.0,
S6_OpenDrawer_1_extracted,Event_3,PhoneLinearAccelerometer,PhoneLinearAccelerometer_Event_3.data,991,4,0,0,0,epoch milliseconds (2018-03-13 08:53:01.654000),5.0,
S6_OpenDrawer_1_extracted,Event_3,PhoneMagnetometer,PhoneMagnetometer_Event_3.data,501,4,0,0,0,epoch milliseconds (2018-03-13 08:53:01.659000),10.0,
S6_OpenDrawer_1_extracted,Event_3,android.sensor.accelerometer,android.sensor.accelerometer_Event_3.data,495,4,0,0,0,epoch milliseconds (2018-03-13 08:53:01.655000),10.0,
S6_OpenDrawer_1_extracted,Event_3,android.sensor.gyroscope,android.sensor.gyroscope_Event_3.data,494,4,0,0,0,epoch milliseconds (2018-03-13 08:53:01.662000),10.0,
S6_OpenDrawer_1_extracted,Event_4,JinsAccelerometer,JinsAccelerometer_Event_4.data,100,4,0,0,0,epoch milliseconds (2018-03-13 08:53:22.827000),52.0,
S6_OpenDrawer_1_extracted,Event_4,JinsBlinkSpeed,JinsBlinkSpeed_Event_4.data,100,2,0,0,0,epoch milliseconds (2018-03-13 08:53:22.827000),52.0,
S6_OpenDrawer_1_extracted,Event_4,JinsBlinkStrength,JinsBlinkStrength_Event_4.data,100,2,0,0,0,epoch milliseconds (2018-03-13 08:53:22.827000),52.0,
S6_OpenDrawer_1_extracted,Event_4,JinsEyeMovement,JinsEyeMovement_Event_4.data,100,5,0,0,0,epoch milliseconds (2018-03-13 08:53:22.827000),52.0,
S6_OpenDrawer_1_extracted,Event_4,JinsGyroscope,JinsGyroscope_Event_4.data,100,4,0,0,0,epoch milliseconds (2018-03-13 08:53:22.827000),52.0,
S6_OpenDrawer_1_extracted,Event_4,PhoneAccelerometer,PhoneAccelerometer_Event_4.data,991,4,0,0,0,epoch milliseconds (2018-03-13 08:53:22.807000),5.0,
S6_OpenDrawer_1_extracted,Event_4,PhoneGravity,PhoneGravity_Event_4.data,991,4,0,0,0,epoch milliseconds (2018-03-13 08:53:22.808000),5.0,
S6_OpenDrawer_1_extracted,Event_4,PhoneGyroscope,PhoneGyroscope_Event_4.data,992,4,0,0,0,epoch milliseconds (2018-03-13 08:53:22.804000),5.0,
S6_OpenDrawer_1_extracted,Event_4,PhoneLinearAccelerometer,PhoneLinearAccelerometer_Event_4.data,991,4,0,0,0,epoch milliseconds (2018-03-13 08:53:22.806000),5.0,
S6_OpenDrawer_1_extracted,Event_4,PhoneMagnetometer,PhoneMagnetometer_Event_4.data,501,4,0,0,0,epoch milliseconds (2018-03-13 08:53:22.812000),10.0,
S6_OpenDrawer_1_extracted,Event_4,android.sensor.accelerometer,android.sensor.accelerometer_Event_4.data,492,4,0,0,0,epoch milliseconds (2018-03-13 08:53:22.806000),10.0,
S6_OpenDrawer_1_extracted,Event_4,android.sensor.gyroscope,android.sensor.gyroscope_Event_4.data,491,4,0,0,0,epoch milliseconds (2018-03-13 08:53:22.810000),10.0,
S6_OpenDrawer_1_extracted,Event_5,JinsAccelerometer,JinsAccelerometer_Event_5.data,100,4,0,0,0,epoch milliseconds (2018-03-13 08:53:33.666000),52.0,
S6_OpenDrawer_1_extracted,Event_5,JinsBlinkSpeed,JinsBlinkSpeed_Event_5.data,100,2,0,0,0,epoch milliseconds (2018-03-13 08:53:33.666000),52.0,
S6_OpenDrawer_1_extracted,Event_5,JinsBlinkStrength,JinsBlinkStrength_Event_5.data,100,2,0,0,0,epoch milliseconds (2018-03-13 08:53:33.666000),52.0,
S6_OpenDrawer_1_extracted,Event_5,JinsEyeMovement,JinsEyeMovement_Event_5.data,100,5,0,0,0,epoch milliseconds (2018-03-13 08:53:33.666000),52.0,
S6_OpenDrawer_1_extracted,Event_5,JinsGyroscope,JinsGyroscope_Event_5.data,100,4,0,0,0,epoch milliseconds (2018-03-13 08:53:33.666000),52.0,
S6_OpenDrawer_1_extracted,Event_5,PhoneAccelerometer,PhoneAccelerometer_Event_5.data,992,4,0,0,0,epoch milliseconds (2018-03-13 08:53:33.615000),5.0,
S6_OpenDrawer_1_extracted,Event_5,PhoneGravity,PhoneGravity_Event_5.data,991,4,0,0,0,epoch milliseconds (2018-03-13 08:53:33.612000),5.0,
S6_OpenDrawer_1_extracted,Event_5,PhoneGyroscope,PhoneGyroscope_Event_5.data,988,4,0,0,0,epoch milliseconds (2018-03-13 08:53:33.612000),5.0,
S6_OpenDrawer_1_extracted,Event_5,PhoneLinearAccelerometer,PhoneLinearAccelerometer_Event_5.data,992,4,0,0,0,epoch milliseconds (2018-03-13 08:53:33.615000),5.0,
S6_OpenDrawer_1_extracted,Event_5,PhoneMagnetometer,PhoneMagnetometer_Event_5.data,501,4,0,0,0,epoch milliseconds (2018-03-13 08:53:33.614000),10.0,
S6_OpenDrawer_1_extracted,Event_5,android.sensor.accelerometer,android.sensor.accelerometer_Event_5.data,500,4,0,0,0,epoch milliseconds (2018-03-13 08:53:33.616000),10.0,
S6_OpenDrawer_1_extracted,Event_5,android.sensor.gyroscope,android.sensor.gyroscope_Event_5.data,501,4,0,0,0,epoch milliseconds (2018-03-13 08:53:33.616000),10.0,
S6_OpenDrawer_1_extracted,Event_6,JinsAccelerometer,JinsAccelerometer_Event_6.data,99,4,0,0,0,epoch milliseconds (2018-03-13 08:53:44.539000),52.5,
S6_OpenDrawer_1_extracted,Event_6,JinsBlinkSpeed,JinsBlinkSpeed_Event_6.data,99,2,0,0,0,epoch milliseconds (2018-03-13 08:53:44.539000),52.5,
S6_OpenDrawer_1_extracted,Event_6,JinsBlinkStrength,JinsBlinkStrength_Event_6.data,99,2,0,0,0,epoch milliseconds (2018-03-13 08:53:44.539000),52.5,
S6_OpenDrawer_1_extracted,Event_6,JinsEyeMovement,JinsEyeMovement_Event_6.data,99,5,0,0,0,epoch milliseconds (2018-03-13 08:53:44.539000),52.5,
S6_OpenDrawer_1_extracted,Event_6,JinsGyroscope,JinsGyroscope_Event_6.data,99,4,0,0,0,epoch milliseconds (2018-03-13 08:53:44.539000),52.5,
S6_OpenDrawer_1_extracted,Event_6,PhoneAccelerometer,PhoneAccelerometer_Event_6.data,991,4,0,0,0,epoch milliseconds (2018-03-13 08:53:44.496000),5.0,
S6_OpenDrawer_1_extracted,Event_6,PhoneGravity,PhoneGravity_Event_6.data,991,4,0,0,0,epoch milliseconds (2018-03-13 08:53:44.496000),5.0,
S6_OpenDrawer_1_extracted,Event_6,PhoneGyroscope,PhoneGyroscope_Event_6.data,991,4,0,0,0,epoch milliseconds (2018-03-13 08:53:44.493000),5.0,
S6_OpenDrawer_1_extracted,Event_6,PhoneLinearAccelerometer,PhoneLinearAccelerometer_Event_6.data,991,4,0,0,0,epoch milliseconds (2018-03-13 08:53:44.494000),5.0,
S6_OpenDrawer_1_extracted,Event_6,PhoneMagnetometer,PhoneMagnetometer_Event_6.data,498,4,0,0,0,epoch milliseconds (2018-03-13 08:53:44.502000),10.0,
S6_OpenDrawer_1_extracted,Event_6,android.sensor.accelerometer,android.sensor.accelerometer_Event_6.data,494,4,0,0,0,epoch milliseconds (2018-03-13 08:53:44.500000),10.0,
S6_OpenDrawer_1_extracted,Event_6,android.sensor.gyroscope,android.sensor.gyroscope_Event_6.data,493,4,0,0,0,epoch milliseconds (2018-03-13 08:53:44.500000),10.0,
S6_OpenDrawer_2_extracted,Event_0,JinsAccelerometer,JinsAccelerometer_Event_0.data,100,4,0,0,0,epoch milliseconds (2018-03-13 08:56:09.884000),53.0,
S6_OpenDrawer_2_extracted,Event_0,JinsBlinkSpeed,JinsBlinkSpeed_Event_0.data,100,2,0,0,0,epoch milliseconds (2018-03-13 08:56:09.884000),53.0,
S6_OpenDrawer_2_extracted,Event_0,JinsBlinkStrength,JinsBlinkStrength_Event_0.data,100,2,0,0,0,epoch milliseconds (2018-03-13 08:56:09.884000),53.0,
S6_OpenDrawer_2_extracted,Event_0,JinsEyeMovement,JinsEyeMovement_Event_0.data,100,5,0,0,0,epoch milliseconds (2018-03-13 08:56:09.884000),53.0,
S6_OpenDrawer_2_extracted,Event_0,JinsGyroscope,JinsGyroscope_Event_0.data,100,4,0,0,0,epoch milliseconds (2018-03-13 08:56:09.884000),53.0,
S6_OpenDrawer_2_extracted,Event_0,PhoneAccelerometer,PhoneAccelerometer_Event_0.data,991,4,0,0,0,epoch milliseconds (2018-03-13 08:56:09.877000),5.0,
S6_OpenDrawer_2_extracted,Event_0,PhoneGravity,PhoneGravity_Event_0.data,989,4,0,0,0,epoch milliseconds (2018-03-13 08:56:09.879000),5.0,
S6_OpenDrawer_2_extracted,Event_0,PhoneGyroscope,PhoneGyroscope_Event_0.data,992,4,0,0,0,epoch milliseconds (2018-03-13 08:56:09.878000),5.0,
S6_OpenDrawer_2_extracted,Event_0,PhoneLinearAccelerometer,PhoneLinearAccelerometer_Event_0.data,990,4,0,0,0,epoch milliseconds (2018-03-13 08:56:09.877000),5.0,
S6_OpenDrawer_2_extracted,Event_0,PhoneMagnetometer,PhoneMagnetometer_Event_0.data,503,4,0,0,0,epoch milliseconds (2018-03-13 08:56:09.878000),10.0,
S6_OpenDrawer_2_extracted,Event_0,android.sensor.accelerometer,android.sensor.accelerometer_Event_0.data,493,4,0,0,0,epoch milliseconds (2018-03-13 08:56:09.879000),10.0,
S6_OpenDrawer_2_extracted,Event_0,android.sensor.gyroscope,android.sensor.gyroscope_Event_0.data,494,4,0,0,0,epoch milliseconds (2018-03-13 08:56:09.877000),10.0,
S6_OpenDrawer_2_extracted,Event_1,JinsAccelerometer,JinsAccelerometer_Event_1.data,99,4,0,0,0,epoch milliseconds (2018-03-13 08:56:21.042000),52.0,
S6_OpenDrawer_2_extracted,Event_1,JinsBlinkSpeed,JinsBlinkSpeed_Event_1.data,99,2,0,0,0,epoch milliseconds (2018-03-13 08:56:21.042000),52.0,
S6_OpenDrawer_2_extracted,Event_1,JinsBlinkStrength,JinsBlinkStrength_Event_1.data,99,2,0,0,0,epoch milliseconds (2018-03-13 08:56:21.042000),52.0,
S6_OpenDrawer_2_extracted,Event_1,JinsEyeMovement,JinsEyeMovement_Event_1.data,99,5,0,0,0,epoch milliseconds (2018-03-13 08:56:21.042000),52.0,
S6_OpenDrawer_2_extracted,Event_1,JinsGyroscope,JinsGyroscope_Event_1.data,99,4,0,0,0,epoch milliseconds (2018-03-13 08:56:21.042000),52.0,
S6_OpenDrawer_2_extracted,Event_1,PhoneAccelerometer,PhoneAccelerometer_Event_1.data,991,4,0,0,0,epoch milliseconds (2018-03-13 08:56:20.999000),5.0,
S6_OpenDrawer_2_extracted,Event_1,PhoneGravity,PhoneGravity_Event_1.data,991,4,0,0,0,epoch milliseconds (2018-03-13 08:56:20.999000),5.0,
S6_OpenDrawer_2_extracted,Event_1,PhoneGyroscope,PhoneGyroscope_Event_1.data,991,4,0,0,0,epoch milliseconds (2018-03-13 08:56:20.999000),5.0,
S6_OpenDrawer_2_extracted,Event_1,PhoneLinearAccelerometer,PhoneLinearAccelerometer_Event_1.data,991,4,0,0,0,epoch milliseconds (2018-03-13 08:56:20.996000),5.0,
S6_OpenDrawer_2_extracted,Event_1,PhoneMagnetometer,PhoneMagnetometer_Event_1.data,501,4,0,0,0,epoch milliseconds (2018-03-13 08:56:21.002000),10.0,
S6_OpenDrawer_2_extracted,Event_1,android.sensor.accelerometer,android.sensor.accelerometer_Event_1.data,502,4,0,0,0,epoch milliseconds (2018-03-13 08:56:21.004000),10.0,
S6_OpenDrawer_2_extracted,Event_1,android.sensor.gyroscope,android.sensor.gyroscope_Event_1.data,502,4,0,0,0,epoch milliseconds (2018-03-13 08:56:20.995000),10.0,
S6_OpenDrawer_2_extracted,Event_2,JinsAccelerometer,JinsAccelerometer_Event_2.data,100,4,0,0,0,epoch milliseconds (2018-03-13 08:56:32.039000),52.0,
S6_OpenDrawer_2_extracted,Event_2,JinsBlinkSpeed,JinsBlinkSpeed_Event_2.data,100,2,0,0,0,epoch milliseconds (2018-03-13 08:56:32.039000),52.0,
S6_OpenDrawer_2_extracted,Event_2,JinsBlinkStrength,JinsBlinkStrength_Event_2.data,100,2,0,0,0,epoch milliseconds (2018-03-13 08:56:32.039000),52.0,
S6_OpenDrawer_2_extracted,Event_2,JinsEyeMovement,JinsEyeMovement_Event_2.data,100,5,0,0,0,epoch milliseconds (2018-03-13 08:56:32.039000),52.0,
S6_OpenDrawer_2_extracted,Event_2,JinsGyroscope,JinsGyroscope_Event_2.data,100,4,0,0,0,epoch milliseconds (2018-03-13 08:56:32.039000),52.0,
S6_OpenDrawer_2_extracted,Event_2,PhoneAccelerometer,PhoneAccelerometer_Event_2.data,990,4,0,0,0,epoch milliseconds (2018-03-13 08:56:32.022000),5.0,
S6_OpenDrawer_2_extracted,Event_2,PhoneGravity,PhoneGravity_Event_2.data,993,4,0,0,0,epoch milliseconds (2018-03-13 08:56:32.019000),5.0,
S6_OpenDrawer_2_extracted,Event_2,PhoneGyroscope,PhoneGyroscope_Event_2.data,992,4,0,0,0,epoch milliseconds (2018-03-13 08:56:32.019000),5.0,
S6_OpenDrawer_2_extracted,Event_2,PhoneLinearAccelerometer,PhoneLinearAccelerometer_Event_2.data,992,4,0,0,0,epoch milliseconds (2018-03-13 08:56:32.021000),5.0,
S6_OpenDrawer_2_extracted,Event_2,PhoneMagnetometer,PhoneMagnetometer_Event_2.data,501,4,0,0,0,epoch milliseconds (2018-03-13 08:56:32.027000),10.0,
S6_OpenDrawer_2_extracted,Event_2,android.sensor.accelerometer,android.sensor.accelerometer_Event_2.data,498,4,0,0,0,epoch milliseconds (2018-03-13 08:56:32.023000),10.0,
S6_OpenDrawer_2_extracted,Event_2,android.sensor.gyroscope,android.sensor.gyroscope_Event_2.data,498,4,0,0,0,epoch milliseconds (2018-03-13 08:56:32.028000),10.0,
S6_OpenDrawer_2_extracted,Event_3,JinsAccelerometer,JinsAccelerometer_Event_3.data,100,4,0,0,0,epoch milliseconds (2018-03-13 08:56:42.908000),52.0,
S6_OpenDrawer_2_extracted,Event_3,JinsBlinkSpeed,JinsBlinkSpeed_Event_3.data,100,2,0,0,0,epoch milliseconds (2018-03-13 08:56:42.908000),52.0,
S6_OpenDrawer_2_extracted,Event_3,JinsBlinkStrength,JinsBlinkStrength_Event_3.data,100,2,0,0,0,epoch milliseconds (2018-03-13 08:56:42.908000),52.0,
S6_OpenDrawer_2_extracted,Event_3,JinsEyeMovement,JinsEyeMovement_Event_3.data,100,5,0,0,0,epoch milliseconds (2018-03-13 08:56:42.908000),52.0,
S6_OpenDrawer_2_extracted,Event_3,JinsGyroscope,JinsGyroscope_Event_3.data,100,4,0,0,0,epoch milliseconds (2018-03-13 08:56:42.908000),52.0,
S6_OpenDrawer_2_extracted,Event_3,PhoneAccelerometer,PhoneAccelerometer_Event_3.data,992,4,0,0,0,epoch milliseconds (2018-03-13 08:56:42.888000),5.0,
S6_OpenDrawer_2_extracted,Event_3,PhoneGravity,PhoneGravity_Event_3.data,993,4,0,0,0,epoch milliseconds (2018-03-13 08:56:42.884000),5.0,
S6_OpenDrawer_2_extracted,Event_3,PhoneGyroscope,PhoneGyroscope_Event_3.data,990,4,0,0,0,epoch milliseconds (2018-03-13 08:56:42.886000),5.0,
S6_OpenDrawer_2_extracted,Event_3,PhoneLinearAccelerometer,PhoneLinearAccelerometer_Event_3.data,991,4,0,0,0,epoch milliseconds (2018-03-13 08:56:42.886000),5.0,
S6_OpenDrawer_2_extracted,Event_3,PhoneMagnetometer,PhoneMagnetometer_Event_3.data,500,4,0,0,0,epoch milliseconds (2018-03-13 08:56:42.891000),10.0,
S6_OpenDrawer_2_extracted,Event_3,android.sensor.accelerometer,android.sensor.accelerometer_Event_3.data,485,4,0,0,0,epoch milliseconds (2018-03-13 08:56:42.892000),10.0,
S6_OpenDrawer_2_extracted,Event_3,android.sensor.gyroscope,android.sensor.gyroscope_Event_3.data,485,4,0,0,0,epoch milliseconds (2018-03-13 08:56:42.891000),10.0,
S6_OpenDrawer_2_extracted,Event_4,JinsAccelerometer,JinsAccelerometer_Event_4.data,100,4,0,0,0,epoch milliseconds (2018-03-13 08:56:53.918000),52.0,
S6_OpenDrawer_2_extracted,Event_4,JinsBlinkSpeed,JinsBlinkSpeed_Event_4.data,100,2,0,0,0,epoch milliseconds (2018-03-13 08:56:53.918000),52.0,
S6_OpenDrawer_2_extracted,Event_4,JinsBlinkStrength,JinsBlinkStrength_Event_4.data,100,2,0,0,0,epoch milliseconds (2018-03-13 08:56:53.918000),52.0,
S6_OpenDrawer_2_extracted,Event_4,JinsEyeMovement,JinsEyeMovement_Event_4.data,100,5,0,0,0,epoch milliseconds (2018-03-13 08:56:53.918000),52.0,
S6_OpenDrawer_2_extracted,Event_4,JinsGyroscope,JinsGyroscope_Event_4.data,100,4,0,0,0,epoch milliseconds (2018-03-13 08:56:53.918000),52.0,
S6_OpenDrawer_2_extracted,Event_4,PhoneAccelerometer,PhoneAccelerometer_Event_4.data,990,4,0,0,0,epoch milliseconds (2018-03-13 08:56:53.870000),5.0,
S6_OpenDrawer_2_extracted,Event_4,PhoneGravity,PhoneGravity_Event_4.data,990,4,0,0,0,epoch milliseconds (2018-03-13 08:56:53.869000),5.0,
S6_OpenDrawer_2_extracted,Event_4,PhoneGyroscope,PhoneGyroscope_Event_4.data,991,4,0,0,0,epoch milliseconds (2018-03-13 08:56:53.871000),5.0,
S6_OpenDrawer_2_extracted,Event_4,PhoneLinearAccelerometer,PhoneLinearAccelerometer_Event_4.data,991,4,0,0,0,epoch milliseconds (2018-03-13 08:56:53.871000),5.0,
S6_OpenDrawer_2_extracted,Event_4,PhoneMagnetometer,PhoneMagnetometer_Event_4.data,501,4,0,0,0,epoch milliseconds (2018-03-13 08:56:53.867000),10.0,
S6_OpenDrawer_2_extracted,Event_4,android.sensor.accelerometer,android.sensor.accelerometer_Event_4.data,502,4,0,0,0,epoch milliseconds (2018-03-13 08:56:53.871000),10.0,
S6_OpenDrawer_2_extracted,Event_4,android.sensor.gyroscope,android.sensor.gyroscope_Event_4.data,501,4,0,0,0,epoch milliseconds (2018-03-13 08:56:53.871000),10.0,
S6_OpenDrawer_2_extracted,Event_5,JinsAccelerometer,JinsAccelerometer_Event_5.data,100,4,0,0,0,epoch milliseconds (2018-03-13 08:57:04.905000),52.0,
S6_OpenDrawer_2_extracted,Event_5,JinsBlinkSpeed,JinsBlinkSpeed_Event_5.data,100,2,0,0,0,epoch milliseconds (2018-03-13 08:57:04.905000),52.0,
S6_OpenDrawer_2_extracted,Event_5,JinsBlinkStrength,JinsBlinkStrength_Event_5.data,100,2,0,0,0,epoch milliseconds (2018-03-13 08:57:04.905000),52.0,
S6_OpenDrawer_2_extracted,Event_5,JinsEyeMovement,JinsEyeMovement_Event_5.data,100,5,0,0,0,epoch milliseconds (2018-03-13 08:57:04.905000),52.0,
S6_OpenDrawer_2_extracted,Event_5,JinsGyroscope,JinsGyroscope_Event_5.data,100,4,0,0,0,epoch milliseconds (2018-03-13 08:57:04.905000),52.0,
S6_OpenDrawer_2_extracted,Event_5,PhoneAccelerometer,PhoneAccelerometer_Event_5.data,992,4,0,0,0,epoch milliseconds (2018-03-13 08:57:04.892000),5.0,
S6_OpenDrawer_2_extracted,Event_5,PhoneGravity,PhoneGravity_Event_5.data,991,4,0,0,0,epoch milliseconds (2018-03-13 08:57:04.892000),5.0,
S6_OpenDrawer_2_extracted,Event_5,PhoneGyroscope,PhoneGyroscope_Event_5.data,988,4,0,0,0,epoch milliseconds (2018-03-13 08:57:04.896000),5.0,
S6_OpenDrawer_2_extracted,Event_5,PhoneLinearAccelerometer,PhoneLinearAccelerometer_Event_5.data,991,4,0,0,0,epoch milliseconds (2018-03-13 08:57:04.891000),5.0,
S6_OpenDrawer_2_extracted,Event_5,PhoneMagnetometer,PhoneMagnetometer_Event_5.data,502,4,0,0,0,epoch milliseconds (2018-03-13 08:57:04.892000),10.0,
S6_OpenDrawer_2_extracted,Event_5,android.sensor.accelerometer,android.sensor.accelerometer_Event_5.data,499,4,0,0,0,epoch milliseconds (2018-03-13 08:57:04.895000),10.0,
S6_OpenDrawer_2_extracted,Event_5,android.sensor.gyroscope,android.sensor.gyroscope_Event_5.data,500,4,0,0,0,epoch milliseconds (2018-03-13 08:57:04.892000),10.0,
S6_OpenDrawer_2_extracted,Event_6,JinsAccelerometer,JinsAccelerometer_Event_6.data,101,4,0,0,0,epoch milliseconds (2018-03-13 08:57:15.956000),53.0,
S6_OpenDrawer_2_extracted,Event_6,JinsBlinkSpeed,JinsBlinkSpeed_Event_6.data,101,2,0,0,0,epoch milliseconds (2018-03-13 08:57:15.956000),53.0,
S6_OpenDrawer_2_extracted,Event_6,JinsBlinkStrength,JinsBlinkStrength_Event_6.data,101,2,0,0,0,epoch milliseconds (2018-03-13 08:57:15.956000),53.0,
S6_OpenDrawer_2_extracted,Event_6,JinsEyeMovement,JinsEyeMovement_Event_6.data,101,5,0,0,0,epoch milliseconds (2018-03-13 08:57:15.956000),53.0,
S6_OpenDrawer_2_extracted,Event_6,JinsGyroscope,JinsGyroscope_Event_6.data,101,4,0,0,0,epoch milliseconds (2018-03-13 08:57:15.956000),53.0,
S6_OpenDrawer_2_extracted,Event_6,PhoneAccelerometer,PhoneAccelerometer_Event_6.data,992,4,0,0,0,epoch milliseconds (2018-03-13 08:57:15.957000),5.0,
S6_OpenDrawer_2_extracted,Event_6,PhoneGravity,PhoneGravity_Event_6.data,990,4,0,0,0,epoch milliseconds (2018-03-13 08:57:15.957000),5.0,
S6_OpenDrawer_2_extracted,Event_6,PhoneGyroscope,PhoneGyroscope_Event_6.data,991,4,0,0,0,epoch milliseconds (2018-03-13 08:57:15.960000),5.0,
S6_OpenDrawer_2_extracted,Event_6,PhoneLinearAccelerometer,PhoneLinearAccelerometer_Event_6.data,990,4,0,0,0,epoch milliseconds (2018-03-13 08:57:15.959000),5.0,
S6_OpenDrawer_2_extracted,Event_6,PhoneMagnetometer,PhoneMagnetometer_Event_6.data,501,4,0,0,0,epoch milliseconds (2018-03-13 08:57:15.962000),10.0,
S6_OpenDrawer_2_extracted,Event_6,android.sensor.accelerometer,android.sensor.accelerometer_Event_6.data,498,4,0,0,0,epoch milliseconds (2018-03-13 08:57:15.956000),10.0,
S6_OpenDrawer_2_extracted,Event_6,android.sensor.gyroscope,android.sensor.gyroscope_Event_6.data,498,4,0,0,0,epoch milliseconds (2018-03-13 08:57:15.961000),10.0,
S6_OpenLidByRotate_1_extracted,Event_0,JinsAccelerometer,JinsAccelerometer_Event_0.data,101,4,0,0,0,epoch milliseconds (2018-03-19 15:38:38.288000),38.0,
S6_OpenLidByRotate_1_extracted,Event_0,JinsBlinkSpeed,JinsBlinkSpeed_Event_0.data,101,2,0,0,0,epoch milliseconds (2018-03-19 15:38:38.288000),38.0,
S6_OpenLidByRotate_1_extracted,Event_0,JinsBlinkStrength,JinsBlinkStrength_Event_0.data,101,2,0,0,0,epoch milliseconds (2018-03-19 15:38:38.288000),38.0,
S6_OpenLidByRotate_1_extracted,Event_0,JinsEyeMovement,JinsEyeMovement_Event_0.data,101,5,0,0,0,epoch milliseconds (2018-03-19 15:38:38.288000),38.0,
S6_OpenLidByRotate_1_extracted,Event_0,JinsGyroscope,JinsGyroscope_Event_0.data,101,4,0,0,0,epoch milliseconds (2018-03-19 15:38:38.288000),38.0,
S6_OpenLidByRotate_1_extracted,Event_0,PhoneAccelerometer,PhoneAccelerometer_Event_0.data,993,4,0,0,0,epoch milliseconds (2018-03-19 15:38:38.246000),5.0,
S6_OpenLidByRotate_1_extracted,Event_0,PhoneGravity,PhoneGravity_Event_0.data,973,4,0,0,0,epoch milliseconds (2018-03-19 15:38:38.250000),5.0,
S6_OpenLidByRotate_1_extracted,Event_0,PhoneGyroscope,PhoneGyroscope_Event_0.data,992,4,0,0,0,epoch milliseconds (2018-03-19 15:38:38.246000),5.0,
S6_OpenLidByRotate_1_extracted,Event_0,PhoneLinearAccelerometer,PhoneLinearAccelerometer_Event_0.data,976,4,0,0,0,epoch milliseconds (2018-03-19 15:38:38.247000),5.0,
S6_OpenLidByRotate_1_extracted,Event_0,PhoneMagnetometer,PhoneMagnetometer_Event_0.data,501,4,0,0,0,epoch milliseconds (2018-03-19 15:38:38.251000),10.0,
S6_OpenLidByRotate_1_extracted,Event_0,android.sensor.accelerometer,android.sensor.accelerometer_Event_0.data,501,4,0,0,0,epoch milliseconds (2018-03-19 15:38:38.248000),10.0,
S6_OpenLidByRotate_1_extracted,Event_0,android.sensor.gyroscope,android.sensor.gyroscope_Event_0.data,492,4,0,0,0,epoch milliseconds (2018-03-19 15:38:38.251000),10.0,
S6_OpenLidByRotate_1_extracted,Event_1,JinsAccelerometer,JinsAccelerometer_Event_1.data,101,4,0,0,0,epoch milliseconds (2018-03-19 15:38:54.633000),38.0,
S6_OpenLidByRotate_1_extracted,Event_1,JinsBlinkSpeed,JinsBlinkSpeed_Event_1.data,101,2,0,0,0,epoch milliseconds (2018-03-19 15:38:54.633000),38.0,
S6_OpenLidByRotate_1_extracted,Event_1,JinsBlinkStrength,JinsBlinkStrength_Event_1.data,101,2,0,0,0,epoch milliseconds (2018-03-19 15:38:54.633000),38.0,
S6_OpenLidByRotate_1_extracted,Event_1,JinsEyeMovement,JinsEyeMovement_Event_1.data,101,5,0,0,0,epoch milliseconds (2018-03-19 15:38:54.633000),38.0,
S6_OpenLidByRotate_1_extracted,Event_1,JinsGyroscope,JinsGyroscope_Event_1.data,101,4,0,0,0,epoch milliseconds (2018-03-19 15:38:54.633000),38.0,
S6_OpenLidByRotate_1_extracted,Event_1,PhoneAccelerometer,PhoneAccelerometer_Event_1.data,988,4,0,0,0,epoch milliseconds (2018-03-19 15:38:54.604000),5.0,
S6_OpenLidByRotate_1_extracted,Event_1,PhoneGravity,PhoneGravity_Event_1.data,999,4,0,0,0,epoch milliseconds (2018-03-19 15:38:54.603000),5.0,
S6_OpenLidByRotate_1_extracted,Event_1,PhoneGyroscope,PhoneGyroscope_Event_1.data,998,4,0,0,0,epoch milliseconds (2018-03-19 15:38:54.604000),5.0,
S6_OpenLidByRotate_1_extracted,Event_1,PhoneLinearAccelerometer,PhoneLinearAccelerometer_Event_1.data,981,4,0,0,0,epoch milliseconds (2018-03-19 15:38:54.603000),5.0,
S6_OpenLidByRotate_1_extracted,Event_1,PhoneMagnetometer,PhoneMagnetometer_Event_1.data,508,4,0,0,0,epoch milliseconds (2018-03-19 15:38:54.605000),10.0,
S6_OpenLidByRotate_1_extracted,Event_1,android.sensor.accelerometer,android.sensor.accelerometer_Event_1.data,518,4,0,0,0,epoch milliseconds (2018-03-19 15:38:54.603000),10.0,
S6_OpenLidByRotate_1_extracted,Event_1,android.sensor.gyroscope,android.sensor.gyroscope_Event_1.data,517,4,0,0,0,epoch milliseconds (2018-03-19 15:38:54.607000),10.0,
S6_OpenLidByRotate_1_extracted,Event_2,JinsAccelerometer,JinsAccelerometer_Event_2.data,99,4,0,0,0,epoch milliseconds (2018-03-19 15:39:12.554000),38.0,
S6_OpenLidByRotate_1_extracted,Event_2,JinsBlinkSpeed,JinsBlinkSpeed_Event_2.data,99,2,0,0,0,epoch milliseconds (2018-03-19 15:39:12.554000),38.0,
S6_OpenLidByRotate_1_extracted,Event_2,JinsBlinkStrength,JinsBlinkStrength_Event_2.data,99,2,0,0,0,epoch milliseconds (2018-03-19 15:39:12.554000),38.0,
S6_OpenLidByRotate_1_extracted,Event_2,JinsEyeMovement,JinsEyeMovement_Event_2.data,99,5,0,0,0,epoch milliseconds (2018-03-19 15:39:12.554000),38.0,
S6_OpenLidByRotate_1_extracted,Event_2,JinsGyroscope,JinsGyroscope_Event_2.data,99,4,0,0,0,epoch milliseconds (2018-03-19 15:39:12.554000),38.0,
S6_OpenLidByRotate_1_extracted,Event_2,PhoneAccelerometer,PhoneAccelerometer_Event_2.data,988,4,0,0,0,epoch milliseconds (2018-03-19 15:39:12.537000),5.0,
S6_OpenLidByRotate_1_extracted,Event_2,PhoneGravity,PhoneGravity_Event_2.data,994,4,0,0,0,epoch milliseconds (2018-03-19 15:39:12.695000),5.0,
S6_OpenLidByRotate_1_extracted,Event_2,PhoneGyroscope,PhoneGyroscope_Event_2.data,996,4,0,0,0,epoch milliseconds (2018-03-19 15:39:12.693000),5.0,
S6_OpenLidByRotate_1_extracted,Event_2,PhoneLinearAccelerometer,PhoneLinearAccelerometer_Event_2.data,996,4,0,0,0,epoch milliseconds (2018-03-19 15:39:12.702000),5.0,
S6_OpenLidByRotate_1_extracted,Event_2,PhoneMagnetometer,PhoneMagnetometer_Event_2.data,502,4,0,0,0,epoch milliseconds (2018-03-19 15:39:12.545000),10.0,
S6_OpenLidByRotate_1_extracted,Event_2,android.sensor.accelerometer,android.sensor.accelerometer_Event_2.data,504,4,0,0,0,epoch milliseconds (2018-03-19 15:39:12.537000),10.0,
S6_OpenLidByRotate_1_extracted,Event_2,android.sensor.gyroscope,android.sensor.gyroscope_Event_2.data,504,4,0,0,0,epoch milliseconds (2018-03-19 15:39:12.542000),10.0,
S6_OpenLidByRotate_1_extracted,Event_3,JinsAccelerometer,JinsAccelerometer_Event_3.data,99,4,0,0,0,epoch milliseconds (2018-03-19 15:39:26.067000),38.0,
S6_OpenLidByRotate_1_extracted,Event_3,JinsBlinkSpeed,JinsBlinkSpeed_Event_3.data,99,2,0,0,0,epoch milliseconds (2018-03-19 15:39:26.067000),38.0,
S6_OpenLidByRotate_1_extracted,Event_3,JinsBlinkStrength,JinsBlinkStrength_Event_3.data,99,2,0,0,0,epoch milliseconds (2018-03-19 15:39:26.067000),38.0,
S6_OpenLidByRotate_1_extracted,Event_3,JinsEyeMovement,JinsEyeMovement_Event_3.data,99,5,0,0,0,epoch milliseconds (2018-03-19 15:39:26.067000),38.0,
S6_OpenLidByRotate_1_extracted,Event_3,JinsGyroscope,JinsGyroscope_Event_3.data,99,4,0,0,0,epoch milliseconds (2018-03-19 15:39:26.067000),38.0,
S6_OpenLidByRotate_1_extracted,Event_3,PhoneAccelerometer,PhoneAccelerometer_Event_3.data,992,4,0,0,0,epoch milliseconds (2018-03-19 15:39:26.068000),5.0,
S6_OpenLidByRotate_1_extracted,Event_3,PhoneGravity,PhoneGravity_Event_3.data,990,4,0,0,0,epoch milliseconds (2018-03-19 15:39:26.068000),5.0,
S6_OpenLidByRotate_1_extracted,Event_3,PhoneGyroscope,PhoneGyroscope_Event_3.data,990,4,0,0,0,epoch milliseconds (2018-03-19 15:39:26.071000),5.0,
S6_OpenLidByRotate_1_extracted,Event_3,PhoneLinearAccelerometer,PhoneLinearAccelerometer_Event_3.data,991,4,0,0,0,epoch milliseconds (2018-03-19 15:39:26.070000),5.0,
S6_OpenLidByRotate_1_extracted,Event_3,PhoneMagnetometer,PhoneMagnetometer_Event_3.data,504,4,0,0,0,epoch milliseconds (2018-03-19 15:39:26.068000),10.0,
S6_OpenLidByRotate_1_extracted,Event_3,android.sensor.accelerometer,android.sensor.accelerometer_Event_3.data,496,4,0,0,0,epoch milliseconds (2018-03-19 15:39:26.074000),10.0,
S6_OpenLidByRotate_1_extracted,Event_3,android.sensor.gyroscope,android.sensor.gyroscope_Event_3.data,507,4,0,0,0,epoch milliseconds (2018-03-19 15:39:26.068000),10.0,
S6_OpenLidByRotate_1_extracted,Event_4,JinsAccelerometer,JinsAccelerometer_Event_4.data,99,4,0,0,0,epoch milliseconds (2018-03-19 15:39:43.831000),38.0,
S6_OpenLidByRotate_1_extracted,Event_4,JinsBlinkSpeed,JinsBlinkSpeed_Event_4.data,99,2,0,0,0,epoch milliseconds (2018-03-19 15:39:43.831000),38.0,
S6_OpenLidByRotate_1_extracted,Event_4,JinsBlinkStrength,JinsBlinkStrength_Event_4.data,99,2,0,0,0,epoch milliseconds (2018-03-19 15:39:43.831000),38.0,
S6_OpenLidByRotate_1_extracted,Event_4,JinsEyeMovement,JinsEyeMovement_Event_4.data,99,5,0,0,0,epoch milliseconds (2018-03-19 15:39:43.831000),38.0,
S6_OpenLidByRotate_1_extracted,Event_4,JinsGyroscope,JinsGyroscope_Event_4.data,99,4,0,0,0,epoch milliseconds (2018-03-19 15:39:43.831000),38.0,
S6_OpenLidByRotate_1_extracted,Event_4,PhoneAccelerometer,PhoneAccelerometer_Event_4.data,992,4,0,0,0,epoch milliseconds (2018-03-19 15:39:43.789000),5.0,
S6_OpenLidByRotate_1_extracted,Event_4,PhoneGravity,PhoneGravity_Event_4.data,991,4,0,0,0,epoch milliseconds (2018-03-19 15:39:43.789000),5.0,
S6_OpenLidByRotate_1_extracted,Event_4,PhoneGyroscope,PhoneGyroscope_Event_4.data,981,4,0,0,0,epoch milliseconds (2018-03-19 15:39:43.790000),5.0,
S6_OpenLidByRotate_1_extracted,Event_4,PhoneLinearAccelerometer,PhoneLinearAccelerometer_Event_4.data,982,4,0,0,0,epoch milliseconds (2018-03-19 15:39:43.791000),5.0,
S6_OpenLidByRotate_1_extracted,Event_4,PhoneMagnetometer,PhoneMagnetometer_Event_4.data,510,4,0,0,0,epoch milliseconds (2018-03-19 15:39:43.789000),10.0,
S6_OpenLidByRotate_1_extracted,Event_4,android.sensor.accelerometer,android.sensor.accelerometer_Event_4.data,510,4,0,0,0,epoch milliseconds (2018-03-19 15:39:43.790000),10.0,
S6_OpenLidByRotate_1_extracted,Event_4,android.sensor.gyroscope,android.sensor.gyroscope_Event_4.data,509,4,0,0,0,epoch milliseconds (2018-03-19 15:39:43.793000),10.0,
S6_OpenLidByRotate_1_extracted,Event_5,JinsAccelerometer,JinsAccelerometer_Event_5.data,100,4,0,0,0,epoch milliseconds (2018-03-19 15:39:58.543000),38.0,
S6_OpenLidByRotate_1_extracted,Event_5,JinsBlinkSpeed,JinsBlinkSpeed_Event_5.data,100,2,0,0,0,epoch milliseconds (2018-03-19 15:39:58.543000),38.0,
S6_OpenLidByRotate_1_extracted,Event_5,JinsBlinkStrength,JinsBlinkStrength_Event_5.data,100,2,0,0,0,epoch milliseconds (2018-03-19 15:39:58.543000),38.0,
S6_OpenLidByRotate_1_extracted,Event_5,JinsEyeMovement,JinsEyeMovement_Event_5.data,100,5,0,0,0,epoch milliseconds (2018-03-19 15:39:58.543000),38.0,
S6_OpenLidByRotate_1_extracted,Event_5,JinsGyroscope,JinsGyroscope_Event_5.data,100,4,0,0,0,epoch milliseconds (2018-03-19 15:39:58.543000),38.0,
S6_OpenLidByRotate_1_extracted,Event_5,PhoneAccelerometer,PhoneAccelerometer_Event_5.data,974,4,0,0,0,epoch milliseconds (2018-03-19 15:39:58.539000),5.0,
S6_OpenLidByRotate_1_extracted,Event_5,PhoneGravity,PhoneGravity_Event_5.data,980,4,0,0,0,epoch milliseconds (2018-03-19 15:39:58.535000),5.0,
S6_OpenLidByRotate_1_extracted,Event_5,PhoneGyroscope,PhoneGyroscope_Event_5.data,982,4,0,0,0,epoch milliseconds (2018-03-19 15:39:58.535000),5.0,
S6_OpenLidByRotate_1_extracted,Event_5,PhoneLinearAccelerometer,PhoneLinearAccelerometer_Event_5.data,982,4,0,0,0,epoch milliseconds (2018-03-19 15:39:58.535000),5.0,
S6_OpenLidByRotate_1_extracted,Event_5,PhoneMagnetometer,PhoneMagnetometer_Event_5.data,501,4,0,0,0,epoch milliseconds (2018-03-19 15:39:58.541000),10.0,
S6_OpenLidByRotate_1_extracted,Event_5,android.sensor.accelerometer,android.sensor.accelerometer_Event_5.data,553,4,0,0,0,epoch milliseconds (2018-03-19 15:39:58.539000),10.0,
S6_OpenLidByRotate_1_extracted,Event_5,android.sensor.gyroscope,android.sensor.gyroscope_Event_5.data,524,4,0,0,0,epoch milliseconds (2018-03-19 15:39:58.543000),10.0,
S6_OpenLidByRotate_1_extracted,Event_6,JinsAccelerometer,JinsAccelerometer_Event_6.data,100,4,0,0,0,epoch milliseconds (2018-03-19 15:40:13.909000),38.0,
S6_OpenLidByRotate_1_extracted,Event_6,JinsBlinkSpeed,JinsBlinkSpeed_Event_6.data,100,2,0,0,0,epoch milliseconds (2018-03-19 15:40:13.909000),38.0,
S6_OpenLidByRotate_1_extracted,Event_6,JinsBlinkStrength,JinsBlinkStrength_Event_6.data,100,2,0,0,0,epoch milliseconds (2018-03-19 15:40:13.909000),38.0,
S6_OpenLidByRotate_1_extracted,Event_6,JinsEyeMovement,JinsEyeMovement_Event_6.data,100,5,0,0,0,epoch milliseconds (2018-03-19 15:40:13.909000),38.0,
S6_OpenLidByRotate_1_extracted,Event_6,JinsGyroscope,JinsGyroscope_Event_6.data,100,4,0,0,0,epoch milliseconds (2018-03-19 15:40:13.909000),38.0,
S6_OpenLidByRotate_1_extracted,Event_6,PhoneAccelerometer,PhoneAccelerometer_Event_6.data,1013,4,0,0,0,epoch milliseconds (2018-03-19 15:40:13.879000),5.0,
S6_OpenLidByRotate_1_extracted,Event_6,PhoneGravity,PhoneGravity_Event_6.data,1003,4,0,0,0,epoch milliseconds (2018-03-19 15:40:13.881000),5.0,
S6_OpenLidByRotate_1_extracted,Event_6,PhoneGyroscope,PhoneGyroscope_Event_6.data,1007,4,0,0,0,epoch milliseconds (2018-03-19 15:40:13.880000),5.0,
S6_OpenLidByRotate_1_extracted,Event_6,PhoneLinearAccelerometer,PhoneLinearAccelerometer_Event_6.data,1003,4,0,0,0,epoch milliseconds (2018-03-19 15:40:13.879000),5.0,
S6_OpenLidByRotate_1_extracted,Event_6,PhoneMagnetometer,PhoneMagnetometer_Event_6.data,503,4,0,0,0,epoch milliseconds (2018-03-19 15:40:13.887000),10.0,
S6_OpenLidByRotate_1_extracted,Event_6,android.sensor.accelerometer,android.sensor.accelerometer_Event_6.data,503,4,0,0,0,epoch milliseconds (2018-03-19 15:40:13.888000),10.0,
S6_OpenLidByRotate_1_extracted,Event_6,android.sensor.gyroscope,android.sensor.gyroscope_Event_6.data,510,4,0,0,0,epoch milliseconds (2018-03-19 15:40:13.887000),10.0,
S6_OpenLidByRotate_2_extracted,Event_0,JinsAccelerometer,JinsAccelerometer_Event_0.data,100,4,0,0,0,epoch milliseconds (2018-03-13 12:49:02.624000),38.0,
S6_OpenLidByRotate_2_extracted,Event_0,JinsBlinkSpeed,JinsBlinkSpeed_Event_0.data,100,2,0,0,0,epoch milliseconds (2018-03-13 12:49:02.624000),38.0,
S6_OpenLidByRotate_2_extracted,Event_0,JinsBlinkStrength,JinsBlinkStrength_Event_0.data,100,2,0,0,0,epoch milliseconds (2018-03-13 12:49:02.624000),38.0,
S6_OpenLidByRotate_2_extracted,Event_0,JinsEyeMovement,JinsEyeMovement_Event_0.data,100,5,0,0,0,epoch milliseconds (2018-03-13 12:49:02.624000),38.0,
S6_OpenLidByRotate_2_extracted,Event_0,JinsGyroscope,JinsGyroscope_Event_0.data,100,4,0,0,0,epoch milliseconds (2018-03-13 12:49:02.624000),38.0,
S6_OpenLidByRotate_2_extracted,Event_0,PhoneAccelerometer,PhoneAccelerometer_Event_0.data,992,4,0,0,0,epoch milliseconds (2018-03-13 12:49:02.611000),5.0,
S6_OpenLidByRotate_2_extracted,Event_0,PhoneGravity,PhoneGravity_Event_0.data,992,4,0,0,0,epoch milliseconds (2018-03-13 12:49:02.612000),5.0,
S6_OpenLidByRotate_2_extracted,Event_0,PhoneGyroscope,PhoneGyroscope_Event_0.data,994,4,0,0,0,epoch milliseconds (2018-03-13 12:49:02.613000),5.0,
S6_OpenLidByRotate_2_extracted,Event_0,PhoneLinearAccelerometer,PhoneLinearAccelerometer_Event_0.data,991,4,0,0,0,epoch milliseconds (2018-03-13 12:49:02.613000),5.0,
S6_OpenLidByRotate_2_extracted,Event_0,PhoneMagnetometer,PhoneMagnetometer_Event_0.data,497,4,0,0,0,epoch milliseconds (2018-03-13 12:49:02.611000),10.0,
S6_OpenLidByRotate_2_extracted,Event_0,android.sensor.accelerometer,android.sensor.accelerometer_Event_0.data,496,4,0,0,0,epoch milliseconds (2018-03-13 12:49:02.617000),10.0,
S6_OpenLidByRotate_2_extracted,Event_0,android.sensor.gyroscope,android.sensor.gyroscope_Event_0.data,496,4,0,0,0,epoch milliseconds (2018-03-13 12:49:02.611000),10.0,
S6_OpenLidByRotate_2_extracted,Event_1,JinsAccelerometer,JinsAccelerometer_Event_1.data,100,4,0,0,0,epoch milliseconds (2018-03-13 12:49:17.582000),38.0,
S6_OpenLidByRotate_2_extracted,Event_1,JinsBlinkSpeed,JinsBlinkSpeed_Event_1.data,100,2,0,0,0,epoch milliseconds (2018-03-13 12:49:17.582000),38.0,
S6_OpenLidByRotate_2_extracted,Event_1,JinsBlinkStrength,JinsBlinkStrength_Event_1.data,100,2,0,0,0,epoch milliseconds (2018-03-13 12:49:17.582000),38.0,
S6_OpenLidByRotate_2_extracted,Event_1,JinsEyeMovement,JinsEyeMovement_Event_1.data,100,5,0,0,0,epoch milliseconds (2018-03-13 12:49:17.582000),38.0,
S6_OpenLidByRotate_2_extracted,Event_1,JinsGyroscope,JinsGyroscope_Event_1.data,100,4,0,0,0,epoch milliseconds (2018-03-13 12:49:17.582000),38.0,
S6_OpenLidByRotate_2_extracted,Event_1,PhoneAccelerometer,PhoneAccelerometer_Event_1.data,991,4,0,0,0,epoch milliseconds (2018-03-13 12:49:17.550000),5.0,
S6_OpenLidByRotate_2_extracted,Event_1,PhoneGravity,PhoneGravity_Event_1.data,992,4,0,0,0,epoch milliseconds (2018-03-13 12:49:17.550000),5.0,
S6_OpenLidByRotate_2_extracted,Event_1,PhoneGyroscope,PhoneGyroscope_Event_1.data,990,4,0,0,0,epoch milliseconds (2018-03-13 12:49:17.548000),5.0,
S6_OpenLidByRotate_2_extracted,Event_1,PhoneLinearAccelerometer,PhoneLinearAccelerometer_Event_1.data,991,4,0,0,0,epoch milliseconds (2018-03-13 12:49:17.548000),5.0,
S6_OpenLidByRotate_2_extracted,Event_1,PhoneMagnetometer,PhoneMagnetometer_Event_1.data,501,4,0,0,0,epoch milliseconds (2018-03-13 12:49:17.551000),10.0,
S6_OpenLidByRotate_2_extracted,Event_1,android.sensor.accelerometer,android.sensor.accelerometer_Event_1.data,498,4,0,0,0,epoch milliseconds (2018-03-13 12:49:17.583000),10.0,
S6_OpenLidByRotate_2_extracted,Event_1,android.sensor.gyroscope,android.sensor.gyroscope_Event_1.data,497,4,0,0,0,epoch milliseconds (2018-03-13 12:49:17.581000),10.0,
S6_OpenLidByRotate_2_extracted,Event_2,JinsAccelerometer,JinsAccelerometer_Event_2.data,100,4,0,0,0,epoch milliseconds (2018-03-13 12:49:30.669000),38.0,
S6_OpenLidByRotate_2_extracted,Event_2,JinsBlinkSpeed,JinsBlinkSpeed_Event_2.data,100,2,0,0,0,epoch milliseconds (2018-03-13 12:49:30.669000),38.0,
S6_OpenLidByRotate_2_extracted,Event_2,JinsBlinkStrength,JinsBlinkStrength_Event_2.data,100,2,0,0,0,epoch milliseconds (2018-03-13 12:49:30.669000),38.0,
S6_OpenLidByRotate_2_extracted,Event_2,JinsEyeMovement,JinsEyeMovement_Event_2.data,100,5,0,0,0,epoch milliseconds (2018-03-13 12:49:30.669000),38.0,
S6_OpenLidByRotate_2_extracted,Event_2,JinsGyroscope,JinsGyroscope_Event_2.data,100,4,0,0,0,epoch milliseconds (2018-03-13 12:49:30.669000),38.0,
S6_OpenLidByRotate_2_extracted,Event_2,PhoneAccelerometer,PhoneAccelerometer_Event_2.data,990,4,0,0,0,epoch milliseconds (2018-03-13 12:49:30.645000),5.0,
S6_OpenLidByRotate_2_extracted,Event_2,PhoneGravity,PhoneGravity_Event_2.data,993,4,0,0,0,epoch milliseconds (2018-03-13 12:49:30.643000),5.0,
S6_OpenLidByRotate_2_extracted,Event_2,PhoneGyroscope,PhoneGyroscope_Event_2.data,991,4,0,0,0,epoch milliseconds (2018-03-13 12:49:30.647000),5.0,
S6_OpenLidByRotate_2_extracted,Event_2,PhoneLinearAccelerometer,PhoneLinearAccelerometer_Event_2.data,992,4,0,0,0,epoch milliseconds (2018-03-13 12:49:30.645000),5.0,
S6_OpenLidByRotate_2_extracted,Event_2,PhoneMagnetometer,PhoneMagnetometer_Event_2.data,501,4,0,0,0,epoch milliseconds (2018-03-13 12:49:30.652000),10.0,
S6_OpenLidByRotate_2_extracted,Event_2,android.sensor.accelerometer,android.sensor.accelerometer_Event_2.data,502,4,0,0,0,epoch milliseconds (2018-03-13 12:49:30.674000),10.0,
S6_OpenLidByRotate_2_extracted,Event_2,android.sensor.gyroscope,android.sensor.gyroscope_Event_2.data,503,4,0,0,0,epoch milliseconds (2018-03-13 12:49:30.671000),10.0,
S6_OpenLidByRotate_2_extracted,Event_3,JinsAccelerometer,JinsAccelerometer_Event_3.data,100,4,0,0,0,epoch milliseconds (2018-03-13 12:49:44.777000),38.0,
S6_OpenLidByRotate_2_extracted,Event_3,JinsBlinkSpeed,JinsBlinkSpeed_Event_3.data,100,2,0,0,0,epoch milliseconds (2018-03-13 12:49:44.777000),38.0,
S6_OpenLidByRotate_2_extracted,Event_3,JinsBlinkStrength,JinsBlinkStrength_Event_3.data,100,2,0,0,0,epoch milliseconds (2018-03-13 12:49:44.777000),38.0,
S6_OpenLidByRotate_2_extracted,Event_3,JinsEyeMovement,JinsEyeMovement_Event_3.data,100,5,0,0,0,epoch milliseconds (2018-03-13 12:49:44.777000),38.0,
S6_OpenLidByRotate_2_extracted,Event_3,JinsGyroscope,JinsGyroscope_Event_3.data,100,4,0,0,0,epoch milliseconds (2018-03-13 12:49:44.777000),38.0,
S6_OpenLidByRotate_2_extracted,Event_3,PhoneAccelerometer,PhoneAccelerometer_Event_3.data,991,4,0,0,0,epoch milliseconds (2018-03-13 12:49:44.757000),5.0,
S6_OpenLidByRotate_2_extracted,Event_3,PhoneGravity,PhoneGravity_Event_3.data,991,4,0,0,0,epoch milliseconds (2018-03-13 12:49:44.756000),5.0,
S6_OpenLidByRotate_2_extracted,Event_3,PhoneGyroscope,PhoneGyroscope_Event_3.data,990,4,0,0,0,epoch milliseconds (2018-03-13 12:49:44.754000),5.0,
S6_OpenLidByRotate_2_extracted,Event_3,PhoneLinearAccelerometer,PhoneLinearAccelerometer_Event_3.data,991,4,0,0,0,epoch milliseconds (2018-03-13 12:49:44.758000),5.0,
S6_OpenLidByRotate_2_extracted,Event_3,PhoneMagnetometer,PhoneMagnetometer_Event_3.data,501,4,0,0,0,epoch milliseconds (2018-03-13 12:49:44.758000),10.0,
S6_OpenLidByRotate_2_extracted,Event_3,android.sensor.accelerometer,android.sensor.accelerometer_Event_3.data,502,4,0,0,0,epoch milliseconds (2018-03-13 12:49:44.765000),10.0,
S6_OpenLidByRotate_2_extracted,Event_3,android.sensor.gyroscope,android.sensor.gyroscope_Event_3.data,503,4,0,0,0,epoch milliseconds (2018-03-13 12:49:44.763000),10.0,
S6_OpenLidByRotate_2_extracted,Event_4,JinsAccelerometer,JinsAccelerometer_Event_4.data,100,4,0,0,0,epoch milliseconds (2018-03-13 12:49:56.438000),38.0,
S6_OpenLidByRotate_2_extracted,Event_4,JinsBlinkSpeed,JinsBlinkSpeed_Event_4.data,100,2,0,0,0,epoch milliseconds (2018-03-13 12:49:56.438000),38.0,
S6_OpenLidByRotate_2_extracted,Event_4,JinsBlinkStrength,JinsBlinkStrength_Event_4.data,100,2,0,0,0,epoch milliseconds (2018-03-13 12:49:56.438000),38.0,
S6_OpenLidByRotate_2_extracted,Event_4,JinsEyeMovement,JinsEyeMovement_Event_4.data,100,5,0,0,0,epoch milliseconds (2018-03-13 12:49:56.438000),38.0,
S6_OpenLidByRotate_2_extracted,Event_4,JinsGyroscope,JinsGyroscope_Event_4.data,100,4,0,0,0,epoch milliseconds (2018-03-13 12:49:56.438000),38.0,
S6_OpenLidByRotate_2_extracted,Event_4,PhoneAccelerometer,PhoneAccelerometer_Event_4.data,996,4,0,0,0,epoch milliseconds (2018-03-13 12:49:56.412000),5.0,
S6_OpenLidByRotate_2_extracted,Event_4,PhoneGravity,PhoneGravity_Event_4.data,993,4,0,0,0,epoch milliseconds (2018-03-13 12:49:56.410000),5.0,
S6_OpenLidByRotate_2_extracted,Event_4,PhoneGyroscope,PhoneGyroscope_Event_4.data,992,4,0,0,0,epoch milliseconds (2018-03-13 12:49:56.412000),5.0,
S6_OpenLidByRotate_2_extracted,Event_4,PhoneLinearAccelerometer,PhoneLinearAccelerometer_Event_4.data,990,4,0,0,0,epoch milliseconds (2018-03-13 12:49:56.414000),5.0,
S6_OpenLidByRotate_2_extracted,Event_4,PhoneMagnetometer,PhoneMagnetometer_Event_4.data,501,4,0,0,0,epoch milliseconds (2018-03-13 12:49:56.418000),10.0,
S6_OpenLidByRotate_2_extracted,Event_4,android.sensor.accelerometer,android.sensor.accelerometer_Event_4.data,502,4,0,0,0,epoch milliseconds (2018-03-13 12:49:56.415000),10.0,
S6_OpenLidByRotate_2_extracted,Event_4,android.sensor.gyroscope,android.sensor.gyroscope_Event_4.data,503,4,0,0,0,epoch milliseconds (2018-03-13 12:49:56.411000),10.0,
S6_OpenLidByRotate_2_extracted,Event_5,JinsAccelerometer,JinsAccelerometer_Event_5.data,100,4,0,0,0,epoch milliseconds (2018-03-13 12:50:08.322000),38.0,
S6_OpenLidByRotate_2_extracted,Event_5,JinsBlinkSpeed,JinsBlinkSpeed_Event_5.data,100,2,0,0,0,epoch milliseconds (2018-03-13 12:50:08.322000),38.0,
S6_OpenLidByRotate_2_extracted,Event_5,JinsBlinkStrength,JinsBlinkStrength_Event_5.data,100,2,0,0,0,epoch milliseconds (2018-03-13 12:50:08.322000),38.0,
S6_OpenLidByRotate_2_extracted,Event_5,JinsEyeMovement,JinsEyeMovement_Event_5.data,100,5,0,0,0,epoch milliseconds (2018-03-13 12:50:08.322000),38.0,
S6_OpenLidByRotate_2_extracted,Event_5,JinsGyroscope,JinsGyroscope_Event_5.data,100,4,0,0,0,epoch milliseconds (2018-03-13 12:50:08.322000),38.0,
S6_OpenLidByRotate_2_extracted,Event_5,PhoneAccelerometer,PhoneAccelerometer_Event_5.data,992,4,0,0,0,epoch milliseconds (2018-03-13 12:50:08.317000),5.0,
S6_OpenLidByRotate_2_extracted,Event_5,PhoneGravity,PhoneGravity_Event_5.data,991,4,0,0,0,epoch milliseconds (2018-03-13 12:50:08.314000),5.0,
S6_OpenLidByRotate_2_extracted,Event_5,PhoneGyroscope,PhoneGyroscope_Event_5.data,991,4,0,0,0,epoch milliseconds (2018-03-13 12:50:08.315000),5.0,
S6_OpenLidByRotate_2_extracted,Event_5,PhoneLinearAccelerometer,PhoneLinearAccelerometer_Event_5.data,992,4,0,0,0,epoch milliseconds (2018-03-13 12:50:08.318000),5.0,
S6_OpenLidByRotate_2_extracted,Event_5,PhoneMagnetometer,PhoneMagnetometer_Event_5.data,500,4,0,0,0,epoch milliseconds (2018-03-13 12:50:08.318000),10.0,
S6_OpenLidByRotate_2_extracted,Event_5,android.sensor.accelerometer,android.sensor.accelerometer_Event_5.data,497,4,0,0,0,epoch milliseconds (2018-03-13 12:50:08.316000),10.0,
S6_OpenLidByRotate_2_extracted,Event_5,android.sensor.gyroscope,android.sensor.gyroscope_Event_5.data,497,4,0,0,0,epoch milliseconds (2018-03-13 12:50:08.324000),10.0,
S6_OpenLidByRotate_2_extracted,Event_6,JinsAccelerometer,JinsAccelerometer_Event_6.data,100,4,0,0,0,epoch milliseconds (2018-03-13 12:50:19.871000),38.0,
S6_OpenLidByRotate_2_extracted,Event_6,JinsBlinkSpeed,JinsBlinkSpeed_Event_6.data,100,2,0,0,0,epoch milliseconds (2018-03-13 12:50:19.871000),38.0,
S6_OpenLidByRotate_2_extracted,Event_6,JinsBlinkStrength,JinsBlinkStrength_Event_6.data,100,2,0,0,0,epoch milliseconds (2018-03-13 12:50:19.871000),38.0,
S6_OpenLidByRotate_2_extracted,Event_6,JinsEyeMovement,JinsEyeMovement_Event_6.data,100,5,0,0,0,epoch milliseconds (2018-03-13 12:50:19.871000),38.0,
S6_OpenLidByRotate_2_extracted,Event_6,JinsGyroscope,JinsGyroscope_Event_6.data,100,4,0,0,0,epoch milliseconds (2018-03-13 12:50:19.871000),38.0,
S6_OpenLidByRotate_2_extracted,Event_6,PhoneAccelerometer,PhoneAccelerometer_Event_6.data,991,4,0,0,0,epoch milliseconds (2018-03-13 12:50:19.862000),5.0,
S6_OpenLidByRotate_2_extracted,Event_6,PhoneGravity,PhoneGravity_Event_6.data,991,4,0,0,0,epoch milliseconds (2018-03-13 12:50:19.858000),5.0,
S6_OpenLidByRotate_2_extracted,Event_6,PhoneGyroscope,PhoneGyroscope_Event_6.data,992,4,0,0,0,epoch milliseconds (2018-03-13 12:50:19.858000),5.0,
S6_OpenLidByRotate_2_extracted,Event_6,PhoneLinearAccelerometer,PhoneLinearAccelerometer_Event_6.data,991,4,0,0,0,epoch milliseconds (2018-03-13 12:50:19.859000),5.0,
S6_OpenLidByRotate_2_extracted,Event_6,PhoneMagnetometer,PhoneMagnetometer_Event_6.data,501,4,0,0,0,epoch milliseconds (2018-03-13 12:50:19.859000),10.0,
S6_OpenLidByRotate_2_extracted,Event_6,android.sensor.accelerometer,android.sensor.accelerometer_Event_6.data,496,4,0,0,0,epoch milliseconds (2018-03-13 12:50:19.910000),10.0,
S6_OpenLidByRotate_2_extracted,Event_6,android.sensor.gyroscope,android.sensor.gyroscope_Event_6.data,495,4,0,0,0,epoch milliseconds (2018-03-13 12:50:19.915000),10.0,
