original_folder,event,sensor,file,rows,columns,malformed_rows,missing_values,bad_timestamps,timestamp_format,median_interval_ms,error
S8_PressByGrasp_1_extracted,Event_0,JinsAccelerometer,JinsAccelerometer_Event_0.data,100,4,0,0,0,epoch milliseconds (2018-03-08 14:13:38.134000),52.0,
S8_PressByGrasp_1_extracted,Event_0,JinsBlinkSpeed,JinsBlinkSpeed_Event_0.data,100,2,0,0,0,epoch milliseconds (2018-03-08 14:13:38.134000),52.0,
S8_PressByGrasp_1_extracted,Event_0,JinsBlinkStrength,JinsBlinkStrength_Event_0.data,100,2,0,0,0,epoch milliseconds (2018-03-08 14:13:38.134000),52.0,
S8_PressByGrasp_1_extracted,Event_0,JinsEyeMovement,JinsEyeMovement_Event_0.data,100,5,0,0,0,epoch milliseconds (2018-03-08 14:13:38.134000),52.0,
S8_PressByGrasp_1_extracted,Event_0,JinsGyroscope,JinsGyroscope_Event_0.data,100,4,0,0,0,epoch milliseconds (2018-03-08 14:13:38.134000),52.0,
S8_PressByGrasp_1_extracted,Event_0,PhoneAccelerometer,PhoneAccelerometer_Event_0.data,1012,4,0,0,0,epoch milliseconds (2018-03-08 14:13:38.118000),5.0,
S8_PressByGrasp_1_extracted,Event_0,PhoneGravity,PhoneGravity_Event_0.data,1008,4,0,0,0,epoch milliseconds (2018-03-08 14:13:38.119000),5.0,
S8_PressByGrasp_1_extracted,Event_0,PhoneGyroscope,PhoneGyroscope_Event_0.data,1006,4,0,0,0,epoch milliseconds (2018-03-08 14:13:38.118000),5.0,
S8_PressByGrasp_1_extracted,Event_0,PhoneLinearAccelerometer,PhoneLinearAccelerometer_Event_0.data,1007,4,0,0,0,epoch milliseconds (2018-03-08 14:13:38.117000),5.0,
S8_PressByGrasp_1_extracted,Event_0,PhoneMagnetometer,PhoneMagnetometer_Event_0.data,501,4,0,0,0,epoch milliseconds (2018-03-08 14:13:38.117000),10.0,
S8_PressByGrasp_1_extracted,Event_0,android.sensor.accelerometer,android.sensor.accelerometer_Event_0.data,496,4,0,0,0,epoch milliseconds (2018-03-08 14:13:38.119000),10.0,
S8_PressByGrasp_1_extracted,Event_0,android.sensor.gyroscope,android.sensor.gyroscope_Event_0.data,496,4,0,0,0,epoch milliseconds (2018-03-08 14:13:38.117000),10.0,
S8_PressByGrasp_1_extracted,Event_1,JinsAccelerometer,JinsAccelerometer_Event_1.data,100,4,0,0,0,epoch milliseconds (2018-03-08 14:13:49.179000),52.0,
S8_PressByGrasp_1_extracted,Event_1,JinsBlinkSpeed,JinsBlinkSpeed_Event_1.data,100,2,0,0,0,epoch milliseconds (2018-03-08 14:13:49.179000),52.0,
S8_PressByGrasp_1_extracted,Event_1,JinsBlinkStrength,JinsBlinkStrength_Event_1.data,100,2,0,0,0,epoch milliseconds (2018-03-08 14:13:49.179000),52.0,
S8_PressByGrasp_1_extracted,Event_1,JinsEyeMovement,JinsEyeMovement_Event_1.data,100,5,0,0,0,epoch milliseconds (2018-03-08 14:13:49.179000),52.0,
S8_PressByGrasp_1_extracted,Event_1,JinsGyroscope,JinsGyroscope_Event_1.data,100,4,0,0,0,epoch milliseconds (2018-03-08 14:13:49.179000),52.0,
S8_PressByGrasp_1_extracted,Event_1,PhoneAccelerometer,PhoneAccelerometer_Event_1.data,1007,4,0,0,0,epoch milliseconds (2018-03-08 14:13:49.159000),5.0,
S8_PressByGrasp_1_extracted,Event_1,PhoneGravity,PhoneGravity_Event_1.data,1006,4,0,0,0,epoch milliseconds (2018-03-08 14:13:49.158000),5.0,
S8_PressByGrasp_1_extracted,Event_1,PhoneGyroscope,PhoneGyroscope_Event_1.data,1006,4,0,0,0,epoch milliseconds (2018-03-08 14:13:49.158000),5.0,
S8_PressByGrasp_1_extracted,Event_1,PhoneLinearAccelerometer,PhoneLinearAccelerometer_Event_1.data,1006,4,0,0,0,epoch milliseconds (2018-03-08 14:13:49.157000),5.0,
S8_PressByGrasp_1_extracted,Event_1,PhoneMagnetometer,PhoneMagnetometer_Event_1.data,501,4,0,0,0,epoch milliseconds (2018-03-08 14:13:49.159000),10.0,
S8_PressByGrasp_1_extracted,Event_1,android.sensor.accelerometer,android.sensor.accelerometer_Event_1.data,510,4,0,0,0,epoch milliseconds (2018-03-08 14:13:49.163000),10.0,
S8_PressByGrasp_1_extracted,Event_1,android.sensor.gyroscope,android.sensor.gyroscope_Event_1.data,509,4,0,0,0,epoch milliseconds (2018-03-08 14:13:49.165000),10.0,
S8_PressByGrasp_1_extracted,Event_2,JinsAccelerometer,JinsAccelerometer_Event_2.data,100,4,0,0,0,epoch milliseconds (2018-03-08 14:13:57.790000),52.0,
S8_PressByGrasp_1_extracted,Event_2,JinsBlinkSpeed,JinsBlinkSpeed_Event_2.data,100,2,0,0,0,epoch milliseconds (2018-03-08 14:13:57.790000),52.0,
S8_PressByGrasp_1_extracted,Event_2,JinsBlinkStrength,JinsBlinkStrength_Event_2.data,100,2,0,0,0,epoch milliseconds (2018-03-08 14:13:57.790000),52.0,
S8_PressByGrasp_1_extracted,Event_2,JinsEyeMovement,JinsEyeMovement_Event_2.data,100,5,0,0,0,epoch milliseconds (2018-03-08 14:13:57.790000),52.0,
S8_PressByGrasp_1_extracted,Event_2,JinsGyroscope,JinsGyroscope_Event_2.data,100,4,0,0,0,epoch milliseconds (2018-03-08 14:13:57.790000),52.0,
S8_PressByGrasp_1_extracted,Event_2,PhoneAccelerometer,PhoneAccelerometer_Event_2.data,1006,4,0,0,0,epoch milliseconds (2018-03-08 14:13:57.783000),5.0,
S8_PressByGrasp_1_extracted,Event_2,PhoneGravity,PhoneGravity_Event_2.data,1007,4,0,0,0,epoch milliseconds (2018-03-08 14:13:57.783000),5.0,
S8_PressByGrasp_1_extracted,Event_2,PhoneGyroscope,PhoneGyroscope_Event_2.data,1008,4,0,0,0,epoch milliseconds (2018-03-08 14:13:57.786000),5.0,
S8_PressByGrasp_1_extracted,Event_2,PhoneLinearAccelerometer,PhoneLinearAccelerometer_Event_2.data,1009,4,0,0,0,epoch milliseconds (2018-03-08 14:13:57.781000),5.0,
S8_PressByGrasp_1_extracted,Event_2,PhoneMagnetometer,PhoneMagnetometer_Event_2.data,500,4,0,0,0,epoch milliseconds (2018-03-08 14:13:57.788000),10.0,
S8_PressByGrasp_1_extracted,Event_2,android.sensor.accelerometer,android.sensor.accelerometer_Event_2.data,490,4,0,0,0,epoch milliseconds (2018-03-08 14:13:57.788000),10.0,
S8_PressByGrasp_1_extracted,Event_2,android.sensor.gyroscope,android.sensor.gyroscope_Event_2.data,490,4,0,0,0,epoch milliseconds (2018-03-08 14:13:57.785000),10.0,
S8_PressByGrasp_1_extracted,Event_3,JinsAccelerometer,JinsAccelerometer_Event_3.data,100,4,0,0,0,epoch milliseconds (2018-03-08 14:14:05.242000),52.0,
S8_PressByGrasp_1_extracted,Event_3,JinsBlinkSpeed,JinsBlinkSpeed_Event_3.data,100,2,0,0,0,epoch milliseconds (2018-03-08 14:14:05.242000),52.0,
S8_PressByGrasp_1_extracted,Event_3,JinsBlinkStrength,JinsBlinkStrength_Event_3.data,100,2,0,0,0,epoch milliseconds (2018-03-08 14:14:05.242000),52.0,
S8_PressByGrasp_1_extracted,Event_3,JinsEyeMovement,JinsEyeMovement_Event_3.data,100,5,0,0,0,epoch milliseconds (2018-03-08 14:14:05.242000),52.0,
S8_PressByGrasp_1_extracted,Event_3,JinsGyroscope,JinsGyroscope_Event_3.data,100,4,0,0,0,epoch milliseconds (2018-03-08 14:14:05.242000),52.0,
S8_PressByGrasp_1_extracted,Event_3,PhoneAccelerometer,PhoneAccelerometer_Event_3.data,1007,4,0,0,0,epoch milliseconds (2018-03-08 14:14:05.198000),5.0,
S8_PressByGrasp_1_extracted,Event_3,PhoneGravity,PhoneGravity_Event_3.data,1009,4,0,0,0,epoch milliseconds (2018-03-08 14:14:05.197000),5.0,
S8_PressByGrasp_1_extracted,Event_3,PhoneGyroscope,PhoneGyroscope_Event_3.data,1007,4,0,0,0,epoch milliseconds (2018-03-08 14:14:05.199000),5.0,
S8_PressByGrasp_1_extracted,Event_3,PhoneLinearAccelerometer,PhoneLinearAccelerometer_Event_3.data,1007,4,0,0,0,epoch milliseconds (2018-03-08 14:14:05.199000),5.0,
S8_PressByGrasp_1_extracted,Event_3,PhoneMagnetometer,PhoneMagnetometer_Event_3.data,500,4,0,0,0,epoch milliseconds (2018-03-08 14:14:05.207000),10.0,
S8_PressByGrasp_1_extracted,Event_3,android.sensor.accelerometer,android.sensor.accelerometer_Event_3.data,508,4,0,0,0,epoch milliseconds (2018-03-08 14:14:05.198000),10.0,
S8_PressByGrasp_1_extracted,Event_3,android.sensor.gyroscope,android.sensor.gyroscope_Event_3.data,507,4,0,0,0,epoch milliseconds (2018-03-08 14:14:05.205000),10.0,
S8_PressByGrasp_1_extracted,Event_4,JinsAccelerometer,JinsAccelerometer_Event_4.data,100,4,0,0,0,epoch milliseconds (2018-03-08 14:14:12.383000),53.0,
S8_PressByGrasp_1_extracted,Event_4,JinsBlinkSpeed,JinsBlinkSpeed_Event_4.data,100,2,0,0,0,epoch milliseconds (2018-03-08 14:14:12.383000),53.0,
S8_PressByGrasp_1_extracted,Event_4,JinsBlinkStrength,JinsBlinkStrength_Event_4.data,100,2,0,0,0,epoch milliseconds (2018-03-08 14:14:12.383000),53.0,
S8_PressByGrasp_1_extracted,Event_4,JinsEyeMovement,JinsEyeMovement_Event_4.data,100,5,0,0,0,epoch milliseconds (2018-03-08 14:14:12.383000),53.0,
S8_PressByGrasp_1_extracted,Event_4,JinsGyroscope,JinsGyroscope_Event_4.data,100,4,0,0,0,epoch milliseconds (2018-03-08 14:14:12.383000),53.0,
S8_PressByGrasp_1_extracted,Event_4,PhoneAccelerometer,PhoneAccelerometer_Event_4.data,1013,4,0,0,0,epoch milliseconds (2018-03-08 14:14:12.373000),5.0,
S8_PressByGrasp_1_extracted,Event_4,PhoneGravity,PhoneGravity_Event_4.data,1007,4,0,0,0,epoch milliseconds (2018-03-08 14:14:12.373000),5.0,
S8_PressByGrasp_1_extracted,Event_4,PhoneGyroscope,PhoneGyroscope_Event_4.data,1007,4,0,0,0,epoch milliseconds (2018-03-08 14:14:12.375000),5.0,
S8_PressByGrasp_1_extracted,Event_4,PhoneLinearAccelerometer,PhoneLinearAccelerometer_Event_4.data,1006,4,0,0,0,epoch milliseconds (2018-03-08 14:14:12.376000),5.0,
S8_PressByGrasp_1_extracted,Event_4,PhoneMagnetometer,PhoneMagnetometer_Event_4.data,502,4,0,0,0,epoch milliseconds (2018-03-08 14:14:12.374000),10.0,
S8_PressByGrasp_1_extracted,Event_4,android.sensor.accelerometer,android.sensor.accelerometer_Event_4.data,494,4,0,0,0,epoch milliseconds (2018-03-08 14:14:12.379000),10.0,
S8_PressByGrasp_1_extracted,Event_4,android.sensor.gyroscope,android.sensor.gyroscope_Event_4.data,494,4,0,0,0,epoch milliseconds (2018-03-08 14:14:12.376000),10.0,
S8_PressByGrasp_1_extracted,Event_5,JinsAccelerometer,JinsAccelerometer_Event_5.data,100,4,0,0,0,epoch milliseconds (2018-03-08 14:14:19.894000),52.0,
S8_PressByGrasp_1_extracted,Event_5,JinsBlinkSpeed,JinsBlinkSpeed_Event_5.data,100,2,0,0,0,epoch milliseconds (2018-03-08 14:14:19.894000),52.0,
S8_PressByGrasp_1_extracted,Event_5,JinsBlinkStrength,JinsBlinkStrength_Event_5.data,100,2,0,0,0,epoch milliseconds (2018-03-08 14:14:19.894000),52.0,
S8_PressByGrasp_1_extracted,Event_5,JinsEyeMovement,JinsEyeMovement_Event_5.data,100,5,0,0,0,epoch milliseconds (2018-03-08 14:14:19.894000),52.0,
S8_PressByGrasp_1_extracted,Event_5,JinsGyroscope,JinsGyroscope_Event_5.data,100,4,0,0,0,epoch milliseconds (2018-03-08 14:14:19.894000),52.0,
S8_PressByGrasp_1_extracted,Event_5,PhoneAccelerometer,PhoneAccelerometer_Event_5.data,1007,4,0,0,0,epoch milliseconds (2018-03-08 14:14:19.880000),5.0,
S8_PressByGrasp_1_extracted,Event_5,PhoneGravity,PhoneGravity_Event_5.data,1006,4,0,0,0,epoch milliseconds (2018-03-08 14:14:19.880000),5.0,
S8_PressByGrasp_1_extracted,Event_5,PhoneGyroscope,PhoneGyroscope_Event_5.data,1008,4,0,0,0,epoch milliseconds (2018-03-08 14:14:19.881000),5.0,
S8_PressByGrasp_1_extracted,Event_5,PhoneLinearAccelerometer,PhoneLinearAccelerometer_Event_5.data,1007,4,0,0,0,epoch milliseconds (2018-03-08 14:14:19.882000),5.0,
S8_PressByGrasp_1_extracted,Event_5,PhoneMagnetometer,PhoneMagnetometer_Event_5.data,499,4,0,0,0,epoch milliseconds (2018-03-08 14:14:19.885000),10.0,
S8_PressByGrasp_1_extracted,Event_5,android.sensor.accelerometer,android.sensor.accelerometer_Event_5.data,492,4,0,0,0,epoch milliseconds (2018-03-08 14:14:19.881000),10.0,
S8_PressByGrasp_1_extracted,Event_5,android.sensor.gyroscope,android.sensor.gyroscope_Event_5.data,495,4,0,0,0,epoch milliseconds (2018-03-08 14:14:19.880000),10.0,
S8_PressByGrasp_1_extracted,Event_6,JinsAccelerometer,JinsAccelerometer_Event_6.data,100,4,0,0,0,epoch milliseconds (2018-03-08 14:14:27.793000),52.0,
S8_PressByGrasp_1_extracted,Event_6,JinsBlinkSpeed,JinsBlinkSpeed_Event_6.data,100,2,0,0,0,epoch milliseconds (2018-03-08 14:14:27.793000),52.0,
S8_PressByGrasp_1_extracted,Event_6,JinsBlinkStrength,JinsBlinkStrength_Event_6.data,100,2,0,0,0,epoch milliseconds (2018-03-08 14:14:27.793000),52.0,
S8_PressByGrasp_1_extracted,Event_6,JinsEyeMovement,JinsEyeMovement_Event_6.data,100,5,0,0,0,epoch milliseconds (2018-03-08 14:14:27.793000),52.0,
S8_PressByGrasp_1_extracted,Event_6,JinsGyroscope,JinsGyroscope_Event_6.data,100,4,0,0,0,epoch milliseconds (2018-03-08 14:14:27.793000),52.0,
S8_PressByGrasp_1_extracted,Event_6,PhoneAccelerometer,PhoneAccelerometer_Event_6.data,1007,4,0,0,0,epoch milliseconds (2018-03-08 14:14:27.769000),5.0,
S8_PressByGrasp_1_extracted,Event_6,PhoneGravity,PhoneGravity_Event_6.data,1008,4,0,0,0,epoch milliseconds (2018-03-08 14:14:27.765000),5.0,
S8_PressByGrasp_1_extracted,Event_6,PhoneGyroscope,PhoneGyroscope_Event_6.data,1007,4,0,0,0,epoch milliseconds (2018-03-08 14:14:27.767000),5.0,
S8_PressByGrasp_1_extracted,Event_6,PhoneLinearAccelerometer,PhoneLinearAccelerometer_Event_6.data,1006,4,0,0,0,epoch milliseconds (2018-03-08 14:14:27.769000),5.0,
S8_PressByGrasp_1_extracted,Event_6,PhoneMagnetometer,PhoneMagnetometer_Event_6.data,501,4,0,0,0,epoch milliseconds (2018-03-08 14:14:27.773000),10.0,
S8_PressByGrasp_1_extracted,Event_6,android.sensor.accelerometer,android.sensor.accelerometer_Event_6.data,503,4,0,0,0,epoch milliseconds (2018-03-08 14:14:27.765000),10.0,
S8_PressByGrasp_1_extracted,Event_6,android.sensor.gyroscope,android.sensor.gyroscope_Event_6.data,503,4,0,0,0,epoch milliseconds (2018-03-08 14:14:27.774000),10.0,
S8_PressByGrasp_2_extracted,Event_0,JinsAccelerometer,JinsAccelerometer_Event_0.data,100,4,0,0,0,epoch milliseconds (2018-03-08 14:15:43.997000),52.0,
S8_PressByGrasp_2_extracted,Event_0,JinsBlinkSpeed,JinsBlinkSpeed_Event_0.data,100,2,0,0,0,epoch milliseconds (2018-03-08 14:15:43.997000),52.0,
S8_PressByGrasp_2_extracted,Event_0,JinsBlinkStrength,JinsBlinkStrength_Event_0.data,100,2,0,0,0,epoch milliseconds (2018-03-08 14:15:43.997000),52.0,
S8_PressByGrasp_2_extracted,Event_0,JinsEyeMovement,JinsEyeMovement_Event_0.data,100,5,0,0,0,epoch milliseconds (2018-03-08 14:15:43.997000),52.0,
S8_PressByGrasp_2_extracted,Event_0,JinsGyroscope,JinsGyroscope_Event_0.data,100,4,0,0,0,epoch milliseconds (2018-03-08 14:15:43.997000),52.0,
S8_PressByGrasp_2_extracted,Event_0,PhoneAccelerometer,PhoneAccelerometer_Event_0.data,1006,4,0,0,0,epoch milliseconds (2018-03-08 14:15:43.952000),5.0,
S8_PressByGrasp_2_extracted,Event_0,PhoneGravity,PhoneGravity_Event_0.data,1006,4,0,0,0,epoch milliseconds (2018-03-08 14:15:43.953000),5.0,
S8_PressByGrasp_2_extracted,Event_0,PhoneGyroscope,PhoneGyroscope_Event_0.data,1006,4,0,0,0,epoch milliseconds (2018-03-08 14:15:43.952000),5.0,
S8_PressByGrasp_2_extracted,Event_0,PhoneLinearAccelerometer,PhoneLinearAccelerometer_Event_0.data,1006,4,0,0,0,epoch milliseconds (2018-03-08 14:15:43.950000),5.0,
S8_PressByGrasp_2_extracted,Event_0,PhoneMagnetometer,PhoneMagnetometer_Event_0.data,501,4,0,0,0,epoch milliseconds (2018-03-08 14:15:43.953000),10.0,
S8_PressByGrasp_2_extracted,Event_0,android.sensor.accelerometer,android.sensor.accelerometer_Event_0.data,494,4,0,0,0,epoch milliseconds (2018-03-08 14:15:43.950000),10.0,
S8_PressByGrasp_2_extracted,Event_0,android.sensor.gyroscope,android.sensor.gyroscope_Event_0.data,494,4,0,0,0,epoch milliseconds (2018-03-08 14:15:43.949000),10.0,
S8_PressByGrasp_2_extracted,Event_1,JinsAccelerometer,JinsAccelerometer_Event_1.data,100,4,0,0,0,epoch milliseconds (2018-03-08 14:15:51.587000),53.0,
S8_PressByGrasp_2_extracted,Event_1,JinsBlinkSpeed,JinsBlinkSpeed_Event_1.data,100,2,0,0,0,epoch milliseconds (2018-03-08 14:15:51.587000),53.0,
S8_PressByGrasp_2_extracted,Event_1,JinsBlinkStrength,JinsBlinkStrength_Event_1.data,100,2,0,0,0,epoch milliseconds (2018-03-08 14:15:51.587000),53.0,
S8_PressByGrasp_2_extracted,Event_1,JinsEyeMovement,JinsEyeMovement_Event_1.data,100,5,0,0,0,epoch milliseconds (2018-03-08 14:15:51.587000),53.0,
S8_PressByGrasp_2_extracted,Event_1,JinsGyroscope,JinsGyroscope_Event_1.data,100,4,0,0,0,epoch milliseconds (2018-03-08 14:15:51.587000),53.0,
S8_PressByGrasp_2_extracted,Event_1,PhoneAccelerometer,PhoneAccelerometer_Event_1.data,1006,4,0,0,0,epoch milliseconds (2018-03-08 14:15:51.585000),5.0,
S8_PressByGrasp_2_extracted,Event_1,PhoneGravity,PhoneGravity_Event_1.data,1006,4,0,0,0,epoch milliseconds (2018-03-08 14:15:51.586000),5.0,
S8_PressByGrasp_2_extracted,Event_1,PhoneGyroscope,PhoneGyroscope_Event_1.data,1007,4,0,0,0,epoch milliseconds (2018-03-08 14:15:51.581000),5.0,
S8_PressByGrasp_2_extracted,Event_1,PhoneLinearAccelerometer,PhoneLinearAccelerometer_Event_1.data,1008,4,0,0,0,epoch milliseconds (2018-03-08 14:15:51.584000),5.0,
S8_PressByGrasp_2_extracted,Event_1,PhoneMagnetometer,PhoneMagnetometer_Event_1.data,500,4,0,0,0,epoch milliseconds (2018-03-08 14:15:51.589000),10.0,
S8_PressByGrasp_2_extracted,Event_1,android.sensor.accelerometer,android.sensor.accelerometer_Event_1.data,493,4,0,0,0,epoch milliseconds (2018-03-08 14:15:51.586000),10.0,
S8_PressByGrasp_2_extracted,Event_1,android.sensor.gyroscope,android.sensor.gyroscope_Event_1.data,492,4,0,0,0,epoch milliseconds (2018-03-08 14:15:51.584000),10.0,
S8_PressByGrasp_2_extracted,Event_2,JinsAccelerometer,JinsAccelerometer_Event_2.data,100,4,0,0,0,epoch milliseconds (2018-03-08 14:15:59.537000),53.0,
S8_PressByGrasp_2_extracted,Event_2,JinsBlinkSpeed,JinsBlinkSpeed_Event_2.data,100,2,0,0,0,epoch milliseconds (2018-03-08 14:15:59.537000),53.0,
S8_PressByGrasp_2_extracted,Event_2,JinsBlinkStrength,JinsBlinkStrength_Event_2.data,100,2,0,0,0,epoch milliseconds (2018-03-08 14:15:59.537000),53.0,
S8_PressByGrasp_2_extracted,Event_2,JinsEyeMovement,JinsEyeMovement_Event_2.data,100,5,0,0,0,epoch milliseconds (2018-03-08 14:15:59.537000),53.0,
S8_PressByGrasp_2_extracted,Event_2,JinsGyroscope,JinsGyroscope_Event_2.data,100,4,0,0,0,epoch milliseconds (2018-03-08 14:15:59.537000),53.0,
S8_PressByGrasp_2_extracted,Event_2,PhoneAccelerometer,PhoneAccelerometer_Event_2.data,1007,4,0,0,0,epoch milliseconds (2018-03-08 14:15:59.511000),5.0,
S8_PressByGrasp_2_extracted,Event_2,PhoneGravity,PhoneGravity_Event_2.data,1006,4,0,0,0,epoch milliseconds (2018-03-08 14:15:59.511000),5.0,
S8_PressByGrasp_2_extracted,Event_2,PhoneGyroscope,PhoneGyroscope_Event_2.data,1006,4,0,0,0,epoch milliseconds (2018-03-08 14:15:59.512000),5.0,
S8_PressByGrasp_2_extracted,Event_2,PhoneLinearAccelerometer,PhoneLinearAccelerometer_Event_2.data,1006,4,0,0,0,epoch milliseconds (2018-03-08 14:15:59.511000),5.0,
S8_PressByGrasp_2_extracted,Event_2,PhoneMagnetometer,PhoneMagnetometer_Event_2.data,501,4,0,0,0,epoch milliseconds (2018-03-08 14:15:59.511000),10.0,
S8_PressByGrasp_2_extracted,Event_2,android.sensor.accelerometer,android.sensor.accelerometer_Event_2.data,491,4,0,0,0,epoch milliseconds (2018-03-08 14:15:59.515000),10.0,
S8_PressByGrasp_2_extracted,Event_2,android.sensor.gyroscope,android.sensor.gyroscope_Event_2.data,494,4,0,0,0,epoch milliseconds (2018-03-08 14:15:59.516000),10.0,
S8_PressByGrasp_2_extracted,Event_3,JinsAccelerometer,JinsAccelerometer_Event_3.data,100,4,0,0,0,epoch milliseconds (2018-03-08 14:16:06.990000),52.0,
S8_PressByGrasp_2_extracted,Event_3,JinsBlinkSpeed,JinsBlinkSpeed_Event_3.data,100,2,0,0,0,epoch milliseconds (2018-03-08 14:16:06.990000),52.0,
S8_PressByGrasp_2_extracted,Event_3,JinsBlinkStrength,JinsBlinkStrength_Event_3.data,100,2,0,0,0,epoch milliseconds (2018-03-08 14:16:06.990000),52.0,
S8_PressByGrasp_2_extracted,Event_3,JinsEyeMovement,JinsEyeMovement_Event_3.data,100,5,0,0,0,epoch milliseconds (2018-03-08 14:16:06.990000),52.0,
S8_PressByGrasp_2_extracted,Event_3,JinsGyroscope,JinsGyroscope_Event_3.data,100,4,0,0,0,epoch milliseconds (2018-03-08 14:16:06.990000),52.0,
S8_PressByGrasp_2_extracted,Event_3,PhoneAccelerometer,PhoneAccelerometer_Event_3.data,1007,4,0,0,0,epoch milliseconds (2018-03-08 14:16:06.973000),5.0,
S8_PressByGrasp_2_extracted,Event_3,PhoneGravity,PhoneGravity_Event_3.data,1006,4,0,0,0,epoch milliseconds (2018-03-08 14:16:06.973000),5.0,
S8_PressByGrasp_2_extracted,Event_3,PhoneGyroscope,PhoneGyroscope_Event_3.data,1005,4,0,0,0,epoch milliseconds (2018-03-08 14:16:06.977000),5.0,
S8_PressByGrasp_2_extracted,Event_3,PhoneLinearAccelerometer,PhoneLinearAccelerometer_Event_3.data,1007,4,0,0,0,epoch milliseconds (2018-03-08 14:16:07.026000),5.0,
S8_PressByGrasp_2_extracted,Event_3,PhoneMagnetometer,PhoneMagnetometer_Event_3.data,501,4,0,0,0,epoch milliseconds (2018-03-08 14:16:06.976000),10.0,
S8_PressByGrasp_2_extracted,Event_3,android.sensor.accelerometer,android.sensor.accelerometer_Event_3.data,504,4,0,0,0,epoch milliseconds (2018-03-08 14:16:06.977000),10.0,
S8_PressByGrasp_2_extracted,Event_3,android.sensor.gyroscope,android.sensor.gyroscope_Event_3.data,505,4,0,0,0,epoch milliseconds (2018-03-08 14:16:06.975000),10.0,
S8_PressByGrasp_2_extracted,Event_4,JinsAccelerometer,JinsAccelerometer_Event_4.data,100,4,0,0,0,epoch milliseconds (2018-03-08 14:16:15.055000),52.0,
S8_PressByGrasp_2_extracted,Event_4,JinsBlinkSpeed,JinsBlinkSpeed_Event_4.data,100,2,0,0,0,epoch milliseconds (2018-03-08 14:16:15.055000),52.0,
S8_PressByGrasp_2_extracted,Event_4,JinsBlinkStrength,JinsBlinkStrength_Event_4.data,100,2,0,0,0,epoch milliseconds (2018-03-08 14:16:15.055000),52.0,
S8_PressByGrasp_2_extracted,Event_4,JinsEyeMovement,JinsEyeMovement_Event_4.data,100,5,0,0,0,epoch milliseconds (2018-03-08 14:16:15.055000),52.0,
S8_PressByGrasp_2_extracted,Event_4,JinsGyroscope,JinsGyroscope_Event_4.data,100,4,0,0,0,epoch milliseconds (2018-03-08 14:16:15.055000),52.0,
S8_PressByGrasp_2_extracted,Event_4,PhoneAccelerometer,PhoneAccelerometer_Event_4.data,1007,4,0,0,0,epoch milliseconds (2018-03-08 14:16:15.005000),5.0,
S8_PressByGrasp_2_extracted,Event_4,PhoneGravity,PhoneGravity_Event_4.data,1006,4,0,0,0,epoch milliseconds (2018-03-08 14:16:15.006000),5.0,
S8_PressByGrasp_2_extracted,Event_4,PhoneGyroscope,PhoneGyroscope_Event_4.data,1008,4,0,0,0,epoch milliseconds (2018-03-08 14:16:15.006000),5.0,
S8_PressByGrasp_2_extracted,Event_4,PhoneLinearAccelerometer,PhoneLinearAccelerometer_Event_4.data,1007,4,0,0,0,epoch milliseconds (2018-03-08 14:16:15.006000),5.0,
S8_PressByGrasp_2_extracted,Event_4,PhoneMagnetometer,PhoneMagnetometer_Event_4.data,501,4,0,0,0,epoch milliseconds (2018-03-08 14:16:15.007000),10.0,
S8_PressByGrasp_2_extracted,Event_4,android.sensor.accelerometer,android.sensor.accelerometer_Event_4.data,505,4,0,0,0,epoch milliseconds (2018-03-08 14:16:15.011000),10.0,
S8_PressByGrasp_2_extracted,Event_4,android.sensor.gyroscope,android.sensor.gyroscope_Event_4.data,505,4,0,0,0,epoch milliseconds (2018-03-08 14:16:15.009000),10.0,
S8_PressByGrasp_2_extracted,Event_5,JinsAccelerometer,JinsAccelerometer_Event_5.data,100,4,0,0,0,epoch milliseconds (2018-03-08 14:16:22.691000),52.0,
S8_PressByGrasp_2_extracted,Event_5,JinsBlinkSpeed,JinsBlinkSpeed_Event_5.data,100,2,0,0,0,epoch milliseconds (2018-03-08 14:16:22.691000),52.0,
S8_PressByGrasp_2_extracted,Event_5,JinsBlinkStrength,JinsBlinkStrength_Event_5.data,100,2,0,0,0,epoch milliseconds (2018-03-08 14:16:22.691000),52.0,
S8_PressByGrasp_2_extracted,Event_5,JinsEyeMovement,JinsEyeMovement_Event_5.data,100,5,0,0,0,epoch milliseconds (2018-03-08 14:16:22.691000),52.0,
S8_PressByGrasp_2_extracted,Event_5,JinsGyroscope,JinsGyroscope_Event_5.data,100,4,0,0,0,epoch milliseconds (2018-03-08 14:16:22.691000),52.0,
S8_PressByGrasp_2_extracted,Event_5,PhoneAccelerometer,PhoneAccelerometer_Event_5.data,1007,4,0,0,0,epoch milliseconds (2018-03-08 14:16:22.685000),5.0,
S8_PressByGrasp_2_extracted,Event_5,PhoneGravity,PhoneGravity_Event_5.data,1009,4,0,0,0,epoch milliseconds (2018-03-08 14:16:22.687000),5.0,
S8_PressByGrasp_2_extracted,Event_5,PhoneGyroscope,PhoneGyroscope_Event_5.data,1007,4,0,0,0,epoch milliseconds (2018-03-08 14:16:22.687000),5.0,
S8_PressByGrasp_2_extracted,Event_5,PhoneLinearAccelerometer,PhoneLinearAccelerometer_Event_5.data,1009,4,0,0,0,epoch milliseconds (2018-03-08 14:16:22.687000),5.0,
S8_PressByGrasp_2_extracted,Event_5,PhoneMagnetometer,PhoneMagnetometer_Event_5.data,499,4,0,0,0,epoch milliseconds (2018-03-08 14:16:22.690000),10.0,
S8_PressByGrasp_2_extracted,Event_5,android.sensor.accelerometer,android.sensor.accelerometer_Event_5.data,501,4,0,0,0,epoch milliseconds (2018-03-08 14:16:22.685000),10.0,
S8_PressByGrasp_2_extracted,Event_5,android.sensor.gyroscope,android.sensor.gyroscope_Event_5.data,501,4,0,0,0,epoch milliseconds (2018-03-08 14:16:22.691000),10.0,
S8_PressByGrasp_2_extracted,Event_6,JinsAccelerometer,JinsAccelerometer_Event_6.data,101,4,0,0,0,epoch milliseconds (2018-03-08 14:16:30.095000),52.0,
S8_PressByGrasp_2_extracted,Event_6,JinsBlinkSpeed,JinsBlinkSpeed_Event_6.data,101,2,0,0,0,epoch milliseconds (2018-03-08 14:16:30.095000),52.0,
S8_PressByGrasp_2_extracted,Event_6,JinsBlinkStrength,JinsBlinkStrength_Event_6.data,101,2,0,0,0,epoch milliseconds (2018-03-08 14:16:30.095000),52.0,
S8_PressByGrasp_2_extracted,Event_6,JinsEyeMovement,JinsEyeMovement_Event_6.data,101,5,0,0,0,epoch milliseconds (2018-03-08 14:16:30.095000),52.0,
S8_PressByGrasp_2_extracted,Event_6,JinsGyroscope,JinsGyroscope_Event_6.data,101,4,0,0,0,epoch milliseconds (2018-03-08 14:16:30.095000),52.0,
S8_PressByGrasp_2_extracted,Event_6,PhoneAccelerometer,PhoneAccelerometer_Event_6.data,1008,4,0,0,0,epoch milliseconds (2018-03-08 14:16:30.088000),5.0,
S8_PressByGrasp_2_extracted,Event_6,PhoneGravity,PhoneGravity_Event_6.data,1006,4,0,0,0,epoch milliseconds (2018-03-08 14:16:30.087000),5.0,
S8_PressByGrasp_2_extracted,Event_6,PhoneGyroscope,PhoneGyroscope_Event_6.data,1006,4,0,0,0,epoch milliseconds (2018-03-08 14:16:30.086000),5.0,
S8_PressByGrasp_2_extracted,Event_6,PhoneLinearAccelerometer,PhoneLinearAccelerometer_Event_6.data,1006,4,0,0,0,epoch milliseconds (2018-03-08 14:16:30.087000),5.0,
S8_PressByGrasp_2_extracted,Event_6,PhoneMagnetometer,PhoneMagnetometer_Event_6.data,507,4,0,0,0,epoch milliseconds (2018-03-08 14:16:30.088000),10.0,
S8_PressByGrasp_2_extracted,Event_6,android.sensor.accelerometer,android.sensor.accelerometer_Event_6.data,500,4,0,0,0,epoch milliseconds (2018-03-08 14:16:30.094000),10.0,
S8_PressByGrasp_2_extracted,Event_6,android.sensor.gyroscope,android.sensor.gyroscope_Event_6.data,501,4,0,0,0,epoch milliseconds (2018-03-08 14:16:30.086000),10.0,
S8_Pressfromtop_1_extracted,Event_0,JinsAccelerometer,JinsAccelerometer_Event_0.data,101,4,0,0,0,epoch milliseconds (2018-03-08 16:01:04.856000),52.0,
S8_Pressfromtop_1_extracted,Event_0,JinsBlinkSpeed,JinsBlinkSpeed_Event_0.data,101,2,0,0,0,epoch milliseconds (2018-03-08 16:01:04.856000),52.0,
S8_Pressfromtop_1_extracted,Event_0,JinsBlinkStrength,JinsBlinkStrength_Event_0.data,101,2,0,0,0,epoch milliseconds (2018-03-08 16:01:04.856000),52.0,
S8_Pressfromtop_1_extracted,Event_0,JinsEyeMovement,JinsEyeMovement_Event_0.data,101,5,0,0,0,epoch milliseconds (2018-03-08 16:01:04.856000),52.0,
S8_Pressfromtop_1_extracted,Event_0,JinsGyroscope,JinsGyroscope_Event_0.data,101,4,0,0,0,epoch milliseconds (2018-03-08 16:01:04.856000),52.0,
S8_Pressfromtop_1_extracted,Event_0,PhoneAccelerometer,PhoneAccelerometer_Event_0.data,1013,4,0,0,0,epoch milliseconds (2018-03-08 16:01:04.834000),5.0,
S8_Pressfromtop_1_extracted,Event_0,PhoneGravity,PhoneGravity_Event_0.data,1002,4,0,0,0,epoch milliseconds (2018-03-08 16:01:04.836000),5.0,
S8_Pressfromtop_1_extracted,Event_0,PhoneGyroscope,PhoneGyroscope_Event_0.data,1001,4,0,0,0,epoch milliseconds (2018-03-08 16:01:04.835000),5.0,
S8_Pressfromtop_1_extracted,Event_0,PhoneLinearAccelerometer,PhoneLinearAccelerometer_Event_0.data,1003,4,0,0,0,epoch milliseconds (2018-03-08 16:01:04.834000),5.0,
S8_Pressfromtop_1_extracted,Event_0,PhoneMagnetometer,PhoneMagnetometer_Event_0.data,501,4,0,0,0,epoch milliseconds (2018-03-08 16:01:04.839000),10.0,
S8_Pressfromtop_1_extracted,Event_0,android.sensor.accelerometer,android.sensor.accelerometer_Event_0.data,503,4,0,0,0,epoch milliseconds (2018-03-08 16:01:04.834000),10.0,
S8_Pressfromtop_1_extracted,Event_0,android.sensor.gyroscope,android.sensor.gyroscope_Event_0.data,502,4,0,0,0,epoch milliseconds (2018-03-08 16:01:04.842000),10.0,
S8_Pressfromtop_1_extracted,Event_1,JinsAccelerometer,JinsAccelerometer_Event_1.data,100,4,0,0,0,epoch milliseconds (2018-03-08 16:01:12.997000),53.0,
S8_Pressfromtop_1_extracted,Event_1,JinsBlinkSpeed,JinsBlinkSpeed_Event_1.data,100,2,0,0,0,epoch milliseconds (2018-03-08 16:01:12.997000),53.0,
S8_Pressfromtop_1_extracted,Event_1,JinsBlinkStrength,JinsBlinkStrength_Event_1.data,100,2,0,0,0,epoch milliseconds (2018-03-08 16:01:12.997000),53.0,
S8_Pressfromtop_1_extracted,Event_1,JinsEyeMovement,JinsEyeMovement_Event_1.data,100,5,0,0,0,epoch milliseconds (2018-03-08 16:01:12.997000),53.0,
S8_Pressfromtop_1_extracted,Event_1,JinsGyroscope,JinsGyroscope_Event_1.data,100,4,0,0,0,epoch milliseconds (2018-03-08 16:01:12.997000),53.0,
S8_Pressfromtop_1_extracted,Event_1,PhoneAccelerometer,PhoneAccelerometer_Event_1.data,1007,4,0,0,0,epoch milliseconds (2018-03-08 16:01:12.994000),5.0,
S8_Pressfromtop_1_extracted,Event_1,PhoneGravity,PhoneGravity_Event_1.data,1007,4,0,0,0,epoch milliseconds (2018-03-08 16:01:12.995000),5.0,
S8_Pressfromtop_1_extracted,Event_1,PhoneGyroscope,PhoneGyroscope_Event_1.data,1007,4,0,0,0,epoch milliseconds (2018-03-08 16:01:12.994000),5.0,
S8_Pressfromtop_1_extracted,Event_1,PhoneLinearAccelerometer,PhoneLinearAccelerometer_Event_1.data,1008,4,0,0,0,epoch milliseconds (2018-03-08 16:01:12.993000),5.0,
S8_Pressfromtop_1_extracted,Event_1,PhoneMagnetometer,PhoneMagnetometer_Event_1.data,501,4,0,0,0,epoch milliseconds (2018-03-08 16:01:12.993000),10.0,
S8_Pressfromtop_1_extracted,Event_1,android.sensor.accelerometer,android.sensor.accelerometer_Event_1.data,500,4,0,0,0,epoch milliseconds (2018-03-08 16:01:13.001000),10.0,
S8_Pressfromtop_1_extracted,Event_1,android.sensor.gyroscope,android.sensor.gyroscope_Event_1.data,499,4,0,0,0,epoch milliseconds (2018-03-08 16:01:13),10.0,
S8_Pressfromtop_1_extracted,Event_2,JinsAccelerometer,JinsAccelerometer_Event_2.data,100,4,0,0,0,epoch milliseconds (2018-03-08 16:01:20.977000),53.0,
S8_Pressfromtop_1_extracted,Event_2,JinsBlinkSpeed,JinsBlinkSpeed_Event_2.data,100,2,0,0,0,epoch milliseconds (2018-03-08 16:01:20.977000),53.0,
S8_Pressfromtop_1_extracted,Event_2,JinsBlinkStrength,JinsBlinkStrength_Event_2.data,100,2,0,0,0,epoch milliseconds (2018-03-08 16:01:20.977000),53.0,
S8_Pressfromtop_1_extracted,Event_2,JinsEyeMovement,JinsEyeMovement_Event_2.data,100,5,0,0,0,epoch milliseconds (2018-03-08 16:01:20.977000),53.0,
S8_Pressfromtop_1_extracted,Event_2,JinsGyroscope,JinsGyroscope_Event_2.data,100,4,0,0,0,epoch milliseconds (2018-03-08 16:01:20.977000),53.0,
S8_Pressfromtop_1_extracted,Event_2,PhoneAccelerometer,PhoneAccelerometer_Event_2.data,1008,4,0,0,0,epoch milliseconds (2018-03-08 16:01:20.946000),5.0,
S8_Pressfromtop_1_extracted,Event_2,PhoneGravity,PhoneGravity_Event_2.data,1008,4,0,0,0,epoch milliseconds (2018-03-08 16:01:20.946000),5.0,
S8_Pressfromtop_1_extracted,Event_2,PhoneGyroscope,PhoneGyroscope_Event_2.data,1007,4,0,0,0,epoch milliseconds (2018-03-08 16:01:20.946000),5.0,
S8_Pressfromtop_1_extracted,Event_2,PhoneLinearAccelerometer,PhoneLinearAccelerometer_Event_2.data,1007,4,0,0,0,epoch milliseconds (2018-03-08 16:01:20.949000),5.0,
S8_Pressfromtop_1_extracted,Event_2,PhoneMagnetometer,PhoneMagnetometer_Event_2.data,501,4,0,0,0,epoch milliseconds (2018-03-08 16:01:20.950000),10.0,
S8_Pressfromtop_1_extracted,Event_2,android.sensor.accelerometer,android.sensor.accelerometer_Event_2.data,495,4,0,0,0,epoch milliseconds (2018-03-08 16:01:20.952000),10.0,
S8_Pressfromtop_1_extracted,Event_2,android.sensor.gyroscope,android.sensor.gyroscope_Event_2.data,495,4,0,0,0,epoch milliseconds (2018-03-08 16:01:20.950000),10.0,
S8_Pressfromtop_1_extracted,Event_3,JinsAccelerometer,JinsAccelerometer_Event_3.data,100,4,0,0,0,epoch milliseconds (2018-03-08 16:01:28.661000),52.0,
S8_Pressfromtop_1_extracted,Event_3,JinsBlinkSpeed,JinsBlinkSpeed_Event_3.data,100,2,0,0,0,epoch milliseconds (2018-03-08 16:01:28.661000),52.0,
S8_Pressfromtop_1_extracted,Event_3,JinsBlinkStrength,JinsBlinkStrength_Event_3.data,100,2,0,0,0,epoch milliseconds (2018-03-08 16:01:28.661000),52.0,
S8_Pressfromtop_1_extracted,Event_3,JinsEyeMovement,JinsEyeMovement_Event_3.data,100,5,0,0,0,epoch milliseconds (2018-03-08 16:01:28.661000),52.0,
S8_Pressfromtop_1_extracted,Event_3,JinsGyroscope,JinsGyroscope_Event_3.data,100,4,0,0,0,epoch milliseconds (2018-03-08 16:01:28.661000),52.0,
S8_Pressfromtop_1_extracted,Event_3,PhoneAccelerometer,PhoneAccelerometer_Event_3.data,1004,4,0,0,0,epoch milliseconds (2018-03-08 16:01:28.643000),5.0,
S8_Pressfromtop_1_extracted,Event_3,PhoneGravity,PhoneGravity_Event_3.data,1007,4,0,0,0,epoch milliseconds (2018-03-08 16:01:28.645000),5.0,
S8_Pressfromtop_1_extracted,Event_3,PhoneGyroscope,PhoneGyroscope_Event_3.data,1008,4,0,0,0,epoch milliseconds (2018-03-08 16:01:28.641000),5.0,
S8_Pressfromtop_1_extracted,Event_3,PhoneLinearAccelerometer,PhoneLinearAccelerometer_Event_3.data,1006,4,0,0,0,epoch milliseconds (2018-03-08 16:01:28.644000),5.0,
S8_Pressfromtop_1_extracted,Event_3,PhoneMagnetometer,PhoneMagnetometer_Event_3.data,500,4,0,0,0,epoch milliseconds (2018-03-08 16:01:28.647000),10.0,
S8_Pressfromtop_1_extracted,Event_3,android.sensor.accelerometer,android.sensor.accelerometer_Event_3.data,493,4,0,0,0,epoch milliseconds (2018-03-08 16:01:28.646000),10.0,
S8_Pressfromtop_1_extracted,Event_3,android.sensor.gyroscope,android.sensor.gyroscope_Event_3.data,493,4,0,0,0,epoch milliseconds (2018-03-08 16:01:28.646000),10.0,
S8_Pressfromtop_1_extracted,Event_4,JinsAccelerometer,JinsAccelerometer_Event_4.data,100,4,0,0,0,epoch milliseconds (2018-03-08 16:01:37.140000),52.0,
S8_Pressfromtop_1_extracted,Event_4,JinsBlinkSpeed,JinsBlinkSpeed_Event_4.data,100,2,0,0,0,epoch milliseconds (2018-03-08 16:01:37.140000),52.0,
S8_Pressfromtop_1_extracted,Event_4,JinsBlinkStrength,JinsBlinkStrength_Event_4.data,100,2,0,0,0,epoch milliseconds (2018-03-08 16:01:37.140000),52.0,
S8_Pressfromtop_1_extracted,Event_4,JinsEyeMovement,JinsEyeMovement_Event_4.data,100,5,0,0,0,epoch milliseconds (2018-03-08 16:01:37.140000),52.0,
S8_Pressfromtop_1_extracted,Event_4,JinsGyroscope,JinsGyroscope_Event_4.data,100,4,0,0,0,epoch milliseconds (2018-03-08 16:01:37.140000),52.0,
S8_Pressfromtop_1_extracted,Event_4,PhoneAccelerometer,PhoneAccelerometer_Event_4.data,989,4,0,0,0,epoch milliseconds (2018-03-08 16:01:37.137000),5.0,
S8_Pressfromtop_1_extracted,Event_4,PhoneGravity,PhoneGravity_Event_4.data,999,4,0,0,0,epoch milliseconds (2018-03-08 16:01:37.141000),5.0,
S8_Pressfromtop_1_extracted,Event_4,PhoneGyroscope,PhoneGyroscope_Event_4.data,1001,4,0,0,0,epoch milliseconds (2018-03-08 16:01:37.139000),5.0,
S8_Pressfromtop_1_extracted,Event_4,PhoneLinearAccelerometer,PhoneLinearAccelerometer_Event_4.data,1004,4,0,0,0,epoch milliseconds (2018-03-08 16:01:37.139000),5.0,
S8_Pressfromtop_1_extracted,Event_4,PhoneMagnetometer,PhoneMagnetometer_Event_4.data,499,4,0,0,0,epoch milliseconds (2018-03-08 16:01:37.145000),10.0,
S8_Pressfromtop_1_extracted,Event_4,android.sensor.accelerometer,android.sensor.accelerometer_Event_4.data,491,4,0,0,0,epoch milliseconds (2018-03-08 16:01:37.140000),10.0,
S8_Pressfromtop_1_extracted,Event_4,android.sensor.gyroscope,android.sensor.gyroscope_Event_4.data,489,4,0,0,0,epoch milliseconds (2018-03-08 16:01:37.140000),10.0,
S8_Pressfromtop_1_extracted,Event_5,JinsAccelerometer,JinsAccelerometer_Event_5.data,100,4,0,0,0,epoch milliseconds (2018-03-08 16:01:45.909000),52.0,
S8_Pressfromtop_1_extracted,Event_5,JinsBlinkSpeed,JinsBlinkSpeed_Event_5.data,100,2,0,0,0,epoch milliseconds (2018-03-08 16:01:45.909000),52.0,
S8_Pressfromtop_1_extracted,Event_5,JinsBlinkStrength,JinsBlinkStrength_Event_5.data,100,2,0,0,0,epoch milliseconds (2018-03-08 16:01:45.909000),52.0,
S8_Pressfromtop_1_extracted,Event_5,JinsEyeMovement,JinsEyeMovement_Event_5.data,100,5,0,0,0,epoch milliseconds (2018-03-08 16:01:45.909000),52.0,
S8_Pressfromtop_1_extracted,Event_5,JinsGyroscope,JinsGyroscope_Event_5.data,100,4,0,0,0,epoch milliseconds (2018-03-08 16:01:45.909000),52.0,
S8_Pressfromtop_1_extracted,Event_5,PhoneAccelerometer,PhoneAccelerometer_Event_5.data,1007,4,0,0,0,epoch milliseconds (2018-03-08 16:01:45.884000),5.0,
S8_Pressfromtop_1_extracted,Event_5,PhoneGravity,PhoneGravity_Event_5.data,1019,4,0,0,0,epoch milliseconds (2018-03-08 16:01:45.882000),5.0,
S8_Pressfromtop_1_extracted,Event_5,PhoneGyroscope,PhoneGyroscope_Event_5.data,1015,4,0,0,0,epoch milliseconds (2018-03-08 16:01:45.881000),5.0,
S8_Pressfromtop_1_extracted,Event_5,PhoneLinearAccelerometer,PhoneLinearAccelerometer_Event_5.data,1015,4,0,0,0,epoch milliseconds (2018-03-08 16:01:45.885000),5.0,
S8_Pressfromtop_1_extracted,Event_5,PhoneMagnetometer,PhoneMagnetometer_Event_5.data,501,4,0,0,0,epoch milliseconds (2018-03-08 16:01:45.886000),10.0,
S8_Pressfromtop_1_extracted,Event_5,android.sensor.accelerometer,android.sensor.accelerometer_Event_5.data,497,4,0,0,0,epoch milliseconds (2018-03-08 16:01:45.885000),10.0,
S8_Pressfromtop_1_extracted,Event_5,android.sensor.gyroscope,android.sensor.gyroscope_Event_5.data,498,4,0,0,0,epoch milliseconds (2018-03-08 16:01:45.883000),10.0,
S8_Pressfromtop_1_extracted,Event_6,JinsAccelerometer,JinsAccelerometer_Event_6.data,100,4,0,0,0,epoch milliseconds (2018-03-08 16:01:54.283000),52.0,
S8_Pressfromtop_1_extracted,Event_6,JinsBlinkSpeed,JinsBlinkSpeed_Event_6.data,100,2,0,0,0,epoch milliseconds (2018-03-08 16:01:54.283000),52.0,
S8_Pressfromtop_1_extracted,Event_6,JinsBlinkStrength,JinsBlinkStrength_Event_6.data,100,2,0,0,0,epoch milliseconds (2018-03-08 16:01:54.283000),52.0,
S8_Pressfromtop_1_extracted,Event_6,JinsEyeMovement,JinsEyeMovement_Event_6.data,100,5,0,0,0,epoch milliseconds (2018-03-08 16:01:54.283000),52.0,
S8_Pressfromtop_1_extracted,Event_6,JinsGyroscope,JinsGyroscope_Event_6.data,100,4,0,0,0,epoch milliseconds (2018-03-08 16:01:54.283000),52.0,
S8_Pressfromtop_1_extracted,Event_6,PhoneAccelerometer,PhoneAccelerometer_Event_6.data,1006,4,0,0,0,epoch milliseconds (2018-03-08 16:01:54.274000),5.0,
S8_Pressfromtop_1_extracted,Event_6,PhoneGravity,PhoneGravity_Event_6.data,1007,4,0,0,0,epoch milliseconds (2018-03-08 16:01:54.276000),5.0,
S8_Pressfromtop_1_extracted,Event_6,PhoneGyroscope,PhoneGyroscope_Event_6.data,1008,4,0,0,0,epoch milliseconds (2018-03-08 16:01:54.273000),5.0,
S8_Pressfromtop_1_extracted,Event_6,PhoneLinearAccelerometer,PhoneLinearAccelerometer_Event_6.data,1007,4,0,0,0,epoch milliseconds (2018-03-08 16:01:54.273000),5.0,
S8_Pressfromtop_1_extracted,Event_6,PhoneMagnetometer,PhoneMagnetometer_Event_6.data,501,4,0,0,0,epoch milliseconds (2018-03-08 16:01:54.277000),10.0,
S8_Pressfromtop_1_extracted,Event_6,android.sensor.accelerometer,android.sensor.accelerometer_Event_6.data,493,4,0,0,0,epoch milliseconds (2018-03-08 16:01:54.281000),10.0,
S8_Pressfromtop_1_extracted,Event_6,android.sensor.gyroscope,android.sensor.gyroscope_Event_6.data,495,4,0,0,0,epoch milliseconds (2018-03-08 16:01:54.279000),10.0,
S8_Pressfromtop_2_extracted,Event_0,JinsAccelerometer,JinsAccelerometer_Event_0.data,100,4,0,0,0,epoch milliseconds (2018-03-08 16:03:21.567000),53.0,
S8_Pressfromtop_2_extracted,Event_0,JinsBlinkSpeed,JinsBlinkSpeed_Event_0.data,100,2,0,0,0,epoch milliseconds (2018-03-08 16:03:21.567000),53.0,
S8_Pressfromtop_2_extracted,Event_0,JinsBlinkStrength,JinsBlinkStrength_Event_0.data,100,2,0,0,0,epoch milliseconds (2018-03-08 16:03:21.567000),53.0,
S8_Pressfromtop_2_extracted,Event_0,JinsEyeMovement,JinsEyeMovement_Event_0.data,100,5,0,0,0,epoch milliseconds (2018-03-08 16:03:21.567000),53.0,
S8_Pressfromtop_2_extracted,Event_0,JinsGyroscope,JinsGyroscope_Event_0.data,100,4,0,0,0,epoch milliseconds (2018-03-08 16:03:21.567000),53.0,
S8_Pressfromtop_2_extracted,Event_0,PhoneAccelerometer,PhoneAccelerometer_Event_0.data,1008,4,0,0,0,epoch milliseconds (2018-03-08 16:03:21.561000),5.0,
S8_Pressfromtop_2_extracted,Event_0,PhoneGravity,PhoneGravity_Event_0.data,1007,4,0,0,0,epoch milliseconds (2018-03-08 16:03:21.561000),5.0,
S8_Pressfromtop_2_extracted,Event_0,PhoneGyroscope,PhoneGyroscope_Event_0.data,1010,4,0,0,0,epoch milliseconds (2018-03-08 16:03:21.561000),5.0,
S8_Pressfromtop_2_extracted,Event_0,PhoneLinearAccelerometer,PhoneLinearAccelerometer_Event_0.data,1008,4,0,0,0,epoch milliseconds (2018-03-08 16:03:21.564000),5.0,
S8_Pressfromtop_2_extracted,Event_0,PhoneMagnetometer,PhoneMagnetometer_Event_0.data,502,4,0,0,0,epoch milliseconds (2018-03-08 16:03:21.569000),10.0,
S8_Pressfromtop_2_extracted,Event_0,android.sensor.accelerometer,android.sensor.accelerometer_Event_0.data,499,4,0,0,0,epoch milliseconds (2018-03-08 16:03:21.566000),10.0,
S8_Pressfromtop_2_extracted,Event_0,android.sensor.gyroscope,android.sensor.gyroscope_Event_0.data,499,4,0,0,0,epoch milliseconds (2018-03-08 16:03:21.562000),10.0,
S8_Pressfromtop_2_extracted,Event_1,JinsAccelerometer,JinsAccelerometer_Event_1.data,100,4,0,0,0,epoch milliseconds (2018-03-08 16:03:30.659000),52.0,
S8_Pressfromtop_2_extracted,Event_1,JinsBlinkSpeed,JinsBlinkSpeed_Event_1.data,100,2,0,0,0,epoch milliseconds (2018-03-08 16:03:30.659000),52.0,
S8_Pressfromtop_2_extracted,Event_1,JinsBlinkStrength,JinsBlinkStrength_Event_1.data,100,2,0,0,0,epoch milliseconds (2018-03-08 16:03:30.659000),52.0,
S8_Pressfromtop_2_extracted,Event_1,JinsEyeMovement,JinsEyeMovement_Event_1.data,100,5,0,0,0,epoch milliseconds (2018-03-08 16:03:30.659000),52.0,
S8_Pressfromtop_2_extracted,Event_1,JinsGyroscope,JinsGyroscope_Event_1.data,100,4,0,0,0,epoch milliseconds (2018-03-08 16:03:30.659000),52.0,
S8_Pressfromtop_2_extracted,Event_1,PhoneAccelerometer,PhoneAccelerometer_Event_1.data,1006,4,0,0,0,epoch milliseconds (2018-03-08 16:03:30.654000),5.0,
S8_Pressfromtop_2_extracted,Event_1,PhoneGravity,PhoneGravity_Event_1.data,1008,4,0,0,0,epoch milliseconds (2018-03-08 16:03:30.652000),5.0,
S8_Pressfromtop_2_extracted,Event_1,PhoneGyroscope,PhoneGyroscope_Event_1.data,1006,4,0,0,0,epoch milliseconds (2018-03-08 16:03:30.652000),5.0,
S8_Pressfromtop_2_extracted,Event_1,PhoneLinearAccelerometer,PhoneLinearAccelerometer_Event_1.data,1007,4,0,0,0,epoch milliseconds (2018-03-08 16:03:30.650000),5.0,
S8_Pressfromtop_2_extracted,Event_1,PhoneMagnetometer,PhoneMagnetometer_Event_1.data,501,4,0,0,0,epoch milliseconds (2018-03-08 16:03:30.652000),10.0,
S8_Pressfromtop_2_extracted,Event_1,android.sensor.accelerometer,android.sensor.accelerometer_Event_1.data,504,4,0,0,0,epoch milliseconds (2018-03-08 16:03:30.658000),10.0,
S8_Pressfromtop_2_extracted,Event_1,android.sensor.gyroscope,android.sensor.gyroscope_Event_1.data,505,4,0,0,0,epoch milliseconds (2018-03-08 16:03:30.649000),10.0,
S8_Pressfromtop_2_extracted,Event_2,JinsAccelerometer,JinsAccelerometer_Event_2.data,100,4,0,0,0,epoch milliseconds (2018-03-08 16:03:40.016000),52.0,
S8_Pressfromtop_2_extracted,Event_2,JinsBlinkSpeed,JinsBlinkSpeed_Event_2.data,100,2,0,0,0,epoch milliseconds (2018-03-08 16:03:40.016000),52.0,
S8_Pressfromtop_2_extracted,Event_2,JinsBlinkStrength,JinsBlinkStrength_Event_2.data,100,2,0,0,0,epoch milliseconds (2018-03-08 16:03:40.016000),52.0,
S8_Pressfromtop_2_extracted,Event_2,JinsEyeMovement,JinsEyeMovement_Event_2.data,100,5,0,0,0,epoch milliseconds (2018-03-08 16:03:40.016000),52.0,
S8_Pressfromtop_2_extracted,Event_2,JinsGyroscope,JinsGyroscope_Event_2.data,100,4,0,0,0,epoch milliseconds (2018-03-08 16:03:40.016000),52.0,
S8_Pressfromtop_2_extracted,Event_2,PhoneAccelerometer,PhoneAccelerometer_Event_2.data,1007,4,0,0,0,epoch milliseconds (2018-03-08 16:03:39.997000),5.0,
S8_Pressfromtop_2_extracted,Event_2,PhoneGravity,PhoneGravity_Event_2.data,1009,4,0,0,0,epoch milliseconds (2018-03-08 16:03:39.996000),5.0,
S8_Pressfromtop_2_extracted,Event_2,PhoneGyroscope,PhoneGyroscope_Event_2.data,1007,4,0,0,0,epoch milliseconds (2018-03-08 16:03:39.993000),5.0,
S8_Pressfromtop_2_extracted,Event_2,PhoneLinearAccelerometer,PhoneLinearAccelerometer_Event_2.data,1009,4,0,0,0,epoch milliseconds (2018-03-08 16:03:39.994000),5.0,
S8_Pressfromtop_2_extracted,Event_2,PhoneMagnetometer,PhoneMagnetometer_Event_2.data,500,4,0,0,0,epoch milliseconds (2018-03-08 16:03:39.997000),10.0,
S8_Pressfromtop_2_extracted,Event_2,android.sensor.accelerometer,android.sensor.accelerometer_Event_2.data,496,4,0,0,0,epoch milliseconds (2018-03-08 16:03:39.997000),10.0,
S8_Pressfromtop_2_extracted,Event_2,android.sensor.gyroscope,android.sensor.gyroscope_Event_2.data,497,4,0,0,0,epoch milliseconds (2018-03-08 16:03:39.996000),10.0,
S8_Pressfromtop_2_extracted,Event_3,JinsAccelerometer,JinsAccelerometer_Event_3.data,100,4,0,0,0,epoch milliseconds (2018-03-08 16:03:50.911000),52.0,
S8_Pressfromtop_2_extracted,Event_3,JinsBlinkSpeed,JinsBlinkSpeed_Event_3.data,100,2,0,0,0,epoch milliseconds (2018-03-08 16:03:50.911000),52.0,
S8_Pressfromtop_2_extracted,Event_3,JinsBlinkStrength,JinsBlinkStrength_Event_3.data,100,2,0,0,0,epoch milliseconds (2018-03-08 16:03:50.911000),52.0,
S8_Pressfromtop_2_extracted,Event_3,JinsEyeMovement,JinsEyeMovement_Event_3.data,100,5,0,0,0,epoch milliseconds (2018-03-08 16:03:50.911000),52.0,
S8_Pressfromtop_2_extracted,Event_3,JinsGyroscope,JinsGyroscope_Event_3.data,100,4,0,0,0,epoch milliseconds (2018-03-08 16:03:50.911000),52.0,
S8_Pressfromtop_2_extracted,Event_3,PhoneAccelerometer,PhoneAccelerometer_Event_3.data,1014,4,0,0,0,epoch milliseconds (2018-03-08 16:03:51.788000),5.0,
S8_Pressfromtop_2_extracted,Event_3,PhoneGravity,PhoneGravity_Event_3.data,1001,4,0,0,0,epoch milliseconds (2018-03-08 16:03:51.800000),5.0,
S8_Pressfromtop_2_extracted,Event_3,PhoneGyroscope,PhoneGyroscope_Event_3.data,1003,4,0,0,0,epoch milliseconds (2018-03-08 16:03:50.867000),5.0,
S8_Pressfromtop_2_extracted,Event_3,PhoneLinearAccelerometer,PhoneLinearAccelerometer_Event_3.data,1004,4,0,0,0,epoch milliseconds (2018-03-08 16:03:50.867000),5.0,
S8_Pressfromtop_2_extracted,Event_3,PhoneMagnetometer,PhoneMagnetometer_Event_3.data,534,4,0,0,0,epoch milliseconds (2018-03-08 16:03:51.315000),10.0,
S8_Pressfromtop_2_extracted,Event_3,android.sensor.accelerometer,android.sensor.accelerometer_Event_3.data,555,4,0,0,0,epoch milliseconds (2018-03-08 16:03:51.306000),10.0,
S8_Pressfromtop_2_extracted,Event_3,android.sensor.gyroscope,android.sensor.gyroscope_Event_3.data,555,4,0,0,0,epoch milliseconds (2018-03-08 16:03:51.299000),10.0,
S8_Pressfromtop_2_extracted,Event_4,JinsAccelerometer,JinsAccelerometer_Event_4.data,100,4,0,0,0,epoch milliseconds (2018-03-08 16:04:00.293000),52.0,
S8_Pressfromtop_2_extracted,Event_4,JinsBlinkSpeed,JinsBlinkSpeed_Event_4.data,100,2,0,0,0,epoch milliseconds (2018-03-08 16:04:00.293000),52.0,
S8_Pressfromtop_2_extracted,Event_4,JinsBlinkStrength,JinsBlinkStrength_Event_4.data,100,2,0,0,0,epoch milliseconds (2018-03-08 16:04:00.293000),52.0,
S8_Pressfromtop_2_extracted,Event_4,JinsEyeMovement,JinsEyeMovement_Event_4.data,100,5,0,0,0,epoch milliseconds (2018-03-08 16:04:00.293000),52.0,
S8_Pressfromtop_2_extracted,Event_4,JinsGyroscope,JinsGyroscope_Event_4.data,100,4,0,0,0,epoch milliseconds (2018-03-08 16:04:00.293000),52.0,
S8_Pressfromtop_2_extracted,Event_4,PhoneAccelerometer,PhoneAccelerometer_Event_4.data,1008,4,0,0,0,epoch milliseconds (2018-03-08 16:04:00.258000),5.0,
S8_Pressfromtop_2_extracted,Event_4,PhoneGravity,PhoneGravity_Event_4.data,1013,4,0,0,0,epoch milliseconds (2018-03-08 16:04:00.256000),5.0,
S8_Pressfromtop_2_extracted,Event_4,PhoneGyroscope,PhoneGyroscope_Event_4.data,1009,4,0,0,0,epoch milliseconds (2018-03-08 16:04:00.256000),5.0,
S8_Pressfromtop_2_extracted,Event_4,PhoneLinearAccelerometer,PhoneLinearAccelerometer_Event_4.data,1028,4,0,0,0,epoch milliseconds (2018-03-08 16:04:00.260000),5.0,
S8_Pressfromtop_2_extracted,Event_4,PhoneMagnetometer,PhoneMagnetometer_Event_4.data,502,4,0,0,0,epoch milliseconds (2018-03-08 16:04:00.259000),10.0,
S8_Pressfromtop_2_extracted,Event_4,android.sensor.accelerometer,android.sensor.accelerometer_Event_4.data,495,4,0,0,0,epoch milliseconds (2018-03-08 16:04:00.256000),10.0,
S8_Pressfromtop_2_extracted,Event_4,android.sensor.gyroscope,android.sensor.gyroscope_Event_4.data,494,4,0,0,0,epoch milliseconds (2018-03-08 16:04:00.260000),10.0,
S8_PressSwitch_1_extracted,Event_0,JinsAccelerometer,JinsAccelerometer_Event_0.data,100,4,0,0,0,epoch milliseconds (2018-03-08 12:19:31.345000),52.0,
S8_PressSwitch_1_extracted,Event_0,JinsBlinkSpeed,JinsBlinkSpeed_Event_0.data,100,2,0,0,0,epoch milliseconds (2018-03-08 12:19:31.345000),52.0,
S8_PressSwitch_1_extracted,Event_0,JinsBlinkStrength,JinsBlinkStrength_Event_0.data,100,2,0,0,0,epoch milliseconds (2018-03-08 12:19:31.345000),52.0,
S8_PressSwitch_1_extracted,Event_0,JinsEyeMovement,JinsEyeMovement_Event_0.data,100,5,0,0,0,epoch milliseconds (2018-03-08 12:19:31.345000),52.0,
S8_PressSwitch_1_extracted,Event_0,JinsGyroscope,JinsGyroscope_Event_0.data,100,4,0,0,0,epoch milliseconds (2018-03-08 12:19:31.345000),52.0,
S8_PressSwitch_1_extracted,Event_0,PhoneAccelerometer,PhoneAccelerometer_Event_0.data,1007,4,0,0,0,epoch milliseconds (2018-03-08 12:19:31.325000),5.0,
S8_PressSwitch_1_extracted,Event_0,PhoneGravity,PhoneGravity_Event_0.data,1007,4,0,0,0,epoch milliseconds (2018-03-08 12:19:31.327000),5.0,
S8_PressSwitch_1_extracted,Event_0,PhoneGyroscope,PhoneGyroscope_Event_0.data,1008,4,0,0,0,epoch milliseconds (2018-03-08 12:19:31.325000),5.0,
S8_PressSwitch_1_extracted,Event_0,PhoneLinearAccelerometer,PhoneLinearAccelerometer_Event_0.data,1007,4,0,0,0,epoch milliseconds (2018-03-08 12:19:31.324000),5.0,
S8_PressSwitch_1_extracted,Event_0,PhoneMagnetometer,PhoneMagnetometer_Event_0.data,501,4,0,0,0,epoch milliseconds (2018-03-08 12:19:31.327000),10.0,
S8_PressSwitch_1_extracted,Event_0,android.sensor.accelerometer,android.sensor.accelerometer_Event_0.data,489,4,0,0,0,epoch milliseconds (2018-03-08 12:19:31.326000),10.0,
S8_PressSwitch_1_extracted,Event_0,android.sensor.gyroscope,android.sensor.gyroscope_Event_0.data,490,4,0,0,0,epoch milliseconds (2018-03-08 12:19:31.322000),10.0,
S8_PressSwitch_1_extracted,Event_1,JinsAccelerometer,JinsAccelerometer_Event_1.data,100,4,0,0,0,epoch milliseconds (2018-03-08 12:19:39.837000),52.0,
S8_PressSwitch_1_extracted,Event_1,JinsBlinkSpeed,JinsBlinkSpeed_Event_1.data,100,2,0,0,0,epoch milliseconds (2018-03-08 12:19:39.837000),52.0,
S8_PressSwitch_1_extracted,Event_1,JinsBlinkStrength,JinsBlinkStrength_Event_1.data,100,2,0,0,0,epoch milliseconds (2018-03-08 12:19:39.837000),52.0,
S8_PressSwitch_1_extracted,Event_1,JinsEyeMovement,JinsEyeMovement_Event_1.data,100,5,0,0,0,epoch milliseconds (2018-03-08 12:19:39.837000),52.0,
S8_PressSwitch_1_extracted,Event_1,JinsGyroscope,JinsGyroscope_Event_1.data,100,4,0,0,0,epoch milliseconds (2018-03-08 12:19:39.837000),52.0,
S8_PressSwitch_1_extracted,Event_1,PhoneAccelerometer,PhoneAccelerometer_Event_1.data,1007,4,0,0,0,epoch milliseconds (2018-03-08 12:19:39.811000),5.0,
S8_PressSwitch_1_extracted,Event_1,PhoneGravity,PhoneGravity_Event_1.data,1008,4,0,0,0,epoch milliseconds (2018-03-08 12:19:39.811000),5.0,
S8_PressSwitch_1_extracted,Event_1,PhoneGyroscope,PhoneGyroscope_Event_1.data,1009,4,0,0,0,epoch milliseconds (2018-03-08 12:19:39.812000),5.0,
S8_PressSwitch_1_extracted,Event_1,PhoneLinearAccelerometer,PhoneLinearAccelerometer_Event_1.data,1009,4,0,0,0,epoch milliseconds (2018-03-08 12:19:39.812000),5.0,
S8_PressSwitch_1_extracted,Event_1,PhoneMagnetometer,PhoneMagnetometer_Event_1.data,501,4,0,0,0,epoch milliseconds (2018-03-08 12:19:39.812000),10.0,
S8_PressSwitch_1_extracted,Event_1,android.sensor.accelerometer,android.sensor.accelerometer_Event_1.data,500,4,0,0,0,epoch milliseconds (2018-03-08 12:19:39.850000),10.0,
S8_PressSwitch_1_extracted,Event_1,android.sensor.gyroscope,android.sensor.gyroscope_Event_1.data,501,4,0,0,0,epoch milliseconds (2018-03-08 12:19:39.847000),10.0,
S8_PressSwitch_1_extracted,Event_2,JinsAccelerometer,JinsAccelerometer_Event_2.data,100,4,0,0,0,epoch milliseconds (2018-03-08 12:19:53.705000),53.0,
S8_PressSwitch_1_extracted,Event_2,JinsBlinkSpeed,JinsBlinkSpeed_Event_2.data,100,2,0,0,0,epoch milliseconds (2018-03-08 12:19:53.705000),53.0,
S8_PressSwitch_1_extracted,Event_2,JinsBlinkStrength,JinsBlinkStrength_Event_2.data,100,2,0,0,0,epoch milliseconds (2018-03-08 12:19:53.705000),53.0,
S8_PressSwitch_1_extracted,Event_2,JinsEyeMovement,JinsEyeMovement_Event_2.data,100,5,0,0,0,epoch milliseconds (2018-03-08 12:19:53.705000),53.0,
S8_PressSwitch_1_extracted,Event_2,JinsGyroscope,JinsGyroscope_Event_2.data,100,4,0,0,0,epoch milliseconds (2018-03-08 12:19:53.705000),53.0,
S8_PressSwitch_1_extracted,Event_2,PhoneAccelerometer,PhoneAccelerometer_Event_2.data,1007,4,0,0,0,epoch milliseconds (2018-03-08 12:19:53.662000),5.0,
S8_PressSwitch_1_extracted,Event_2,PhoneGravity,PhoneGravity_Event_2.data,1005,4,0,0,0,epoch milliseconds (2018-03-08 12:19:53.660000),5.0,
S8_PressSwitch_1_extracted,Event_2,PhoneGyroscope,PhoneGyroscope_Event_2.data,1008,4,0,0,0,epoch milliseconds (2018-03-08 12:19:53.659000),5.0,
S8_PressSwitch_1_extracted,Event_2,PhoneLinearAccelerometer,PhoneLinearAccelerometer_Event_2.data,1007,4,0,0,0,epoch milliseconds (2018-03-08 12:19:53.660000),5.0,
S8_PressSwitch_1_extracted,Event_2,PhoneMagnetometer,PhoneMagnetometer_Event_2.data,501,4,0,0,0,epoch milliseconds (2018-03-08 12:19:53.664000),10.0,
S8_PressSwitch_1_extracted,Event_2,android.sensor.accelerometer,android.sensor.accelerometer_Event_2.data,499,4,0,0,0,epoch milliseconds (2018-03-08 12:19:53.659000),10.0,
S8_PressSwitch_1_extracted,Event_2,android.sensor.gyroscope,android.sensor.gyroscope_Event_2.data,499,4,0,0,0,epoch milliseconds (2018-03-08 12:19:53.667000),10.0,
S8_PressSwitch_1_extracted,Event_3,JinsAccelerometer,JinsAccelerometer_Event_3.data,100,4,0,0,0,epoch milliseconds (2018-03-08 12:20:01.446000),52.0,
S8_PressSwitch_1_extracted,Event_3,JinsBlinkSpeed,JinsBlinkSpeed_Event_3.data,100,2,0,0,0,epoch milliseconds (2018-03-08 12:20:01.446000),52.0,
S8_PressSwitch_1_extracted,Event_3,JinsBlinkStrength,JinsBlinkStrength_Event_3.data,100,2,0,0,0,epoch milliseconds (2018-03-08 12:20:01.446000),52.0,
S8_PressSwitch_1_extracted,Event_3,JinsEyeMovement,JinsEyeMovement_Event_3.data,100,5,0,0,0,epoch milliseconds (2018-03-08 12:20:01.446000),52.0,
S8_PressSwitch_1_extracted,Event_3,JinsGyroscope,JinsGyroscope_Event_3.data,100,4,0,0,0,epoch milliseconds (2018-03-08 12:20:01.446000),52.0,
S8_PressSwitch_1_extracted,Event_3,PhoneAccelerometer,PhoneAccelerometer_Event_3.data,1004,4,0,0,0,epoch milliseconds (2018-03-08 12:20:01.430000),5.0,
S8_PressSwitch_1_extracted,Event_3,PhoneGravity,PhoneGravity_Event_3.data,1008,4,0,0,0,epoch milliseconds (2018-03-08 12:20:01.426000),5.0,
S8_PressSwitch_1_extracted,Event_3,PhoneGyroscope,PhoneGyroscope_Event_3.data,1004,4,0,0,0,epoch milliseconds (2018-03-08 12:20:01.431000),5.0,
S8_PressSwitch_1_extracted,Event_3,PhoneLinearAccelerometer,PhoneLinearAccelerometer_Event_3.data,1005,4,0,0,0,epoch milliseconds (2018-03-08 12:20:01.428000),5.0,
S8_PressSwitch_1_extracted,Event_3,PhoneMagnetometer,PhoneMagnetometer_Event_3.data,501,4,0,0,0,epoch milliseconds (2018-03-08 12:20:01.433000),10.0,
S8_PressSwitch_1_extracted,Event_3,android.sensor.accelerometer,android.sensor.accelerometer_Event_3.data,496,4,0,0,0,epoch milliseconds (2018-03-08 12:20:01.429000),10.0,
S8_PressSwitch_1_extracted,Event_3,android.sensor.gyroscope,android.sensor.gyroscope_Event_3.data,497,4,0,0,0,epoch milliseconds (2018-03-08 12:20:01.427000),10.0,
S8_PressSwitch_1_extracted,Event_4,JinsAccelerometer,JinsAccelerometer_Event_4.data,99,4,0,0,0,epoch milliseconds (2018-03-08 12:20:10.844000),53.0,
S8_PressSwitch_1_extracted,Event_4,JinsBlinkSpeed,JinsBlinkSpeed_Event_4.data,99,2,0,0,0,epoch milliseconds (2018-03-08 12:20:10.844000),53.0,
S8_PressSwitch_1_extracted,Event_4,JinsBlinkStrength,JinsBlinkStrength_Event_4.data,99,2,0,0,0,epoch milliseconds (2018-03-08 12:20:10.844000),53.0,
S8_PressSwitch_1_extracted,Event_4,JinsEyeMovement,JinsEyeMovement_Event_4.data,99,5,0,0,0,epoch milliseconds (2018-03-08 12:20:10.844000),53.0,
S8_PressSwitch_1_extracted,Event_4,JinsGyroscope,JinsGyroscope_Event_4.data,99,4,0,0,0,epoch milliseconds (2018-03-08 12:20:10.844000),53.0,
S8_PressSwitch_1_extracted,Event_4,PhoneAccelerometer,PhoneAccelerometer_Event_4.data,1008,4,0,0,0,epoch milliseconds (2018-03-08 12:20:10.794000),5.0,
S8_PressSwitch_1_extracted,Event_4,PhoneGravity,PhoneGravity_Event_4.data,1006,4,0,0,0,epoch milliseconds (2018-03-08 12:20:10.795000),5.0,
S8_PressSwitch_1_extracted,Event_4,PhoneGyroscope,PhoneGyroscope_Event_4.data,1006,4,0,0,0,epoch milliseconds (2018-03-08 12:20:10.795000),5.0,
S8_PressSwitch_1_extracted,Event_4,PhoneLinearAccelerometer,PhoneLinearAccelerometer_Event_4.data,1007,4,0,0,0,epoch milliseconds (2018-03-08 12:20:10.798000),5.0,
S8_PressSwitch_1_extracted,Event_4,PhoneMagnetometer,PhoneMagnetometer_Event_4.data,501,4,0,0,0,epoch milliseconds (2018-03-08 12:20:10.798000),10.0,
S8_PressSwitch_1_extracted,Event_4,android.sensor.accelerometer,android.sensor.accelerometer_Event_4.data,494,4,0,0,0,epoch milliseconds (2018-03-08 12:20:10.797000),10.0,
S8_PressSwitch_1_extracted,Event_4,android.sensor.gyroscope,android.sensor.gyroscope_Event_4.data,494,4,0,0,0,epoch milliseconds (2018-03-08 12:20:10.799000),10.0,
S8_PressSwitch_1_extracted,Event_5,JinsAccelerometer,JinsAccelerometer_Event_5.data,100,4,0,0,0,epoch milliseconds (2018-03-08 12:20:21.634000),52.0,
S8_PressSwitch_1_extracted,Event_5,JinsBlinkSpeed,JinsBlinkSpeed_Event_5.data,100,2,0,0,0,epoch milliseconds (2018-03-08 12:20:21.634000),52.0,
S8_PressSwitch_1_extracted,Event_5,JinsBlinkStrength,JinsBlinkStrength_Event_5.data,100,2,0,0,0,epoch milliseconds (2018-03-08 12:20:21.634000),52.0,
S8_PressSwitch_1_extracted,Event_5,JinsEyeMovement,JinsEyeMovement_Event_5.data,100,5,0,0,0,epoch milliseconds (2018-03-08 12:20:21.634000),52.0,
S8_PressSwitch_1_extracted,Event_5,JinsGyroscope,JinsGyroscope_Event_5.data,100,4,0,0,0,epoch milliseconds (2018-03-08 12:20:21.634000),52.0,
S8_PressSwitch_1_extracted,Event_5,PhoneAccelerometer,PhoneAccelerometer_Event_5.data,1008,4,0,0,0,epoch milliseconds (2018-03-08 12:20:21.578000),5.0,
S8_PressSwitch_1_extracted,Event_5,PhoneGravity,PhoneGravity_Event_5.data,1006,4,0,0,0,epoch milliseconds (2018-03-08 12:20:21.583000),5.0,
S8_PressSwitch_1_extracted,Event_5,PhoneGyroscope,PhoneGyroscope_Event_5.data,1007,4,0,0,0,epoch milliseconds (2018-03-08 12:20:21.583000),5.0,
S8_PressSwitch_1_extracted,Event_5,PhoneLinearAccelerometer,PhoneLinearAccelerometer_Event_5.data,1007,4,0,0,0,epoch milliseconds (2018-03-08 12:20:21.578000),5.0,
S8_PressSwitch_1_extracted,Event_5,PhoneMagnetometer,PhoneMagnetometer_Event_5.data,501,4,0,0,0,epoch milliseconds (2018-03-08 12:20:21.582000),10.0,
S8_PressSwitch_1_extracted,Event_5,android.sensor.accelerometer,android.sensor.accelerometer_Event_5.data,499,4,0,0,0,epoch milliseconds (2018-03-08 12:20:21.587000),10.0,
S8_PressSwitch_1_extracted,Event_5,android.sensor.gyroscope,android.sensor.gyroscope_Event_5.data,500,4,0,0,0,epoch milliseconds (2018-03-08 12:20:21.585000),10.0,
S8_PressSwitch_1_extracted,Event_6,JinsAccelerometer,JinsAccelerometer_Event_6.data,100,4,0,0,0,epoch milliseconds (2018-03-08 12:20:31.009000),52.0,
S8_PressSwitch_1_extracted,Event_6,JinsBlinkSpeed,JinsBlinkSpeed_Event_6.data,100,2,0,0,0,epoch milliseconds (2018-03-08 12:20:31.009000),52.0,
S8_PressSwitch_1_extracted,Event_6,JinsBlinkStrength,JinsBlinkStrength_Event_6.data,100,2,0,0,0,epoch milliseconds (2018-03-08 12:20:31.009000),52.0,
S8_PressSwitch_1_extracted,Event_6,JinsEyeMovement,JinsEyeMovement_Event_6.data,100,5,0,0,0,epoch milliseconds (2018-03-08 12:20:31.009000),52.0,
S8_PressSwitch_1_extracted,Event_6,JinsGyroscope,JinsGyroscope_Event_6.data,100,4,0,0,0,epoch milliseconds (2018-03-08 12:20:31.009000),52.0,
S8_PressSwitch_1_extracted,Event_6,PhoneAccelerometer,PhoneAccelerometer_Event_6.data,1009,4,0,0,0,epoch milliseconds (2018-03-08 12:20:30.956000),5.0,
S8_PressSwitch_1_extracted,Event_6,PhoneGravity,PhoneGravity_Event_6.data,1008,4,0,0,0,epoch milliseconds (2018-03-08 12:20:30.957000),5.0,
S8_PressSwitch_1_extracted,Event_6,PhoneGyroscope,PhoneGyroscope_Event_6.data,1009,4,0,0,0,epoch milliseconds (2018-03-08 12:20:30.955000),5.0,
S8_PressSwitch_1_extracted,Event_6,PhoneLinearAccelerometer,PhoneLinearAccelerometer_Event_6.data,1009,4,0,0,0,epoch milliseconds (2018-03-08 12:20:30.957000),5.0,
S8_PressSwitch_1_extracted,Event_6,PhoneMagnetometer,PhoneMagnetometer_Event_6.data,501,4,0,0,0,epoch milliseconds (2018-03-08 12:20:30.959000),10.0,
S8_PressSwitch_1_extracted,Event_6,android.sensor.accelerometer,android.sensor.accelerometer_Event_6.data,502,4,0,0,0,epoch milliseconds (2018-03-08 12:20:30.955000),10.0,
S8_PressSwitch_1_extracted,Event_6,android.sensor.gyroscope,android.sensor.gyroscope_Event_6.data,501,4,0,0,0,epoch milliseconds (2018-03-08 12:20:30.957000),10.0,
S8_PressSwitch_1_extracted,Event_7,JinsAccelerometer,JinsAccelerometer_Event_7.data,100,4,0,0,0,epoch milliseconds (2018-03-08 12:20:43.063000),52.0,
S8_PressSwitch_1_extracted,Event_7,JinsBlinkSpeed,JinsBlinkSpeed_Event_7.data,100,2,0,0,0,epoch milliseconds (2018-03-08 12:20:43.063000),52.0,
S8_PressSwitch_1_extracted,Event_7,JinsBlinkStrength,JinsBlinkStrength_Event_7.data,100,2,0,0,0,epoch milliseconds (2018-03-08 12:20:43.063000),52.0,
S8_PressSwitch_1_extracted,Event_7,JinsEyeMovement,JinsEyeMovement_Event_7.data,100,5,0,0,0,epoch milliseconds (2018-03-08 12:20:43.063000),52.0,
S8_PressSwitch_1_extracted,Event_7,JinsGyroscope,JinsGyroscope_Event_7.data,100,4,0,0,0,epoch milliseconds (2018-03-08 12:20:43.063000),52.0,
S8_PressSwitch_1_extracted,Event_7,PhoneAccelerometer,PhoneAccelerometer_Event_7.data,1007,4,0,0,0,epoch milliseconds (2018-03-08 12:20:43.034000),5.0,
S8_PressSwitch_1_extracted,Event_7,PhoneGravity,PhoneGravity_Event_7.data,1007,4,0,0,0,epoch milliseconds (2018-03-08 12:20:43.036000),5.0,
S8_PressSwitch_1_extracted,Event_7,PhoneGyroscope,PhoneGyroscope_Event_7.data,1005,4,0,0,0,epoch milliseconds (2018-03-08 12:20:43.037000),5.0,
S8_PressSwitch_1_extracted,Event_7,PhoneLinearAccelerometer,PhoneLinearAccelerometer_Event_7.data,1007,4,0,0,0,epoch milliseconds (2018-03-08 12:20:43.036000),5.0,
S8_PressSwitch_1_extracted,Event_7,PhoneMagnetometer,PhoneMagnetometer_Event_7.data,501,4,0,0,0,epoch milliseconds (2018-03-08 12:20:43.040000),10.0,
S8_PressSwitch_1_extracted,Event_7,android.sensor.accelerometer,android.sensor.accelerometer_Event_7.data,491,4,0,0,0,epoch milliseconds (2018-03-08 12:20:43.036000),10.0,
S8_PressSwitch_1_extracted,Event_7,android.sensor.gyroscope,android.sensor.gyroscope_Event_7.data,490,4,0,0,0,epoch milliseconds (2018-03-08 12:20:43.038000),10.0,
S8_PressSwitch_2_extracted,Event_0,JinsAccelerometer,JinsAccelerometer_Event_0.data,100,4,0,0,0,epoch milliseconds (2018-03-08 12:23:49.904000),52.0,
S8_PressSwitch_2_extracted,Event_0,JinsBlinkSpeed,JinsBlinkSpeed_Event_0.data,100,2,0,0,0,epoch milliseconds (2018-03-08 12:23:49.904000),52.0,
S8_PressSwitch_2_extracted,Event_0,JinsBlinkStrength,JinsBlinkStrength_Event_0.data,100,2,0,0,0,epoch milliseconds (2018-03-08 12:23:49.904000),52.0,
S8_PressSwitch_2_extracted,Event_0,JinsEyeMovement,JinsEyeMovement_Event_0.data,100,5,0,0,0,epoch milliseconds (2018-03-08 12:23:49.904000),52.0,
S8_PressSwitch_2_extracted,Event_0,JinsGyroscope,JinsGyroscope_Event_0.data,100,4,0,0,0,epoch milliseconds (2018-03-08 12:23:49.904000),52.0,
S8_PressSwitch_2_extracted,Event_0,PhoneAccelerometer,PhoneAccelerometer_Event_0.data,1006,4,0,0,0,epoch milliseconds (2018-03-08 12:23:49.882000),5.0,
S8_PressSwitch_2_extracted,Event_0,PhoneGravity,PhoneGravity_Event_0.data,1012,4,0,0,0,epoch milliseconds (2018-03-08 12:23:49.893000),5.0,
S8_PressSwitch_2_extracted,Event_0,PhoneGyroscope,PhoneGyroscope_Event_0.data,1013,4,0,0,0,epoch milliseconds (2018-03-08 12:23:49.884000),5.0,
S8_PressSwitch_2_extracted,Event_0,PhoneLinearAccelerometer,PhoneLinearAccelerometer_Event_0.data,1012,4,0,0,0,epoch milliseconds (2018-03-08 12:23:49.898000),5.0,
S8_PressSwitch_2_extracted,Event_0,PhoneMagnetometer,PhoneMagnetometer_Event_0.data,501,4,0,0,0,epoch milliseconds (2018-03-08 12:23:49.885000),10.0,
S8_PressSwitch_2_extracted,Event_0,android.sensor.accelerometer,android.sensor.accelerometer_Event_0.data,502,4,0,0,0,epoch milliseconds (2018-03-08 12:23:49.889000),10.0,
S8_PressSwitch_2_extracted,Event_0,android.sensor.gyroscope,android.sensor.gyroscope_Event_0.data,501,4,0,0,0,epoch milliseconds (2018-03-08 12:23:49.891000),10.0,
S8_PressSwitch_2_extracted,Event_1,JinsAccelerometer,JinsAccelerometer_Event_1.data,100,4,0,0,0,epoch milliseconds (2018-03-08 12:23:58.099000),52.0,
S8_PressSwitch_2_extracted,Event_1,JinsBlinkSpeed,JinsBlinkSpeed_Event_1.data,100,2,0,0,0,epoch milliseconds (2018-03-08 12:23:58.099000),52.0,
S8_PressSwitch_2_extracted,Event_1,JinsBlinkStrength,JinsBlinkStrength_Event_1.data,100,2,0,0,0,epoch milliseconds (2018-03-08 12:23:58.099000),52.0,
S8_PressSwitch_2_extracted,Event_1,JinsEyeMovement,JinsEyeMovement_Event_1.data,100,5,0,0,0,epoch milliseconds (2018-03-08 12:23:58.099000),52.0,
S8_PressSwitch_2_extracted,Event_1,JinsGyroscope,JinsGyroscope_Event_1.data,100,4,0,0,0,epoch milliseconds (2018-03-08 12:23:58.099000),52.0,
S8_PressSwitch_2_extracted,Event_1,PhoneAccelerometer,PhoneAccelerometer_Event_1.data,990,4,0,0,0,epoch milliseconds (2018-03-08 12:23:58.066000),5.0,
S8_PressSwitch_2_extracted,Event_1,PhoneGravity,PhoneGravity_Event_1.data,1001,4,0,0,0,epoch milliseconds (2018-03-08 12:23:58.068000),5.0,
S8_PressSwitch_2_extracted,Event_1,PhoneGyroscope,PhoneGyroscope_Event_1.data,1001,4,0,0,0,epoch milliseconds (2018-03-08 12:23:58.068000),5.0,
S8_PressSwitch_2_extracted,Event_1,PhoneLinearAccelerometer,PhoneLinearAccelerometer_Event_1.data,1004,4,0,0,0,epoch milliseconds (2018-03-08 12:23:58.067000),5.0,
S8_PressSwitch_2_extracted,Event_1,PhoneMagnetometer,PhoneMagnetometer_Event_1.data,501,4,0,0,0,epoch milliseconds (2018-03-08 12:23:58.071000),10.0,
S8_PressSwitch_2_extracted,Event_1,android.sensor.accelerometer,android.sensor.accelerometer_Event_1.data,497,4,0,0,0,epoch milliseconds (2018-03-08 12:23:58.070000),10.0,
S8_PressSwitch_2_extracted,Event_1,android.sensor.gyroscope,android.sensor.gyroscope_Event_1.data,497,4,0,0,0,epoch milliseconds (2018-03-08 12:23:58.070000),10.0,
S8_PressSwitch_2_extracted,Event_2,JinsAccelerometer,JinsAccelerometer_Event_2.data,100,4,0,0,0,epoch milliseconds (2018-03-08 12:24:07.362000),52.0,
S8_PressSwitch_2_extracted,Event_2,JinsBlinkSpeed,JinsBlinkSpeed_Event_2.data,100,2,0,0,0,epoch milliseconds (2018-03-08 12:24:07.362000),52.0,
S8_PressSwitch_2_extracted,Event_2,JinsBlinkStrength,JinsBlinkStrength_Event_2.data,100,2,0,0,0,epoch milliseconds (2018-03-08 12:24:07.362000),52.0,
S8_PressSwitch_2_extracted,Event_2,JinsEyeMovement,JinsEyeMovement_Event_2.data,100,5,0,0,0,epoch milliseconds (2018-03-08 12:24:07.362000),52.0,
S8_PressSwitch_2_extracted,Event_2,JinsGyroscope,JinsGyroscope_Event_2.data,100,4,0,0,0,epoch milliseconds (2018-03-08 12:24:07.362000),52.0,
S8_PressSwitch_2_extracted,Event_2,PhoneAccelerometer,PhoneAccelerometer_Event_2.data,1007,4,0,0,0,epoch milliseconds (2018-03-08 12:24:07.326000),5.0,
S8_PressSwitch_2_extracted,Event_2,PhoneGravity,PhoneGravity_Event_2.data,1007,4,0,0,0,epoch milliseconds (2018-03-08 12:24:07.326000),5.0,
S8_PressSwitch_2_extracted,Event_2,PhoneGyroscope,PhoneGyroscope_Event_2.data,1007,4,0,0,0,epoch milliseconds (2018-03-08 12:24:07.324000),5.0,
S8_PressSwitch_2_extracted,Event_2,PhoneLinearAccelerometer,PhoneLinearAccelerometer_Event_2.data,1007,4,0,0,0,epoch milliseconds (2018-03-08 12:24:07.324000),5.0,
S8_PressSwitch_2_extracted,Event_2,PhoneMagnetometer,PhoneMagnetometer_Event_2.data,501,4,0,0,0,epoch milliseconds (2018-03-08 12:24:07.329000),10.0,
S8_PressSwitch_2_extracted,Event_2,android.sensor.accelerometer,android.sensor.accelerometer_Event_2.data,505,4,0,0,0,epoch milliseconds (2018-03-08 12:24:07.322000),10.0,
S8_PressSwitch_2_extracted,Event_2,android.sensor.gyroscope,android.sensor.gyroscope_Event_2.data,505,4,0,0,0,epoch milliseconds (2018-03-08 12:24:07.323000),10.0,
S8_PressSwitch_2_extracted,Event_3,JinsAccelerometer,JinsAccelerometer_Event_3.data,99,4,0,0,0,epoch milliseconds (2018-03-08 12:24:15.548000),53.0,
S8_PressSwitch_2_extracted,Event_3,JinsBlinkSpeed,JinsBlinkSpeed_Event_3.data,99,2,0,0,0,epoch milliseconds (2018-03-08 12:24:15.548000),53.0,
S8_PressSwitch_2_extracted,Event_3,JinsBlinkStrength,JinsBlinkStrength_Event_3.data,99,2,0,0,0,epoch milliseconds (2018-03-08 12:24:15.548000),53.0,
S8_PressSwitch_2_extracted,Event_3,JinsEyeMovement,JinsEyeMovement_Event_3.data,99,5,0,0,0,epoch milliseconds (2018-03-08 12:24:15.548000),53.0,
S8_PressSwitch_2_extracted,Event_3,JinsGyroscope,JinsGyroscope_Event_3.data,99,4,0,0,0,epoch milliseconds (2018-03-08 12:24:15.548000),53.0,
S8_PressSwitch_2_extracted,Event_3,PhoneAccelerometer,PhoneAccelerometer_Event_3.data,1007,4,0,0,0,epoch milliseconds (2018-03-08 12:24:15.517000),5.0,
S8_PressSwitch_2_extracted,Event_3,PhoneGravity,PhoneGravity_Event_3.data,1006,4,0,0,0,epoch milliseconds (2018-03-08 12:24:15.515000),5.0,
S8_PressSwitch_2_extracted,Event_3,PhoneGyroscope,PhoneGyroscope_Event_3.data,1005,4,0,0,0,epoch milliseconds (2018-03-08 12:24:15.514000),5.0,
S8_PressSwitch_2_extracted,Event_3,PhoneLinearAccelerometer,PhoneLinearAccelerometer_Event_3.data,1007,4,0,0,0,epoch milliseconds (2018-03-08 12:24:15.514000),5.0,
S8_PressSwitch_2_extracted,Event_3,PhoneMagnetometer,PhoneMagnetometer_Event_3.data,501,4,0,0,0,epoch milliseconds (2018-03-08 12:24:15.515000),10.0,
S8_PressSwitch_2_extracted,Event_3,android.sensor.accelerometer,android.sensor.accelerometer_Event_3.data,499,4,0,0,0,epoch milliseconds (2018-03-08 12:24:15.522000),10.0,
S8_PressSwitch_2_extracted,Event_3,android.sensor.gyroscope,android.sensor.gyroscope_Event_3.data,500,4,0,0,0,epoch milliseconds (2018-03-08 12:24:15.515000),10.0,
S8_PressSwitch_2_extracted,Event_4,JinsAccelerometer,JinsAccelerometer_Event_4.data,99,4,0,0,0,epoch milliseconds (2018-03-08 12:24:24.552000),52.0,
S8_PressSwitch_2_extracted,Event_4,JinsBlinkSpeed,JinsBlinkSpeed_Event_4.data,99,2,0,0,0,epoch milliseconds (2018-03-08 12:24:24.552000),52.0,
S8_PressSwitch_2_extracted,Event_4,JinsBlinkStrength,JinsBlinkStrength_Event_4.data,99,2,0,0,0,epoch milliseconds (2018-03-08 12:24:24.552000),52.0,
S8_PressSwitch_2_extracted,Event_4,JinsEyeMovement,JinsEyeMovement_Event_4.data,99,5,0,0,0,epoch milliseconds (2018-03-08 12:24:24.552000),52.0,
S8_PressSwitch_2_extracted,Event_4,JinsGyroscope,JinsGyroscope_Event_4.data,99,4,0,0,0,epoch milliseconds (2018-03-08 12:24:24.552000),52.0,
S8_PressSwitch_2_extracted,Event_4,PhoneAccelerometer,PhoneAccelerometer_Event_4.data,1008,4,0,0,0,epoch milliseconds (2018-03-08 12:24:24.517000),5.0,
S8_PressSwitch_2_extracted,Event_4,PhoneGravity,PhoneGravity_Event_4.data,1006,4,0,0,0,epoch milliseconds (2018-03-08 12:24:24.514000),5.0,
S8_PressSwitch_2_extracted,Event_4,PhoneGyroscope,PhoneGyroscope_Event_4.data,1006,4,0,0,0,epoch milliseconds (2018-03-08 12:24:24.516000),5.0,
S8_PressSwitch_2_extracted,Event_4,PhoneLinearAccelerometer,PhoneLinearAccelerometer_Event_4.data,1007,4,0,0,0,epoch milliseconds (2018-03-08 12:24:24.514000),5.0,
S8_PressSwitch_2_extracted,Event_4,PhoneMagnetometer,PhoneMagnetometer_Event_4.data,501,4,0,0,0,epoch milliseconds (2018-03-08 12:24:24.519000),10.0,
S8_PressSwitch_2_extracted,Event_4,android.sensor.accelerometer,android.sensor.accelerometer_Event_4.data,495,4,0,0,0,epoch milliseconds (2018-03-08 12:24:24.517000),10.0,
S8_PressSwitch_2_extracted,Event_4,android.sensor.gyroscope,android.sensor.gyroscope_Event_4.data,496,4,0,0,0,epoch milliseconds (2018-03-08 12:24:24.516000),10.0,
S8_PressSwitch_2_extracted,Event_5,JinsAccelerometer,JinsAccelerometer_Event_5.data,100,4,0,0,0,epoch milliseconds (2018-03-08 12:24:32.697000),52.0,
S8_PressSwitch_2_extracted,Event_5,JinsBlinkSpeed,JinsBlinkSpeed_Event_5.data,100,2,0,0,0,epoch milliseconds (2018-03-08 12:24:32.697000),52.0,
S8_PressSwitch_2_extracted,Event_5,JinsBlinkStrength,JinsBlinkStrength_Event_5.data,100,2,0,0,0,epoch milliseconds (2018-03-08 12:24:32.697000),52.0,
S8_PressSwitch_2_extracted,Event_5,JinsEyeMovement,JinsEyeMovement_Event_5.data,100,5,0,0,0,epoch milliseconds (2018-03-08 12:24:32.697000),52.0,
S8_PressSwitch_2_extracted,Event_5,JinsGyroscope,JinsGyroscope_Event_5.data,100,4,0,0,0,epoch milliseconds (2018-03-08 12:24:32.697000),52.0,
S8_PressSwitch_2_extracted,Event_5,PhoneAccelerometer,PhoneAccelerometer_Event_5.data,1006,4,0,0,0,epoch milliseconds (2018-03-08 12:24:32.677000),5.0,
S8_PressSwitch_2_extracted,Event_5,PhoneGravity,PhoneGravity_Event_5.data,1006,4,0,0,0,epoch milliseconds (2018-03-08 12:24:32.676000),5.0,
S8_PressSwitch_2_extracted,Event_5,PhoneGyroscope,PhoneGyroscope_Event_5.data,1006,4,0,0,0,epoch milliseconds (2018-03-08 12:24:32.676000),5.0,
S8_PressSwitch_2_extracted,Event_5,PhoneLinearAccelerometer,PhoneLinearAccelerometer_Event_5.data,1008,4,0,0,0,epoch milliseconds (2018-03-08 12:24:32.674000),5.0,
S8_PressSwitch_2_extracted,Event_5,PhoneMagnetometer,PhoneMagnetometer_Event_5.data,501,4,0,0,0,epoch milliseconds (2018-03-08 12:24:32.678000),10.0,
S8_PressSwitch_2_extracted,Event_5,android.sensor.accelerometer,android.sensor.accelerometer_Event_5.data,503,4,0,0,0,epoch milliseconds (2018-03-08 12:24:32.686000),10.0,
S8_PressSwitch_2_extracted,Event_5,android.sensor.gyroscope,android.sensor.gyroscope_Event_5.data,504,4,0,0,0,epoch milliseconds (2018-03-08 12:24:32.685000),10.0,
S8_PressSwitch_2_extracted,Event_6,JinsAccelerometer,JinsAccelerometer_Event_6.data,100,4,0,0,0,epoch milliseconds (2018-03-08 12:24:41.697000),52.0,
S8_PressSwitch_2_extracted,Event_6,JinsBlinkSpeed,JinsBlinkSpeed_Event_6.data,100,2,0,0,0,epoch milliseconds (2018-03-08 12:24:41.697000),52.0,
S8_PressSwitch_2_extracted,Event_6,JinsBlinkStrength,JinsBlinkStrength_Event_6.data,100,2,0,0,0,epoch milliseconds (2018-03-08 12:24:41.697000),52.0,
S8_PressSwitch_2_extracted,Event_6,JinsEyeMovement,JinsEyeMovement_Event_6.data,100,5,0,0,0,epoch milliseconds (2018-03-08 12:24:41.697000),52.0,
S8_PressSwitch_2_extracted,Event_6,JinsGyroscope,JinsGyroscope_Event_6.data,100,4,0,0,0,epoch milliseconds (2018-03-08 12:24:41.697000),52.0,
S8_PressSwitch_2_extracted,Event_6,PhoneAccelerometer,PhoneAccelerometer_Event_6.data,1008,4,0,0,0,epoch milliseconds (2018-03-08 12:24:41.684000),5.0,
S8_PressSwitch_2_extracted,Event_6,PhoneGravity,PhoneGravity_Event_6.data,1004,4,0,0,0,epoch milliseconds (2018-03-08 12:24:41.685000),5.0,
S8_PressSwitch_2_extracted,Event_6,PhoneGyroscope,PhoneGyroscope_Event_6.data,1005,4,0,0,0,epoch milliseconds (2018-03-08 12:24:41.686000),5.0,
S8_PressSwitch_2_extracted,Event_6,PhoneLinearAccelerometer,PhoneLinearAccelerometer_Event_6.data,1006,4,0,0,0,epoch milliseconds (2018-03-08 12:24:41.682000),5.0,
S8_PressSwitch_2_extracted,Event_6,PhoneMagnetometer,PhoneMagnetometer_Event_6.data,502,4,0,0,0,epoch milliseconds (2018-03-08 12:24:41.682000),10.0,
S8_PressSwitch_2_extracted,Event_6,android.sensor.accelerometer,android.sensor.accelerometer_Event_6.data,496,4,0,0,0,epoch milliseconds (2018-03-08 12:24:41.685000),10.0,
S8_PressSwitch_2_extracted,Event_6,android.sensor.gyroscope,android.sensor.gyroscope_Event_6.data,492,4,0,0,0,epoch milliseconds (2018-03-08 12:24:41.687000),10.0,
S8_PressSwitch_2_extracted,Event_7,JinsAccelerometer,JinsAccelerometer_Event_7.data,100,4,0,0,0,epoch milliseconds (2018-03-08 12:24:50.409000),53.0,
S8_PressSwitch_2_extracted,Event_7,JinsBlinkSpeed,JinsBlinkSpeed_Event_7.data,100,2,0,0,0,epoch milliseconds (2018-03-08 12:24:50.409000),53.0,
S8_PressSwitch_2_extracted,Event_7,JinsBlinkStrength,JinsBlinkStrength_Event_7.data,100,2,0,0,0,epoch milliseconds (2018-03-08 12:24:50.409000),53.0,
S8_PressSwitch_2_extracted,Event_7,JinsEyeMovement,JinsEyeMovement_Event_7.data,100,5,0,0,0,epoch milliseconds (2018-03-08 12:24:50.409000),53.0,
S8_PressSwitch_2_extracted,Event_7,JinsGyroscope,JinsGyroscope_Event_7.data,100,4,0,0,0,epoch milliseconds (2018-03-08 12:24:50.409000),53.0,
S8_PressSwitch_2_extracted,Event_7,PhoneAccelerometer,PhoneAccelerometer_Event_7.data,1007,4,0,0,0,epoch milliseconds (2018-03-08 12:24:50.371000),5.0,
S8_PressSwitch_2_extracted,Event_7,PhoneGravity,PhoneGravity_Event_7.data,1005,4,0,0,0,epoch milliseconds (2018-03-08 12:24:50.371000),5.0,
S8_PressSwitch_2_extracted,Event_7,PhoneGyroscope,PhoneGyroscope_Event_7.data,1008,4,0,0,0,epoch milliseconds (2018-03-08 12:24:50.373000),5.0,
S8_PressSwitch_2_extracted,Event_7,PhoneLinearAccelerometer,PhoneLinearAccelerometer_Event_7.data,1006,4,0,0,0,epoch milliseconds (2018-03-08 12:24:50.370000),5.0,
S8_PressSwitch_2_extracted,Event_7,PhoneMagnetometer,PhoneMagnetometer_Event_7.data,501,4,0,0,0,epoch milliseconds (2018-03-08 12:24:50.378000),10.0,
S8_PressSwitch_2_extracted,Event_7,android.sensor.accelerometer,android.sensor.accelerometer_Event_7.data,497,4,0,0,0,epoch milliseconds (2018-03-08 12:24:50.374000),10.0,
S8_PressSwitch_2_extracted,Event_7,android.sensor.gyroscope,android.sensor.gyroscope_Event_7.data,496,4,0,0,0,epoch milliseconds (2018-03-08 12:24:50.378000),10.0,
S8_PutFromBottle_1_extracted,Event_0,JinsAccelerometer,JinsAccelerometer_Event_0.data,100,4,0,0,0,epoch milliseconds (2018-03-08 15:39:13.682000),52.0,
S8_PutFromBottle_1_extracted,Event_0,JinsBlinkSpeed,JinsBlinkSpeed_Event_0.data,100,2,0,0,0,epoch milliseconds (2018-03-08 15:39:13.682000),52.0,
S8_PutFromBottle_1_extracted,Event_0,JinsBlinkStrength,JinsBlinkStrength_Event_0.data,100,2,0,0,0,epoch milliseconds (2018-03-08 15:39:13.682000),52.0,
S8_PutFromBottle_1_extracted,Event_0,JinsEyeMovement,JinsEyeMovement_Event_0.data,100,5,0,0,0,epoch milliseconds (2018-03-08 15:39:13.682000),52.0,
S8_PutFromBottle_1_extracted,Event_0,JinsGyroscope,JinsGyroscope_Event_0.data,100,4,0,0,0,epoch milliseconds (2018-03-08 15:39:13.682000),52.0,
S8_PutFromBottle_1_extracted,Event_0,PhoneAccelerometer,PhoneAccelerometer_Event_0.data,1006,4,0,0,0,epoch milliseconds (2018-03-08 15:39:13.670000),5.0,
S8_PutFromBottle_1_extracted,Event_0,PhoneGravity,PhoneGravity_Event_0.data,1007,4,0,0,0,epoch milliseconds (2018-03-08 15:39:13.669000),5.0,
S8_PutFromBottle_1_extracted,Event_0,PhoneGyroscope,PhoneGyroscope_Event_0.data,1007,4,0,0,0,epoch milliseconds (2018-03-08 15:39:13.668000),5.0,
S8_PutFromBottle_1_extracted,Event_0,PhoneLinearAccelerometer,PhoneLinearAccelerometer_Event_0.data,1007,4,0,0,0,epoch milliseconds (2018-03-08 15:39:13.667000),5.0,
S8_PutFromBottle_1_extracted,Event_0,PhoneMagnetometer,PhoneMagnetometer_Event_0.data,501,4,0,0,0,epoch milliseconds (2018-03-08 15:39:13.667000),10.0,
S8_PutFromBottle_1_extracted,Event_0,android.sensor.accelerometer,android.sensor.accelerometer_Event_0.data,490,4,0,0,0,epoch milliseconds (2018-03-08 15:39:13.673000),10.0,
S8_PutFromBottle_1_extracted,Event_0,android.sensor.gyroscope,android.sensor.gyroscope_Event_0.data,490,4,0,0,0,epoch milliseconds (2018-03-08 15:39:13.670000),10.0,
S8_PutFromBottle_1_extracted,Event_1,JinsAccelerometer,JinsAccelerometer_Event_1.data,99,4,0,0,0,epoch milliseconds (2018-03-08 15:39:23.084000),52.0,
S8_PutFromBottle_1_extracted,Event_1,JinsBlinkSpeed,JinsBlinkSpeed_Event_1.data,99,2,0,0,0,epoch milliseconds (2018-03-08 15:39:23.084000),52.0,
S8_PutFromBottle_1_extracted,Event_1,JinsBlinkStrength,JinsBlinkStrength_Event_1.data,99,2,0,0,0,epoch milliseconds (2018-03-08 15:39:23.084000),52.0,
S8_PutFromBottle_1_extracted,Event_1,JinsEyeMovement,JinsEyeMovement_Event_1.data,99,5,0,0,0,epoch milliseconds (2018-03-08 15:39:23.084000),52.0,
S8_PutFromBottle_1_extracted,Event_1,JinsGyroscope,JinsGyroscope_Event_1.data,99,4,0,0,0,epoch milliseconds (2018-03-08 15:39:23.084000),52.0,
S8_PutFromBottle_1_extracted,Event_1,PhoneAccelerometer,PhoneAccelerometer_Event_1.data,1007,4,0,0,0,epoch milliseconds (2018-03-08 15:39:23.039000),5.0,
S8_PutFromBottle_1_extracted,Event_1,PhoneGravity,PhoneGravity_Event_1.data,1007,4,0,0,0,epoch milliseconds (2018-03-08 15:39:23.036000),5.0,
S8_PutFromBottle_1_extracted,Event_1,PhoneGyroscope,PhoneGyroscope_Event_1.data,1006,4,0,0,0,epoch milliseconds (2018-03-08 15:39:23.038000),5.0,
S8_PutFromBottle_1_extracted,Event_1,PhoneLinearAccelerometer,PhoneLinearAccelerometer_Event_1.data,1008,4,0,0,0,epoch milliseconds (2018-03-08 15:39:23.035000),5.0,
S8_PutFromBottle_1_extracted,Event_1,PhoneMagnetometer,PhoneMagnetometer_Event_1.data,501,4,0,0,0,epoch milliseconds (2018-03-08 15:39:23.034000),10.0,
S8_PutFromBottle_1_extracted,Event_1,android.sensor.accelerometer,android.sensor.accelerometer_Event_1.data,501,4,0,0,0,epoch milliseconds (2018-03-08 15:39:23.042000),10.0,
S8_PutFromBottle_1_extracted,Event_1,android.sensor.gyroscope,android.sensor.gyroscope_Event_1.data,501,4,0,0,0,epoch milliseconds (2018-03-08 15:39:23.037000),10.0,
S8_PutFromBottle_1_extracted,Event_2,JinsAccelerometer,JinsAccelerometer_Event_2.data,101,4,0,0,0,epoch milliseconds (2018-03-08 15:39:32.245000),52.0,
S8_PutFromBottle_1_extracted,Event_2,JinsBlinkSpeed,JinsBlinkSpeed_Event_2.data,101,2,0,0,0,epoch milliseconds (2018-03-08 15:39:32.245000),52.0,
S8_PutFromBottle_1_extracted,Event_2,JinsBlinkStrength,JinsBlinkStrength_Event_2.data,101,2,0,0,0,epoch milliseconds (2018-03-08 15:39:32.245000),52.0,
S8_PutFromBottle_1_extracted,Event_2,JinsEyeMovement,JinsEyeMovement_Event_2.data,101,5,0,0,0,epoch milliseconds (2018-03-08 15:39:32.245000),52.0,
S8_PutFromBottle_1_extracted,Event_2,JinsGyroscope,JinsGyroscope_Event_2.data,101,4,0,0,0,epoch milliseconds (2018-03-08 15:39:32.245000),52.0,
S8_PutFromBottle_1_extracted,Event_2,PhoneAccelerometer,PhoneAccelerometer_Event_2.data,1007,4,0,0,0,epoch milliseconds (2018-03-08 15:39:32.237000),5.0,
S8_PutFromBottle_1_extracted,Event_2,PhoneGravity,PhoneGravity_Event_2.data,1017,4,0,0,0,epoch milliseconds (2018-03-08 15:39:32.235000),5.0,
S8_PutFromBottle_1_extracted,Event_2,PhoneGyroscope,PhoneGyroscope_Event_2.data,1017,4,0,0,0,epoch milliseconds (2018-03-08 15:39:32.237000),5.0,
S8_PutFromBottle_1_extracted,Event_2,PhoneLinearAccelerometer,PhoneLinearAccelerometer_Event_2.data,1017,4,0,0,0,epoch milliseconds (2018-03-08 15:39:32.238000),5.0,
S8_PutFromBottle_1_extracted,Event_2,PhoneMagnetometer,PhoneMagnetometer_Event_2.data,500,4,0,0,0,epoch milliseconds (2018-03-08 15:39:32.241000),10.0,
S8_PutFromBottle_1_extracted,Event_2,android.sensor.accelerometer,android.sensor.accelerometer_Event_2.data,498,4,0,0,0,epoch milliseconds (2018-03-08 15:39:32.243000),10.0,
S8_PutFromBottle_1_extracted,Event_2,android.sensor.gyroscope,android.sensor.gyroscope_Event_2.data,498,4,0,0,0,epoch milliseconds (2018-03-08 15:39:32.242000),10.0,
S8_PutFromBottle_1_extracted,Event_3,JinsAccelerometer,JinsAccelerometer_Event_3.data,100,4,0,0,0,epoch milliseconds (2018-03-08 15:39:41.723000),52.0,
S8_PutFromBottle_1_extracted,Event_3,JinsBlinkSpeed,JinsBlinkSpeed_Event_3.data,100,2,0,0,0,epoch milliseconds (2018-03-08 15:39:41.723000),52.0,
S8_PutFromBottle_1_extracted,Event_3,JinsBlinkStrength,JinsBlinkStrength_Event_3.data,100,2,0,0,0,epoch milliseconds (2018-03-08 15:39:41.723000),52.0,
S8_PutFromBottle_1_extracted,Event_3,JinsEyeMovement,JinsEyeMovement_Event_3.data,100,5,0,0,0,epoch milliseconds (2018-03-08 15:39:41.723000),52.0,
S8_PutFromBottle_1_extracted,Event_3,JinsGyroscope,JinsGyroscope_Event_3.data,100,4,0,0,0,epoch milliseconds (2018-03-08 15:39:41.723000),52.0,
S8_PutFromBottle_1_extracted,Event_3,PhoneAccelerometer,PhoneAccelerometer_Event_3.data,1008,4,0,0,0,epoch milliseconds (2018-03-08 15:39:41.674000),5.0,
S8_PutFromBottle_1_extracted,Event_3,PhoneGravity,PhoneGravity_Event_3.data,1005,4,0,0,0,epoch milliseconds (2018-03-08 15:39:41.674000),5.0,
S8_PutFromBottle_1_extracted,Event_3,PhoneGyroscope,PhoneGyroscope_Event_3.data,1005,4,0,0,0,epoch milliseconds (2018-03-08 15:39:41.676000),5.0,
S8_PutFromBottle_1_extracted,Event_3,PhoneLinearAccelerometer,PhoneLinearAccelerometer_Event_3.data,1006,4,0,0,0,epoch milliseconds (2018-03-08 15:39:41.677000),5.0,
S8_PutFromBottle_1_extracted,Event_3,PhoneMagnetometer,PhoneMagnetometer_Event_3.data,502,4,0,0,0,epoch milliseconds (2018-03-08 15:39:41.675000),10.0,
S8_PutFromBottle_1_extracted,Event_3,android.sensor.accelerometer,android.sensor.accelerometer_Event_3.data,499,4,0,0,0,epoch milliseconds (2018-03-08 15:39:41.680000),10.0,
S8_PutFromBottle_1_extracted,Event_3,android.sensor.gyroscope,android.sensor.gyroscope_Event_3.data,499,4,0,0,0,epoch milliseconds (2018-03-08 15:39:41.675000),10.0,
S8_PutFromBottle_1_extracted,Event_4,JinsAccelerometer,JinsAccelerometer_Event_4.data,100,4,0,0,0,epoch milliseconds (2018-03-08 15:39:50.755000),52.0,
S8_PutFromBottle_1_extracted,Event_4,JinsBlinkSpeed,JinsBlinkSpeed_Event_4.data,100,2,0,0,0,epoch milliseconds (2018-03-08 15:39:50.755000),52.0,
S8_PutFromBottle_1_extracted,Event_4,JinsBlinkStrength,JinsBlinkStrength_Event_4.data,100,2,0,0,0,epoch milliseconds (2018-03-08 15:39:50.755000),52.0,
S8_PutFromBottle_1_extracted,Event_4,JinsEyeMovement,JinsEyeMovement_Event_4.data,100,5,0,0,0,epoch milliseconds (2018-03-08 15:39:50.755000),52.0,
S8_PutFromBottle_1_extracted,Event_4,JinsGyroscope,JinsGyroscope_Event_4.data,100,4,0,0,0,epoch milliseconds (2018-03-08 15:39:50.755000),52.0,
S8_PutFromBottle_1_extracted,Event_4,PhoneAccelerometer,PhoneAccelerometer_Event_4.data,1008,4,0,0,0,epoch milliseconds (2018-03-08 15:39:50.738000),5.0,
S8_PutFromBottle_1_extracted,Event_4,PhoneGravity,PhoneGravity_Event_4.data,1006,4,0,0,0,epoch milliseconds (2018-03-08 15:39:50.742000),5.0,
S8_PutFromBottle_1_extracted,Event_4,PhoneGyroscope,PhoneGyroscope_Event_4.data,1006,4,0,0,0,epoch milliseconds (2018-03-08 15:39:50.742000),5.0,
S8_PutFromBottle_1_extracted,Event_4,PhoneLinearAccelerometer,PhoneLinearAccelerometer_Event_4.data,1007,4,0,0,0,epoch milliseconds (2018-03-08 15:39:50.738000),5.0,
S8_PutFromBottle_1_extracted,Event_4,PhoneMagnetometer,PhoneMagnetometer_Event_4.data,501,4,0,0,0,epoch milliseconds (2018-03-08 15:39:50.747000),10.0,
S8_PutFromBottle_1_extracted,Event_4,android.sensor.accelerometer,android.sensor.accelerometer_Event_4.data,498,4,0,0,0,epoch milliseconds (2018-03-08 15:39:50.746000),10.0,
S8_PutFromBottle_1_extracted,Event_4,android.sensor.gyroscope,android.sensor.gyroscope_Event_4.data,499,4,0,0,0,epoch milliseconds (2018-03-08 15:39:50.741000),10.0,
S8_PutFromBottle_1_extracted,Event_5,JinsAccelerometer,JinsAccelerometer_Event_5.data,100,4,0,0,0,epoch milliseconds (2018-03-08 15:40:00.385000),53.0,
S8_PutFromBottle_1_extracted,Event_5,JinsBlinkSpeed,JinsBlinkSpeed_Event_5.data,100,2,0,0,0,epoch milliseconds (2018-03-08 15:40:00.385000),53.0,
S8_PutFromBottle_1_extracted,Event_5,JinsBlinkStrength,JinsBlinkStrength_Event_5.data,100,2,0,0,0,epoch milliseconds (2018-03-08 15:40:00.385000),53.0,
S8_PutFromBottle_1_extracted,Event_5,JinsEyeMovement,JinsEyeMovement_Event_5.data,100,5,0,0,0,epoch milliseconds (2018-03-08 15:40:00.385000),53.0,
S8_PutFromBottle_1_extracted,Event_5,JinsGyroscope,JinsGyroscope_Event_5.data,100,4,0,0,0,epoch milliseconds (2018-03-08 15:40:00.385000),53.0,
S8_PutFromBottle_1_extracted,Event_5,PhoneAccelerometer,PhoneAccelerometer_Event_5.data,1010,4,0,0,0,epoch milliseconds (2018-03-08 15:40:00.370000),5.0,
S8_PutFromBottle_1_extracted,Event_5,PhoneGravity,PhoneGravity_Event_5.data,1008,4,0,0,0,epoch milliseconds (2018-03-08 15:40:00.370000),5.0,
S8_PutFromBottle_1_extracted,Event_5,PhoneGyroscope,PhoneGyroscope_Event_5.data,1007,4,0,0,0,epoch milliseconds (2018-03-08 15:40:00.374000),5.0,
S8_PutFromBottle_1_extracted,Event_5,PhoneLinearAccelerometer,PhoneLinearAccelerometer_Event_5.data,1007,4,0,0,0,epoch milliseconds (2018-03-08 15:40:00.372000),5.0,
S8_PutFromBottle_1_extracted,Event_5,PhoneMagnetometer,PhoneMagnetometer_Event_5.data,506,4,0,0,0,epoch milliseconds (2018-03-08 15:40:00.372000),10.0,
S8_PutFromBottle_1_extracted,Event_5,android.sensor.accelerometer,android.sensor.accelerometer_Event_5.data,508,4,0,0,0,epoch milliseconds (2018-03-08 15:40:00.370000),10.0,
S8_PutFromBottle_1_extracted,Event_5,android.sensor.gyroscope,android.sensor.gyroscope_Event_5.data,508,4,0,0,0,epoch milliseconds (2018-03-08 15:40:00.377000),10.0,
S8_PutFromBottle_1_extracted,Event_6,JinsAccelerometer,JinsAccelerometer_Event_6.data,100,4,0,0,0,epoch milliseconds (2018-03-08 15:40:09.598000),53.0,
S8_PutFromBottle_1_extracted,Event_6,JinsBlinkSpeed,JinsBlinkSpeed_Event_6.data,100,2,0,0,0,epoch milliseconds (2018-03-08 15:40:09.598000),53.0,
S8_PutFromBottle_1_extracted,Event_6,JinsBlinkStrength,JinsBlinkStrength_Event_6.data,100,2,0,0,0,epoch milliseconds (2018-03-08 15:40:09.598000),53.0,
S8_PutFromBottle_1_extracted,Event_6,JinsEyeMovement,JinsEyeMovement_Event_6.data,100,5,0,0,0,epoch milliseconds (2018-03-08 15:40:09.598000),53.0,
S8_PutFromBottle_1_extracted,Event_6,JinsGyroscope,JinsGyroscope_Event_6.data,100,4,0,0,0,epoch milliseconds (2018-03-08 15:40:09.598000),53.0,
S8_PutFromBottle_1_extracted,Event_6,PhoneAccelerometer,PhoneAccelerometer_Event_6.data,1006,4,0,0,0,epoch milliseconds (2018-03-08 15:40:09.579000),5.0,
S8_PutFromBottle_1_extracted,Event_6,PhoneGravity,PhoneGravity_Event_6.data,1006,4,0,0,0,epoch milliseconds (2018-03-08 15:40:09.580000),5.0,
S8_PutFromBottle_1_extracted,Event_6,PhoneGyroscope,PhoneGyroscope_Event_6.data,1006,4,0,0,0,epoch milliseconds (2018-03-08 15:40:09.580000),5.0,
S8_PutFromBottle_1_extracted,Event_6,PhoneLinearAccelerometer,PhoneLinearAccelerometer_Event_6.data,1007,4,0,0,0,epoch milliseconds (2018-03-08 15:40:09.580000),5.0,
S8_PutFromBottle_1_extracted,Event_6,PhoneMagnetometer,PhoneMagnetometer_Event_6.data,500,4,0,0,0,epoch milliseconds (2018-03-08 15:40:09.587000),10.0,
S8_PutFromBottle_1_extracted,Event_6,android.sensor.accelerometer,android.sensor.accelerometer_Event_6.data,492,4,0,0,0,epoch milliseconds (2018-03-08 15:40:09.587000),10.0,
S8_PutFromBottle_1_extracted,Event_6,android.sensor.gyroscope,android.sensor.gyroscope_Event_6.data,493,4,0,0,0,epoch milliseconds (2018-03-08 15:40:09.581000),10.0,
S8_PutFromBottle_2_extracted,Event_0,JinsAccelerometer,JinsAccelerometer_Event_0.data,100,4,0,0,0,epoch milliseconds (2018-03-08 15:41:40.239000),53.0,
S8_PutFromBottle_2_extracted,Event_0,JinsBlinkSpeed,JinsBlinkSpeed_Event_0.data,100,2,0,0,0,epoch milliseconds (2018-03-08 15:41:40.239000),53.0,
S8_PutFromBottle_2_extracted,Event_0,JinsBlinkStrength,JinsBlinkStrength_Event_0.data,100,2,0,0,0,epoch milliseconds (2018-03-08 15:41:40.239000),53.0,
S8_PutFromBottle_2_extracted,Event_0,JinsEyeMovement,JinsEyeMovement_Event_0.data,100,5,0,0,0,epoch milliseconds (2018-03-08 15:41:40.239000),53.0,
S8_PutFromBottle_2_extracted,Event_0,JinsGyroscope,JinsGyroscope_Event_0.data,100,4,0,0,0,epoch milliseconds (2018-03-08 15:41:40.239000),53.0,
S8_PutFromBottle_2_extracted,Event_0,PhoneAccelerometer,PhoneAccelerometer_Event_0.data,1008,4,0,0,0,epoch milliseconds (2018-03-08 15:41:40.211000),5.0,
S8_PutFromBottle_2_extracted,Event_0,PhoneGravity,PhoneGravity_Event_0.data,1006,4,0,0,0,epoch milliseconds (2018-03-08 15:41:40.215000),5.0,
S8_PutFromBottle_2_extracted,Event_0,PhoneGyroscope,PhoneGyroscope_Event_0.data,1009,4,0,0,0,epoch milliseconds (2018-03-08 15:41:40.211000),5.0,
S8_PutFromBottle_2_extracted,Event_0,PhoneLinearAccelerometer,PhoneLinearAccelerometer_Event_0.data,1007,4,0,0,0,epoch milliseconds (2018-03-08 15:41:40.212000),5.0,
S8_PutFromBottle_2_extracted,Event_0,PhoneMagnetometer,PhoneMagnetometer_Event_0.data,502,4,0,0,0,epoch milliseconds (2018-03-08 15:41:40.217000),10.0,
S8_PutFromBottle_2_extracted,Event_0,android.sensor.accelerometer,android.sensor.accelerometer_Event_0.data,498,4,0,0,0,epoch milliseconds (2018-03-08 15:41:40.217000),10.0,
S8_PutFromBottle_2_extracted,Event_0,android.sensor.gyroscope,android.sensor.gyroscope_Event_0.data,499,4,0,0,0,epoch milliseconds (2018-03-08 15:41:40.214000),10.0,
S8_PutFromBottle_2_extracted,Event_1,JinsAccelerometer,JinsAccelerometer_Event_1.data,100,4,0,0,0,epoch milliseconds (2018-03-08 15:41:49.297000),52.0,
S8_PutFromBottle_2_extracted,Event_1,JinsBlinkSpeed,JinsBlinkSpeed_Event_1.data,100,2,0,0,0,epoch milliseconds (2018-03-08 15:41:49.297000),52.0,
S8_PutFromBottle_2_extracted,Event_1,JinsBlinkStrength,JinsBlinkStrength_Event_1.data,100,2,0,0,0,epoch milliseconds (2018-03-08 15:41:49.297000),52.0,
S8_PutFromBottle_2_extracted,Event_1,JinsEyeMovement,JinsEyeMovement_Event_1.data,100,5,0,0,0,epoch milliseconds (2018-03-08 15:41:49.297000),52.0,
S8_PutFromBottle_2_extracted,Event_1,JinsGyroscope,JinsGyroscope_Event_1.data,100,4,0,0,0,epoch milliseconds (2018-03-08 15:41:49.297000),52.0,
S8_PutFromBottle_2_extracted,Event_1,PhoneAccelerometer,PhoneAccelerometer_Event_1.data,1012,4,0,0,0,epoch milliseconds (2018-03-08 15:41:49.273000),5.0,
S8_PutFromBottle_2_extracted,Event_1,PhoneGravity,PhoneGravity_Event_1.data,1006,4,0,0,0,epoch milliseconds (2018-03-08 15:41:49.277000),5.0,
S8_PutFromBottle_2_extracted,Event_1,PhoneGyroscope,PhoneGyroscope_Event_1.data,1007,4,0,0,0,epoch milliseconds (2018-03-08 15:41:49.274000),5.0,
S8_PutFromBottle_2_extracted,Event_1,PhoneLinearAccelerometer,PhoneLinearAccelerometer_Event_1.data,1007,4,0,0,0,epoch milliseconds (2018-03-08 15:41:49.273000),5.0,
S8_PutFromBottle_2_extracted,Event_1,PhoneMagnetometer,PhoneMagnetometer_Event_1.data,501,4,0,0,0,epoch milliseconds (2018-03-08 15:41:49.275000),10.0,
S8_PutFromBottle_2_extracted,Event_1,android.sensor.accelerometer,android.sensor.accelerometer_Event_1.data,496,4,0,0,0,epoch milliseconds (2018-03-08 15:41:49.278000),10.0,
S8_PutFromBottle_2_extracted,Event_1,android.sensor.gyroscope,android.sensor.gyroscope_Event_1.data,497,4,0,0,0,epoch milliseconds (2018-03-08 15:41:49.274000),10.0,
S8_PutFromBottle_2_extracted,Event_2,JinsAccelerometer,JinsAccelerometer_Event_2.data,100,4,0,0,0,epoch milliseconds (2018-03-08 15:41:56.465000),52.0,
S8_PutFromBottle_2_extracted,Event_2,JinsBlinkSpeed,JinsBlinkSpeed_Event_2.data,100,2,0,0,0,epoch milliseconds (2018-03-08 15:41:56.465000),52.0,
S8_PutFromBottle_2_extracted,Event_2,JinsBlinkStrength,JinsBlinkStrength_Event_2.data,100,2,0,0,0,epoch milliseconds (2018-03-08 15:41:56.465000),52.0,
S8_PutFromBottle_2_extracted,Event_2,JinsEyeMovement,JinsEyeMovement_Event_2.data,100,5,0,0,0,epoch milliseconds (2018-03-08 15:41:56.465000),52.0,
S8_PutFromBottle_2_extracted,Event_2,JinsGyroscope,JinsGyroscope_Event_2.data,100,4,0,0,0,epoch milliseconds (2018-03-08 15:41:56.465000),52.0,
S8_PutFromBottle_2_extracted,Event_2,PhoneAccelerometer,PhoneAccelerometer_Event_2.data,1006,4,0,0,0,epoch milliseconds (2018-03-08 15:41:56.415000),5.0,
S8_PutFromBottle_2_extracted,Event_2,PhoneGravity,PhoneGravity_Event_2.data,1006,4,0,0,0,epoch milliseconds (2018-03-08 15:41:56.415000),5.0,
S8_PutFromBottle_2_extracted,Event_2,PhoneGyroscope,PhoneGyroscope_Event_2.data,1007,4,0,0,0,epoch milliseconds (2018-03-08 15:41:56.417000),5.0,
S8_PutFromBottle_2_extracted,Event_2,PhoneLinearAccelerometer,PhoneLinearAccelerometer_Event_2.data,1007,4,0,0,0,epoch milliseconds (2018-03-08 15:41:56.416000),5.0,
S8_PutFromBottle_2_extracted,Event_2,PhoneMagnetometer,PhoneMagnetometer_Event_2.data,500,4,0,0,0,epoch milliseconds (2018-03-08 15:41:56.419000),10.0,
S8_PutFromBottle_2_extracted,Event_2,android.sensor.accelerometer,android.sensor.accelerometer_Event_2.data,505,4,0,0,0,epoch milliseconds (2018-03-08 15:41:56.417000),10.0,
S8_PutFromBottle_2_extracted,Event_2,android.sensor.gyroscope,android.sensor.gyroscope_Event_2.data,504,4,0,0,0,epoch milliseconds (2018-03-08 15:41:56.417000),10.0,
S8_PutFromBottle_2_extracted,Event_3,JinsAccelerometer,JinsAccelerometer_Event_3.data,100,4,0,0,0,epoch milliseconds (2018-03-08 15:42:04.894000),52.0,
S8_PutFromBottle_2_extracted,Event_3,JinsBlinkSpeed,JinsBlinkSpeed_Event_3.data,100,2,0,0,0,epoch milliseconds (2018-03-08 15:42:04.894000),52.0,
S8_PutFromBottle_2_extracted,Event_3,JinsBlinkStrength,JinsBlinkStrength_Event_3.data,100,2,0,0,0,epoch milliseconds (2018-03-08 15:42:04.894000),52.0,
S8_PutFromBottle_2_extracted,Event_3,JinsEyeMovement,JinsEyeMovement_Event_3.data,100,5,0,0,0,epoch milliseconds (2018-03-08 15:42:04.894000),52.0,
S8_PutFromBottle_2_extracted,Event_3,JinsGyroscope,JinsGyroscope_Event_3.data,100,4,0,0,0,epoch milliseconds (2018-03-08 15:42:04.894000),52.0,
S8_PutFromBottle_2_extracted,Event_3,PhoneAccelerometer,PhoneAccelerometer_Event_3.data,1006,4,0,0,0,epoch milliseconds (2018-03-08 15:42:04.861000),5.0,
S8_PutFromBottle_2_extracted,Event_3,PhoneGravity,PhoneGravity_Event_3.data,1008,4,0,0,0,epoch milliseconds (2018-03-08 15:42:04.859000),5.0,
S8_PutFromBottle_2_extracted,Event_3,PhoneGyroscope,PhoneGyroscope_Event_3.data,1006,4,0,0,0,epoch milliseconds (2018-03-08 15:42:04.860000),5.0,
S8_PutFromBottle_2_extracted,Event_3,PhoneLinearAccelerometer,PhoneLinearAccelerometer_Event_3.data,1006,4,0,0,0,epoch milliseconds (2018-03-08 15:42:04.860000),5.0,
S8_PutFromBottle_2_extracted,Event_3,PhoneMagnetometer,PhoneMagnetometer_Event_3.data,501,4,0,0,0,epoch milliseconds (2018-03-08 15:42:04.857000),10.0,
S8_PutFromBottle_2_extracted,Event_3,android.sensor.accelerometer,android.sensor.accelerometer_Event_3.data,495,4,0,0,0,epoch milliseconds (2018-03-08 15:42:04.857000),10.0,
S8_PutFromBottle_2_extracted,Event_3,android.sensor.gyroscope,android.sensor.gyroscope_Event_3.data,495,4,0,0,0,epoch milliseconds (2018-03-08 15:42:04.861000),10.0,
S8_PutFromBottle_2_extracted,Event_4,JinsAccelerometer,JinsAccelerometer_Event_4.data,100,4,0,0,0,epoch milliseconds (2018-03-08 15:42:13.214000),52.0,
S8_PutFromBottle_2_extracted,Event_4,JinsBlinkSpeed,JinsBlinkSpeed_Event_4.data,100,2,0,0,0,epoch milliseconds (2018-03-08 15:42:13.214000),52.0,
S8_PutFromBottle_2_extracted,Event_4,JinsBlinkStrength,JinsBlinkStrength_Event_4.data,100,2,0,0,0,epoch milliseconds (2018-03-08 15:42:13.214000),52.0,
S8_PutFromBottle_2_extracted,Event_4,JinsEyeMovement,JinsEyeMovement_Event_4.data,100,5,0,0,0,epoch milliseconds (2018-03-08 15:42:13.214000),52.0,
S8_PutFromBottle_2_extracted,Event_4,JinsGyroscope,JinsGyroscope_Event_4.data,100,4,0,0,0,epoch milliseconds (2018-03-08 15:42:13.214000),52.0,
S8_PutFromBottle_2_extracted,Event_4,PhoneAccelerometer,PhoneAccelerometer_Event_4.data,1007,4,0,0,0,epoch milliseconds (2018-03-08 15:42:13.194000),5.0,
S8_PutFromBottle_2_extracted,Event_4,PhoneGravity,PhoneGravity_Event_4.data,1006,4,0,0,0,epoch milliseconds (2018-03-08 15:42:13.195000),5.0,
S8_PutFromBottle_2_extracted,Event_4,PhoneGyroscope,PhoneGyroscope_Event_4.data,1008,4,0,0,0,epoch milliseconds (2018-03-08 15:42:13.195000),5.0,
S8_PutFromBottle_2_extracted,Event_4,PhoneLinearAccelerometer,PhoneLinearAccelerometer_Event_4.data,1007,4,0,0,0,epoch milliseconds (2018-03-08 15:42:13.194000),5.0,
S8_PutFromBottle_2_extracted,Event_4,PhoneMagnetometer,PhoneMagnetometer_Event_4.data,501,4,0,0,0,epoch milliseconds (2018-03-08 15:42:13.195000),10.0,
S8_PutFromBottle_2_extracted,Event_4,android.sensor.accelerometer,android.sensor.accelerometer_Event_4.data,493,4,0,0,0,epoch milliseconds (2018-03-08 15:42:13.202000),10.0,
S8_PutFromBottle_2_extracted,Event_4,android.sensor.gyroscope,android.sensor.gyroscope_Event_4.data,493,4,0,0,0,epoch milliseconds (2018-03-08 15:42:13.199000),10.0,
S8_PutFromBottle_2_extracted,Event_5,JinsAccelerometer,JinsAccelerometer_Event_5.data,101,4,0,0,0,epoch milliseconds (2018-03-08 15:42:21.666000),52.5,
S8_PutFromBottle_2_extracted,Event_5,JinsBlinkSpeed,JinsBlinkSpeed_Event_5.data,101,2,0,0,0,epoch milliseconds (2018-03-08 15:42:21.666000),52.5,
S8_PutFromBottle_2_extracted,Event_5,JinsBlinkStrength,JinsBlinkStrength_Event_5.data,101,2,0,0,0,epoch milliseconds (2018-03-08 15:42:21.666000),52.5,
S8_PutFromBottle_2_extracted,Event_5,JinsEyeMovement,JinsEyeMovement_Event_5.data,101,5,0,0,0,epoch milliseconds (2018-03-08 15:42:21.666000),52.5,
S8_PutFromBottle_2_extracted,Event_5,JinsGyroscope,JinsGyroscope_Event_5.data,101,4,0,0,0,epoch milliseconds (2018-03-08 15:42:21.666000),52.5,
S8_PutFromBottle_2_extracted,Event_5,PhoneAccelerometer,PhoneAccelerometer_Event_5.data,1005,4,0,0,0,epoch milliseconds (2018-03-08 15:42:21.668000),5.0,
S8_PutFromBottle_2_extracted,Event_5,PhoneGravity,PhoneGravity_Event_5.data,1007,4,0,0,0,epoch milliseconds (2018-03-08 15:42:21.667000),5.0,
S8_PutFromBottle_2_extracted,Event_5,PhoneGyroscope,PhoneGyroscope_Event_5.data,1007,4,0,0,0,epoch milliseconds (2018-03-08 15:42:21.669000),5.0,
S8_PutFromBottle_2_extracted,Event_5,PhoneLinearAccelerometer,PhoneLinearAccelerometer_Event_5.data,1007,4,0,0,0,epoch milliseconds (2018-03-08 15:42:21.666000),5.0,
S8_PutFromBottle_2_extracted,Event_5,PhoneMagnetometer,PhoneMagnetometer_Event_5.data,501,4,0,0,0,epoch milliseconds (2018-03-08 15:42:21.668000),10.0,
S8_PutFromBottle_2_extracted,Event_5,android.sensor.accelerometer,android.sensor.accelerometer_Event_5.data,491,4,0,0,0,epoch milliseconds (2018-03-08 15:42:21.674000),10.0,
S8_PutFromBottle_2_extracted,Event_5,android.sensor.gyroscope,android.sensor.gyroscope_Event_5.data,492,4,0,0,0,epoch milliseconds (2018-03-08 15:42:21.667000),10.0,
S8_PutFromBottle_2_extracted,Event_6,JinsAccelerometer,JinsAccelerometer_Event_6.data,101,4,0,0,0,epoch milliseconds (2018-03-08 15:42:29.860000),52.0,
S8_PutFromBottle_2_extracted,Event_6,JinsBlinkSpeed,JinsBlinkSpeed_Event_6.data,101,2,0,0,0,epoch milliseconds (2018-03-08 15:42:29.860000),52.0,
S8_PutFromBottle_2_extracted,Event_6,JinsBlinkStrength,JinsBlinkStrength_Event_6.data,101,2,0,0,0,epoch milliseconds (2018-03-08 15:42:29.860000),52.0,
S8_PutFromBottle_2_extracted,Event_6,JinsEyeMovement,JinsEyeMovement_Event_6.data,101,5,0,0,0,epoch milliseconds (2018-03-08 15:42:29.860000),52.0,
S8_PutFromBottle_2_extracted,Event_6,JinsGyroscope,JinsGyroscope_Event_6.data,101,4,0,0,0,epoch milliseconds (2018-03-08 15:42:29.860000),52.0,
S8_PutFromBottle_2_extracted,Event_6,PhoneAccelerometer,PhoneAccelerometer_Event_6.data,1007,4,0,0,0,epoch milliseconds (2018-03-08 15:42:29.852000),5.0,
S8_PutFromBottle_2_extracted,Event_6,PhoneGravity,PhoneGravity_Event_6.data,1006,4,0,0,0,epoch milliseconds (2018-03-08 15:42:29.851000),5.0,
S8_PutFromBottle_2_extracted,Event_6,PhoneGyroscope,PhoneGyroscope_Event_6.data,1005,4,0,0,0,epoch milliseconds (2018-03-08 15:42:29.853000),5.0,
S8_PutFromBottle_2_extracted,Event_6,PhoneLinearAccelerometer,PhoneLinearAccelerometer_Event_6.data,1006,4,0,0,0,epoch milliseconds (2018-03-08 15:42:29.852000),5.0,
S8_PutFromBottle_2_extracted,Event_6,PhoneMagnetometer,PhoneMagnetometer_Event_6.data,501,4,0,0,0,epoch milliseconds (2018-03-08 15:42:29.857000),10.0,
S8_PutFromBottle_2_extracted,Event_6,android.sensor.accelerometer,android.sensor.accelerometer_Event_6.data,496,4,0,0,0,epoch milliseconds (2018-03-08 15:42:29.850000),10.0,
S8_PutFromBottle_2_extracted,Event_6,android.sensor.gyroscope,android.sensor.gyroscope_Event_6.data,496,4,0,0,0,epoch milliseconds (2018-03-08 15:42:29.853000),10.0,
